qaoa_label,num_qubits,profile_name,trial_id,predicted_qaoa_label,correct,best_template_mae_ns,second_best_template_mae_ns,template_margin_ns
qaoa_n5,5,clean,0,qaoa_n5,True,0.0,109.79166666666667,109.79166666666667
qaoa_n6,6,clean,0,qaoa_n6,True,0.0,6.875,6.875
qaoa_n7,7,clean,0,qaoa_n7,True,0.0,4.583333333333333,4.583333333333333
qaoa_n8,8,clean,0,qaoa_n8,True,0.0,4.583333333333333,4.583333333333333
qaoa_n9,9,clean,0,qaoa_n9,True,0.0,102.70833333333333,102.70833333333333
qaoa_n10,10,clean,0,qaoa_n10,True,0.0,81.45833333333333,81.45833333333333
qaoa_n11,11,clean,0,qaoa_n11,True,0.0,18.333333333333332,18.333333333333332
qaoa_n12,12,clean,0,qaoa_n12,True,0.0,32.291666666666664,32.291666666666664
qaoa_n13,13,clean,0,qaoa_n13,True,0.0,13.75,13.75
qaoa_n14,14,clean,0,qaoa_n14,True,0.0,13.75,13.75
qaoa_n15,15,clean,0,qaoa_n15,True,0.0,111.25,111.25
qaoa_n5,5,combined_20ns,0,qaoa_n5,True,2.4875753400342084,109.250606001084,106.76303066104978
qaoa_n5,5,combined_20ns,1,qaoa_n5,True,9.158238134694697,106.76424948625485,97.60601135156016
qaoa_n5,5,combined_20ns,2,qaoa_n5,True,3.1038665666587746,112.37423237537048,109.2703658087117
qaoa_n5,5,combined_20ns,3,qaoa_n5,True,1.6255727959394608,110.83467890677785,109.20910611083839
qaoa_n5,5,combined_20ns,4,qaoa_n5,True,9.128167712545887,112.63243102124066,103.50426330869477
qaoa_n5,5,combined_20ns,5,qaoa_n5,True,3.644901323352798,113.43656799001947,109.79166666666667
qaoa_n5,5,combined_20ns,6,qaoa_n5,True,3.0388144338249012,111.2888385762094,108.2500241423845
qaoa_n5,5,combined_20ns,7,qaoa_n5,True,8.711125036837098,106.65005555573191,97.93893051889481
qaoa_n5,5,combined_20ns,8,qaoa_n5,True,2.089741896816733,109.96024712522369,107.87050522840696
qaoa_n5,5,combined_20ns,9,qaoa_n5,True,1.9028601589084673,109.21888700631547,107.316026847407
qaoa_n6,6,combined_20ns,0,qaoa_n6,True,5.691986233274197,9.620140553105424,3.9281543198312265
qaoa_n6,6,combined_20ns,1,qaoa_n6,True,3.485642680646927,10.360642680646928,6.875
qaoa_n6,6,combined_20ns,2,qaoa_n6,True,5.039280727477808,10.93635580440646,5.897075076928652
qaoa_n6,6,combined_20ns,3,qaoa_n6,True,5.613042201227329,8.405464730458949,2.7924225292316196
qaoa_n6,6,combined_20ns,4,qaoa_n6,True,4.238462615311332,6.845745965962803,2.607283350651471
qaoa_n6,6,combined_20ns,5,qaoa_n7,False,10.25452738879579,11.867017148724136,1.612489759928346
qaoa_n6,6,combined_20ns,6,qaoa_n7,False,8.060618056597276,10.601961454463305,2.5413433978660294
qaoa_n6,6,combined_20ns,7,qaoa_n6,True,6.030817574589463,12.905817574589463,6.875
qaoa_n6,6,combined_20ns,8,qaoa_n6,True,7.002626567409556,9.152213287784999,2.149586720375443
qaoa_n6,6,combined_20ns,9,qaoa_n6,True,6.159775635935097,13.034775635935096,6.874999999999999
qaoa_n7,7,combined_20ns,0,qaoa_n8,False,8.309088456279644,12.892421789612976,4.583333333333332
qaoa_n7,7,combined_20ns,1,qaoa_n8,False,7.067072417299613,9.574539010828346,2.507466593528733
qaoa_n7,7,combined_20ns,2,qaoa_n8,False,5.526666396467903,10.109999729801237,4.583333333333334
qaoa_n7,7,combined_20ns,3,qaoa_n7,True,3.852709252112041,8.436042585445374,4.583333333333334
qaoa_n7,7,combined_20ns,4,qaoa_n8,False,8.437082497107896,13.020415830441229,4.583333333333332
qaoa_n7,7,combined_20ns,5,qaoa_n8,False,13.019579313974921,17.602912647308255,4.583333333333334
qaoa_n7,7,combined_20ns,6,qaoa_n8,False,6.617552324263587,8.073979427207151,1.4564271029435636
qaoa_n7,7,combined_20ns,7,qaoa_n8,False,8.54952439742717,13.132857730760504,4.583333333333334
qaoa_n7,7,combined_20ns,8,qaoa_n7,True,11.07118392474159,12.795003649426354,1.7238197246847644
qaoa_n7,7,combined_20ns,9,qaoa_n8,False,9.794806089602034,14.378139422935368,4.583333333333334
qaoa_n8,8,combined_20ns,0,qaoa_n8,True,16.50840494334463,21.09173827667796,4.583333333333332
qaoa_n8,8,combined_20ns,1,qaoa_n8,True,7.786224835099205,12.369558168432539,4.583333333333334
qaoa_n8,8,combined_20ns,2,qaoa_n8,True,4.209129775102704,8.792463108436037,4.583333333333333
qaoa_n8,8,combined_20ns,3,qaoa_n8,True,9.211139667433438,13.794473000766772,4.583333333333334
qaoa_n8,8,combined_20ns,4,qaoa_n8,True,11.781232562811448,16.364565896144782,4.583333333333334
qaoa_n8,8,combined_20ns,5,qaoa_n8,True,6.982933095378411,11.566266428711744,4.583333333333333
qaoa_n8,8,combined_20ns,6,qaoa_n8,True,7.401570718395153,11.984904051728487,4.583333333333334
qaoa_n8,8,combined_20ns,7,qaoa_n8,True,6.410337627262503,9.891477328685824,3.481139701423321
qaoa_n8,8,combined_20ns,8,qaoa_n8,True,11.30411749232024,15.887450825653573,4.583333333333334
qaoa_n8,8,combined_20ns,9,qaoa_n8,True,11.215487923527805,15.798821256861139,4.583333333333334
qaoa_n9,9,combined_20ns,0,qaoa_n9,True,8.211831020330862,98.70789792872024,90.49606690838938
qaoa_n9,9,combined_20ns,1,qaoa_n9,True,11.632063923287271,94.45267293602649,82.82060901273921
qaoa_n9,9,combined_20ns,2,qaoa_n9,True,17.27820764182552,87.95353353301613,70.67532589119061
qaoa_n9,9,combined_20ns,3,qaoa_n9,True,8.604697455275522,96.43478602893776,87.83008857366224
qaoa_n9,9,combined_20ns,4,qaoa_n9,True,8.867662872478249,102.1370247447187,93.26936187224045
qaoa_n9,9,combined_20ns,5,qaoa_n9,True,7.159088732692266,98.25690825424867,91.0978195215564
qaoa_n9,9,combined_20ns,6,qaoa_n9,True,6.371025652811891,99.0270810282354,92.6560553754235
qaoa_n9,9,combined_20ns,7,qaoa_n9,True,8.720141417701239,99.32849526321775,90.6083538455165
qaoa_n9,9,combined_20ns,8,qaoa_n9,True,7.635063787826252,98.43115496645635,90.79609117863009
qaoa_n9,9,combined_20ns,9,qaoa_n9,True,10.057487140102799,93.6191635120418,83.561676371939
qaoa_n10,10,combined_20ns,0,qaoa_n10,True,9.651384064613612,74.55626930679936,64.90488524218576
qaoa_n10,10,combined_20ns,1,qaoa_n10,True,20.908903541325945,93.47961587149787,72.57071233017193
qaoa_n10,10,combined_20ns,2,qaoa_n10,True,8.296757257714,87.68813356301207,79.39137630529807
qaoa_n10,10,combined_20ns,3,qaoa_n10,True,9.736947976967151,84.0136779932397,74.27673001627255
qaoa_n10,10,combined_20ns,4,qaoa_n10,True,10.728124497089189,86.30610975249154,75.57798525540235
qaoa_n10,10,combined_20ns,5,qaoa_n10,True,15.781361167880727,83.13401532115202,67.35265415327129
qaoa_n10,10,combined_20ns,6,qaoa_n10,True,13.670009418165542,83.3009608299417,69.63095141177615
qaoa_n10,10,combined_20ns,7,qaoa_n10,True,15.313049992111283,82.03645482013518,66.72340482802389
qaoa_n10,10,combined_20ns,8,qaoa_n10,True,14.347821511288688,81.08944978180328,66.7416282705146
qaoa_n10,10,combined_20ns,9,qaoa_n10,True,16.334936104595386,85.86796683781824,69.53303073322286
qaoa_n11,11,combined_20ns,0,qaoa_n11,True,16.49696901384073,26.370374383028985,9.873405369188255
qaoa_n11,11,combined_20ns,1,qaoa_n11,True,12.745943230638012,26.247717761987094,13.501774531349081
qaoa_n11,11,combined_20ns,2,qaoa_n11,True,15.872474527297953,26.888338224812372,11.015863697514419
qaoa_n11,11,combined_20ns,3,qaoa_n11,True,14.94297022503879,27.06910407173068,12.126133846691891
qaoa_n11,11,combined_20ns,4,qaoa_n11,True,11.955812430727333,30.289145764060667,18.333333333333336
qaoa_n11,11,combined_20ns,5,qaoa_n11,True,14.490009258957892,31.735549212749657,17.245539953791763
qaoa_n11,11,combined_20ns,6,qaoa_n11,True,11.04019890848152,28.700047850641926,17.65984894216041
qaoa_n11,11,combined_20ns,7,qaoa_n11,True,9.785319367670455,26.936813269007274,17.15149390133682
qaoa_n11,11,combined_20ns,8,qaoa_n11,True,14.522025359620933,21.736146776347994,7.21412141672706
qaoa_n11,11,combined_20ns,9,qaoa_n11,True,10.971036883211964,29.29649497986229,18.325458096650323
qaoa_n12,12,combined_20ns,0,qaoa_n12,True,7.765056964945572,31.64746784928431,23.88241088433874
qaoa_n12,12,combined_20ns,1,qaoa_n12,True,4.0713276632832125,36.36299432994988,32.291666666666664
qaoa_n12,12,combined_20ns,2,qaoa_n12,True,7.552050691051392,38.86228576393248,31.310235072881092
qaoa_n12,12,combined_20ns,3,qaoa_n12,True,3.5061248379860053,35.79779150465267,32.291666666666664
qaoa_n12,12,combined_20ns,4,qaoa_n12,True,4.629010864510833,36.920677531177496,32.291666666666664
qaoa_n12,12,combined_20ns,5,qaoa_n12,True,3.6692339521421857,35.96090061880886,32.29166666666667
qaoa_n12,12,combined_20ns,6,qaoa_n12,True,5.232657440120113,35.98945157688812,30.756794136768008
qaoa_n12,12,combined_20ns,7,qaoa_n12,True,4.419899696142615,35.94331330310356,31.523413606960943
qaoa_n12,12,combined_20ns,8,qaoa_n12,True,9.184985141508497,29.52072481371212,20.335739672203623
qaoa_n12,12,combined_20ns,9,qaoa_n12,True,10.595142083982859,35.41584141777846,24.820699333795602
qaoa_n13,13,combined_20ns,0,qaoa_n13,True,13.570477492594788,27.32047749259479,13.750000000000002
qaoa_n13,13,combined_20ns,1,qaoa_n13,True,14.230079044099286,26.73040539645886,12.500326352359574
qaoa_n13,13,combined_20ns,2,qaoa_n13,True,10.586325930333507,16.019085132815178,5.432759202481671
qaoa_n13,13,combined_20ns,3,qaoa_n13,True,11.27505527368072,23.70848277740319,12.43342750372247
qaoa_n13,13,combined_20ns,4,qaoa_n13,True,12.174362100929551,18.00368675572992,5.829324654800368
qaoa_n13,13,combined_20ns,5,qaoa_n13,True,16.162442347406458,24.412415648078362,8.249973300671904
qaoa_n13,13,combined_20ns,6,qaoa_n13,True,14.250126360010576,28.00012636001058,13.750000000000004
qaoa_n13,13,combined_20ns,7,qaoa_n13,True,8.80945615996419,13.578306373761743,4.768850213797553
qaoa_n13,13,combined_20ns,8,qaoa_n13,True,17.727526800462325,23.56108388536703,5.8335570849047045
qaoa_n13,13,combined_20ns,9,qaoa_n13,True,10.425279415546445,21.06101602129921,10.635736605752765
qaoa_n14,14,combined_20ns,0,qaoa_n14,True,10.873333985474808,23.641541605984163,12.768207620509354
qaoa_n14,14,combined_20ns,1,qaoa_n14,True,9.009229861180469,22.291653094205852,13.282423233025384
qaoa_n14,14,combined_20ns,2,qaoa_n14,True,9.807497675964418,22.740232612205816,12.932734936241397
qaoa_n14,14,combined_20ns,3,qaoa_n14,True,8.883802337722363,22.376103351912317,13.492301014189954
qaoa_n14,14,combined_20ns,4,qaoa_n14,True,8.706993035181155,22.332880631978114,13.625887596796959
qaoa_n14,14,combined_20ns,5,qaoa_n14,True,9.459941321288431,21.453177001545896,11.993235680257465
qaoa_n14,14,combined_20ns,6,qaoa_n14,True,9.750085453312465,23.500085453312465,13.75
qaoa_n14,14,combined_20ns,7,qaoa_n14,True,8.583744173526446,20.55934029222453,11.975596118698084
qaoa_n14,14,combined_20ns,8,qaoa_n14,True,11.164055035424015,24.914055035424017,13.750000000000002
qaoa_n14,14,combined_20ns,9,qaoa_n14,True,9.536028668848862,20.84647240630591,11.310443737457048
qaoa_n15,15,combined_20ns,0,qaoa_n15,True,13.057726467133513,122.01534951613353,108.957623049
qaoa_n15,15,combined_20ns,1,qaoa_n15,True,12.840120784882517,107.34211672772703,94.50199594284452
qaoa_n15,15,combined_20ns,2,qaoa_n15,True,10.160862721756194,107.10486284252165,96.94400012076547
qaoa_n15,15,combined_20ns,3,qaoa_n15,True,19.339774953656725,106.52367611822147,87.18390116456474
qaoa_n15,15,combined_20ns,4,qaoa_n15,True,11.628310237918372,102.8485232499877,91.22021301206932
qaoa_n15,15,combined_20ns,5,qaoa_n15,True,11.278654435279249,110.34642636101553,99.06777192573628
qaoa_n15,15,combined_20ns,6,qaoa_n15,True,12.597986865181317,101.81326069221114,89.21527382702983
qaoa_n15,15,combined_20ns,7,qaoa_n15,True,12.0189444530819,120.96992900381093,108.95098455072903
qaoa_n15,15,combined_20ns,8,qaoa_n15,True,12.44450468235897,112.63720299865456,100.19269831629559
qaoa_n15,15,combined_20ns,9,qaoa_n15,True,16.987565889652135,119.51478730622235,102.52722141657021
qaoa_n5,5,combined_50ns,0,qaoa_n5,True,7.740364712717612,109.62905302709108,101.88868831437347
qaoa_n5,5,combined_50ns,1,qaoa_n5,True,11.854753023916773,119.09259939970924,107.23784637579247
qaoa_n5,5,combined_50ns,2,qaoa_n5,True,13.31933537614301,101.680664623857,88.36132924771398
qaoa_n5,5,combined_50ns,3,qaoa_n5,True,10.64554445309395,104.35445554690604,93.70891109381209
qaoa_n5,5,combined_50ns,4,qaoa_n5,True,12.001629216323304,114.48708855347952,102.48545933715621
qaoa_n5,5,combined_50ns,5,qaoa_n5,True,13.604063264211419,111.73390554828522,98.1298422840738
qaoa_n5,5,combined_50ns,6,qaoa_n5,True,10.073909278298027,108.33217266796545,98.25826338966742
qaoa_n5,5,combined_50ns,7,qaoa_n5,True,12.08860981456033,106.06936410573842,93.98075429117809
qaoa_n5,5,combined_50ns,8,qaoa_n5,True,12.61240427676279,120.91676751586765,108.30436323910486
qaoa_n5,5,combined_50ns,9,qaoa_n5,True,12.11049421633524,121.9021608830019,109.79166666666666
qaoa_n6,6,combined_50ns,0,qaoa_n6,True,20.55679130620192,23.418718642105656,2.8619273359037365
qaoa_n6,6,combined_50ns,1,qaoa_n7,False,11.958325081810228,13.018546864418068,1.0602217826078402
qaoa_n6,6,combined_50ns,2,qaoa_n8,False,14.384913130852345,18.96824646418568,4.583333333333334
qaoa_n6,6,combined_50ns,3,qaoa_n6,True,20.666272929863883,23.200125933334473,2.5338530034705897
qaoa_n6,6,combined_50ns,4,qaoa_n6,True,16.90698610633471,21.205858389951516,4.298872283616806
qaoa_n6,6,combined_50ns,5,qaoa_n7,False,14.969800400712638,17.131777289502192,2.161976888789555
qaoa_n6,6,combined_50ns,6,qaoa_n7,False,13.828548480803677,15.264338863517104,1.4357903827134262
qaoa_n6,6,combined_50ns,7,qaoa_n7,False,20.01846538320158,24.493582617322584,4.475117234121004
qaoa_n6,6,combined_50ns,8,qaoa_n6,True,11.723554108057497,18.598554108057495,6.874999999999998
qaoa_n6,6,combined_50ns,9,qaoa_n7,False,10.862451669023512,15.445785002356844,4.583333333333332
qaoa_n7,7,combined_50ns,0,qaoa_n8,False,27.950455992966187,28.759131908911474,0.8086759159452868
qaoa_n7,7,combined_50ns,1,qaoa_n8,False,19.202606413072953,23.785939746406285,4.583333333333332
qaoa_n7,7,combined_50ns,2,qaoa_n8,False,22.924056037744705,27.507389371078037,4.583333333333332
qaoa_n7,7,combined_50ns,3,qaoa_n8,False,15.78215084940952,20.365484182742854,4.583333333333334
qaoa_n7,7,combined_50ns,4,qaoa_n8,False,26.877131922936925,28.592475808413187,1.715343885476262
qaoa_n7,7,combined_50ns,5,qaoa_n8,False,23.032042381447212,27.615375714780544,4.583333333333332
qaoa_n7,7,combined_50ns,6,qaoa_n8,False,16.114097058236414,20.69743039156975,4.583333333333336
qaoa_n7,7,combined_50ns,7,qaoa_n8,False,15.968440975140501,20.551774308473835,4.583333333333334
qaoa_n7,7,combined_50ns,8,qaoa_n8,False,20.0571418181063,24.64047515143963,4.583333333333332
qaoa_n7,7,combined_50ns,9,qaoa_n8,False,21.355012554975037,25.938345888308373,4.583333333333336
qaoa_n8,8,combined_50ns,0,qaoa_n8,True,15.428511337863725,20.011844671197057,4.583333333333332
qaoa_n8,8,combined_50ns,1,qaoa_n8,True,17.600850085879248,22.184183419212584,4.583333333333336
qaoa_n8,8,combined_50ns,2,qaoa_n8,True,18.784544760382428,23.367878093715763,4.583333333333336
qaoa_n8,8,combined_50ns,3,qaoa_n8,True,20.797321794005068,25.3806551273384,4.583333333333332
qaoa_n8,8,combined_50ns,4,qaoa_n8,True,26.657950757888404,31.24128409122174,4.583333333333336
qaoa_n8,8,combined_50ns,5,qaoa_n8,True,23.320613617481275,27.04452287635644,3.723909258875164
qaoa_n8,8,combined_50ns,6,qaoa_n8,True,17.802719187207487,22.38605252054082,4.583333333333332
qaoa_n8,8,combined_50ns,7,qaoa_n8,True,13.131130334411383,17.714463667744717,4.583333333333334
qaoa_n8,8,combined_50ns,8,qaoa_n8,True,14.612427251618284,19.195760584951618,4.583333333333334
qaoa_n8,8,combined_50ns,9,qaoa_n8,True,20.79587572524534,25.37920905857867,4.583333333333329
qaoa_n9,9,combined_50ns,0,qaoa_n9,True,26.965984482381582,110.58664432551716,83.62065984313557
qaoa_n9,9,combined_50ns,1,qaoa_n9,True,24.700061848163475,85.87987801508056,61.17981616691709
qaoa_n9,9,combined_50ns,2,qaoa_n9,True,17.55031923558624,89.09913018576502,71.54881095017878
qaoa_n9,9,combined_50ns,3,qaoa_n9,True,20.34073514605518,99.09196400486985,78.75122885881467
qaoa_n9,9,combined_50ns,4,qaoa_n9,True,22.692893018251056,94.34729141679884,71.65439839854778
qaoa_n9,9,combined_50ns,5,qaoa_n9,True,23.408665597229888,89.36007746100415,65.95141186377427
qaoa_n9,9,combined_50ns,6,qaoa_n9,True,35.424616157494285,91.1198351505243,55.69521899303001
qaoa_n9,9,combined_50ns,7,qaoa_n9,True,26.211680618546186,104.29109882216274,78.07941820361656
qaoa_n9,9,combined_50ns,8,qaoa_n9,True,26.196224313945866,92.7908573257107,66.59463301176484
qaoa_n9,9,combined_50ns,9,qaoa_n9,True,15.408017814359264,101.13149487540606,85.7234770610468
qaoa_n10,10,combined_50ns,0,qaoa_n10,True,24.525049276539814,87.48461879808684,62.959569521547024
qaoa_n10,10,combined_50ns,1,qaoa_n10,True,17.876621140435642,81.4213028238495,63.544681683413856
qaoa_n10,10,combined_50ns,2,qaoa_n10,True,31.93724222139873,98.4807383548697,66.54349613347097
qaoa_n10,10,combined_50ns,3,qaoa_n10,True,41.503024759356435,90.32656320260948,48.82353844325304
qaoa_n10,10,combined_50ns,4,qaoa_n10,True,28.698314246472467,95.1769208681986,66.47860662172613
qaoa_n10,10,combined_50ns,5,qaoa_n10,True,22.06141164532319,87.26118824298271,65.19977659765952
qaoa_n10,10,combined_50ns,6,qaoa_n10,True,36.244494850417816,101.3796396044197,65.13514475400189
qaoa_n10,10,combined_50ns,7,qaoa_n10,True,35.66947019535104,92.4216672578007,56.75219706244967
qaoa_n10,10,combined_50ns,8,qaoa_n10,True,25.28585262419047,84.72861657226436,59.44276394807389
qaoa_n10,10,combined_50ns,9,qaoa_n10,True,41.30099361986546,78.86646836129816,37.5654747414327
qaoa_n11,11,combined_50ns,0,qaoa_n11,True,41.08921051151369,47.041751611236855,5.952541099723163
qaoa_n11,11,combined_50ns,1,qaoa_n11,True,35.780752692198725,37.273365666099096,1.4926129739003713
qaoa_n11,11,combined_50ns,2,qaoa_n11,True,37.27848654146087,46.554384370439685,9.275897828978813
qaoa_n11,11,combined_50ns,3,qaoa_n14,False,25.232704348680773,37.730261853784306,12.497557505103533
qaoa_n11,11,combined_50ns,4,qaoa_n11,True,30.009238528242435,45.93314922187312,15.923910693630688
qaoa_n11,11,combined_50ns,5,qaoa_n11,True,20.150293216874903,35.182841717831046,15.032548500956143
qaoa_n11,11,combined_50ns,6,qaoa_n11,True,30.18454060910595,40.46826422979487,10.283723620688917
qaoa_n11,11,combined_50ns,7,qaoa_n11,True,23.1542331631971,31.220635914259134,8.066402751062032
qaoa_n11,11,combined_50ns,8,qaoa_n14,False,29.160826293215333,36.07863699727953,6.917810704064198
qaoa_n11,11,combined_50ns,9,qaoa_n14,False,34.195021503457625,35.801792643979624,1.6067711405219995
qaoa_n12,12,combined_50ns,0,qaoa_n12,True,11.188581451082603,43.48024811774926,32.29166666666666
qaoa_n12,12,combined_50ns,1,qaoa_n12,True,14.760278370467583,47.05194503713426,32.29166666666668
qaoa_n12,12,combined_50ns,2,qaoa_n12,True,12.993644677983204,42.80653329873695,29.812888620753746
qaoa_n12,12,combined_50ns,3,qaoa_n12,True,10.171558499646244,40.30614313053865,30.134584630892405
qaoa_n12,12,combined_50ns,4,qaoa_n12,True,19.76371433700288,52.055381003669545,32.291666666666664
qaoa_n12,12,combined_50ns,5,qaoa_n12,True,14.480609507246363,41.42810210789124,26.94749260064488
qaoa_n12,12,combined_50ns,6,qaoa_n12,True,23.436332198175194,55.72799886484185,32.29166666666666
qaoa_n12,12,combined_50ns,7,qaoa_n12,True,6.750598025733346,38.36314444047027,31.612546414736926
qaoa_n12,12,combined_50ns,8,qaoa_n12,True,17.118106044626106,34.42064788042194,17.302541835795832
qaoa_n12,12,combined_50ns,9,qaoa_n12,True,32.4548586216869,64.74652528835357,32.291666666666664
qaoa_n13,13,combined_50ns,0,qaoa_n14,False,18.013077734506165,20.690815607661712,2.6777378731555466
qaoa_n13,13,combined_50ns,1,qaoa_n13,True,29.94732892222693,33.4783119856391,3.5309830634121724
qaoa_n13,13,combined_50ns,2,qaoa_n14,False,19.34344850631926,29.72597083120641,10.382522324887152
qaoa_n13,13,combined_50ns,3,qaoa_n13,True,35.16550225961763,48.91550225961763,13.75
qaoa_n13,13,combined_50ns,4,qaoa_n13,True,29.087715466852007,32.997037985527086,3.9093225186750793
qaoa_n13,13,combined_50ns,5,qaoa_n13,True,24.796861394390362,33.59156950110816,8.794708106717799
qaoa_n13,13,combined_50ns,6,qaoa_n13,True,17.747285278667505,23.38114858924638,5.6338633105788745
qaoa_n13,13,combined_50ns,7,qaoa_n13,True,32.474878093841625,44.285017730698335,11.81013963685671
qaoa_n13,13,combined_50ns,8,qaoa_n14,False,17.646178052232095,27.78898045395502,10.142802401722925
qaoa_n13,13,combined_50ns,9,qaoa_n14,False,15.794766996117565,25.729905055989267,9.935138059871703
qaoa_n14,14,combined_50ns,0,qaoa_n14,True,19.569951470505732,33.319951470505735,13.750000000000004
qaoa_n14,14,combined_50ns,1,qaoa_n14,True,31.002113145410195,36.39067262149285,5.388559476082651
qaoa_n14,14,combined_50ns,2,qaoa_n14,True,27.437296318922105,32.11547374582393,4.678177426901822
qaoa_n14,14,combined_50ns,3,qaoa_n14,True,23.713427410602815,37.46342741060281,13.749999999999996
qaoa_n14,14,combined_50ns,4,qaoa_n14,True,18.70997361482262,29.093998891836588,10.384025277013968
qaoa_n14,14,combined_50ns,5,qaoa_n14,True,24.67706254996848,38.427062549968475,13.749999999999996
qaoa_n14,14,combined_50ns,6,qaoa_n14,True,21.732245852589173,31.03252473226728,9.300278879678107
qaoa_n14,14,combined_50ns,7,qaoa_n14,True,24.43611183888606,36.50035143807457,12.064239599188507
qaoa_n14,14,combined_50ns,8,qaoa_n14,True,16.9917201112777,30.7417201112777,13.75
qaoa_n14,14,combined_50ns,9,qaoa_n14,True,24.315262329923616,33.80669826950653,9.491435939582917
qaoa_n15,15,combined_50ns,0,qaoa_n15,True,30.957991553656456,112.30678723241186,81.34879567875541
qaoa_n15,15,combined_50ns,1,qaoa_n15,True,24.23109053890344,117.10643282909484,92.8753422901914
qaoa_n15,15,combined_50ns,2,qaoa_n15,True,26.750646643792464,125.35758943038412,98.60694278659166
qaoa_n15,15,combined_50ns,3,qaoa_n15,True,52.4084330279303,123.92237100065518,71.51393797272488
qaoa_n15,15,combined_50ns,4,qaoa_n15,True,33.681891977145106,104.8735837222132,71.19169174506808
qaoa_n15,15,combined_50ns,5,qaoa_n15,True,56.967306761802455,105.01574728998192,48.04844052817946
qaoa_n15,15,combined_50ns,6,qaoa_n15,True,52.93606401193839,115.78963877517873,62.85357476324034
qaoa_n15,15,combined_50ns,7,qaoa_n15,True,51.720348154608054,135.58825228538103,83.86790413077298
qaoa_n15,15,combined_50ns,8,qaoa_n15,True,37.170290356007165,103.21898486271128,66.04869450670412
qaoa_n15,15,combined_50ns,9,qaoa_n15,True,37.301715354215354,123.19847363277017,85.89675827855481
qaoa_n5,5,combined_5ns,0,qaoa_n5,True,0.6495409927237219,109.18027212710753,108.53073113438381
qaoa_n5,5,combined_5ns,1,qaoa_n5,True,1.2018479693255602,109.01643823512244,107.81459026579688
qaoa_n5,5,combined_5ns,2,qaoa_n5,True,1.1947006416249504,110.44045871474351,109.24575807311857
qaoa_n5,5,combined_5ns,3,qaoa_n5,True,0.8304083107223809,110.35405602444466,109.52364771372228
qaoa_n5,5,combined_5ns,4,qaoa_n5,True,0.8650384063620832,110.03281957029681,109.16778116393472
qaoa_n5,5,combined_5ns,5,qaoa_n5,True,1.742746221908746,111.29058082432647,109.54783460241772
qaoa_n5,5,combined_5ns,6,qaoa_n5,True,1.1140611498477284,110.26357722791515,109.14951607806742
qaoa_n5,5,combined_5ns,7,qaoa_n5,True,1.991625266517121,109.55749296694086,107.56586770042374
qaoa_n5,5,combined_5ns,8,qaoa_n5,True,1.7979143708350946,111.2099733180226,109.41205894718752
qaoa_n5,5,combined_5ns,9,qaoa_n5,True,0.9633267559036925,110.59501359836226,109.63168684245856
qaoa_n6,6,combined_5ns,0,qaoa_n6,True,3.4586703177007294,10.33367031770073,6.875
qaoa_n6,6,combined_5ns,1,qaoa_n6,True,3.2591307310196527,5.090629077667809,1.8314983466481563
qaoa_n6,6,combined_5ns,2,qaoa_n6,True,3.62267137131924,6.1636755503407725,2.5410041790215323
qaoa_n6,6,combined_5ns,3,qaoa_n6,True,1.504135228515744,8.379135228515745,6.875000000000001
qaoa_n6,6,combined_5ns,4,qaoa_n6,True,1.1311451615390584,8.006145161539058,6.874999999999999
qaoa_n6,6,combined_5ns,5,qaoa_n6,True,1.2855731806746462,8.160573180674646,6.875
qaoa_n6,6,combined_5ns,6,qaoa_n6,True,3.985724557500825,6.3765301155412795,2.3908055580404546
qaoa_n6,6,combined_5ns,7,qaoa_n6,True,0.950442617528374,7.820894447824621,6.870451830296247
qaoa_n6,6,combined_5ns,8,qaoa_n6,True,0.9104064385332092,7.711636749552178,6.801230311018969
qaoa_n6,6,combined_5ns,9,qaoa_n6,True,0.9864861149396577,7.861486114939658,6.875
qaoa_n7,7,combined_5ns,0,qaoa_n8,False,3.422297060422707,3.429271827086339,0.006974766663631726
qaoa_n7,7,combined_5ns,1,qaoa_n7,True,3.5984918955651786,3.6906650839568527,0.0921731883916741
qaoa_n7,7,combined_5ns,2,qaoa_n7,True,3.2739190963302214,3.348855237342059,0.07493614101183743
qaoa_n7,7,combined_5ns,3,qaoa_n7,True,0.7365589830635008,5.319892316396834,4.583333333333334
qaoa_n7,7,combined_5ns,4,qaoa_n8,False,3.3127278525306543,3.428208332630843,0.11548048010018874
qaoa_n7,7,combined_5ns,5,qaoa_n8,False,0.8007146079908859,5.375371547347354,4.574656939356467
qaoa_n7,7,combined_5ns,6,qaoa_n7,True,1.0187039989001387,5.602037332233472,4.583333333333333
qaoa_n7,7,combined_5ns,7,qaoa_n7,True,2.0029771597355435,6.5863104930688765,4.583333333333333
qaoa_n7,7,combined_5ns,8,qaoa_n7,True,3.3745724785066904,3.579339699764226,0.20476722125753577
qaoa_n7,7,combined_5ns,9,qaoa_n7,True,3.0766507299224792,3.762166339410823,0.6855156094883439
qaoa_n8,8,combined_5ns,0,qaoa_n8,True,1.046197715693052,4.918006311599122,3.87180859590607
qaoa_n8,8,combined_5ns,1,qaoa_n8,True,1.1349732703322921,5.122727521227173,3.9877542508948807
qaoa_n8,8,combined_5ns,2,qaoa_n8,True,1.0162515279744884,5.269697836412086,4.2534463084375975
qaoa_n8,8,combined_5ns,3,qaoa_n8,True,1.1812115630593165,5.635942985820857,4.45473142276154
qaoa_n8,8,combined_5ns,4,qaoa_n8,True,1.1218453382031395,5.705178671536473,4.583333333333333
qaoa_n8,8,combined_5ns,5,qaoa_n8,True,1.198825052239948,5.672992519032754,4.474167466792807
qaoa_n8,8,combined_5ns,6,qaoa_n8,True,1.1487631246156198,5.662096016869874,4.513332892254255
qaoa_n8,8,combined_5ns,7,qaoa_n8,True,1.2969620453699366,5.88029537870327,4.583333333333333
qaoa_n8,8,combined_5ns,8,qaoa_n8,True,1.3404265078867148,5.923759841220048,4.583333333333333
qaoa_n8,8,combined_5ns,9,qaoa_n8,True,1.0040601624706582,5.5322465633830715,4.528186400912413
qaoa_n9,9,combined_5ns,0,qaoa_n9,True,1.2247855609210372,102.99212040172183,101.7673348408008
qaoa_n9,9,combined_5ns,1,qaoa_n9,True,1.724991677951131,102.66403014427691,100.93903846632577
qaoa_n9,9,combined_5ns,2,qaoa_n9,True,3.08140962852163,101.18971634192978,98.10830671340815
qaoa_n9,9,combined_5ns,3,qaoa_n9,True,4.3532146891965295,101.23025531656026,96.87704062736373
qaoa_n9,9,combined_5ns,4,qaoa_n9,True,1.0260024523235536,102.91425211658104,101.88824966425749
qaoa_n9,9,combined_5ns,5,qaoa_n9,True,1.7571180341629453,102.6288342953493,100.87171626118635
qaoa_n9,9,combined_5ns,6,qaoa_n9,True,1.4465018701103733,101.6845184929598,100.23801662284943
qaoa_n9,9,combined_5ns,7,qaoa_n9,True,2.0395851102164855,101.33086666656295,99.29128155634646
qaoa_n9,9,combined_5ns,8,qaoa_n9,True,1.5538250646068803,102.8720885751306,101.31826351052372
qaoa_n9,9,combined_5ns,9,qaoa_n9,True,2.590828854071661,101.14073163320082,98.54990277912916
qaoa_n10,10,combined_5ns,0,qaoa_n10,True,3.117009828583631,84.3347789396567,81.21776911107307
qaoa_n10,10,combined_5ns,1,qaoa_n10,True,3.743330045742025,79.6549641467924,75.91163410105037
qaoa_n10,10,combined_5ns,2,qaoa_n10,True,1.3374570105115173,81.04023316041479,79.70277614990327
qaoa_n10,10,combined_5ns,3,qaoa_n10,True,1.8101093001788875,81.79481474308905,79.98470544291015
qaoa_n10,10,combined_5ns,4,qaoa_n10,True,3.2570022459083128,84.00889403657442,80.75189179066611
qaoa_n10,10,combined_5ns,5,qaoa_n10,True,1.8237728268113509,82.37779159852313,80.55401877171178
qaoa_n10,10,combined_5ns,6,qaoa_n10,True,1.4548165547384329,81.74105150053435,80.28623494579593
qaoa_n10,10,combined_5ns,7,qaoa_n10,True,9.431770460933336,82.12342655217842,72.69165609124508
qaoa_n10,10,combined_5ns,8,qaoa_n10,True,3.504273843738048,80.73886623871446,77.23459239497642
qaoa_n10,10,combined_5ns,9,qaoa_n10,True,2.3381738009486512,83.3722055650536,81.03403176410495
qaoa_n11,11,combined_5ns,0,qaoa_n11,True,1.769507949152026,20.10284128248536,18.333333333333336
qaoa_n11,11,combined_5ns,1,qaoa_n11,True,2.154190494439941,19.734617775081436,17.580427280641494
qaoa_n11,11,combined_5ns,2,qaoa_n11,True,3.805838514548165,22.1391718478815,18.333333333333336
qaoa_n11,11,combined_5ns,3,qaoa_n11,True,4.1007206088670225,22.301019722893226,18.200299114026205
qaoa_n11,11,combined_5ns,4,qaoa_n11,True,1.9174437155829844,20.250777048916316,18.333333333333332
qaoa_n11,11,combined_5ns,5,qaoa_n11,True,3.701454179300693,22.00766661110026,18.306212431799565
qaoa_n11,11,combined_5ns,6,qaoa_n11,True,1.6508663713446803,19.984199704678016,18.333333333333336
qaoa_n11,11,combined_5ns,7,qaoa_n11,True,2.6559510569321803,20.989284390265514,18.333333333333332
qaoa_n11,11,combined_5ns,8,qaoa_n11,True,3.3402835198080667,21.36975285162774,18.029469331819673
qaoa_n11,11,combined_5ns,9,qaoa_n11,True,4.209758871493458,22.543092204826788,18.33333333333333
qaoa_n12,12,combined_5ns,0,qaoa_n12,True,1.4173752773719859,33.159069133866566,31.74169385649458
qaoa_n12,12,combined_5ns,1,qaoa_n12,True,3.693650853362611,35.98531752002928,32.291666666666664
qaoa_n12,12,combined_5ns,2,qaoa_n12,True,3.24174512036274,35.53341178702941,32.29166666666667
qaoa_n12,12,combined_5ns,3,qaoa_n12,True,1.428054840546751,33.49100789345379,32.06295305290704
qaoa_n12,12,combined_5ns,4,qaoa_n12,True,1.1141058785813034,32.93229322014124,31.818187341559938
qaoa_n12,12,combined_5ns,5,qaoa_n12,True,2.901379721642371,35.05451232131307,32.1531325996707
qaoa_n12,12,combined_5ns,6,qaoa_n12,True,3.39878138520384,31.66271723362833,28.26393584842449
qaoa_n12,12,combined_5ns,7,qaoa_n12,True,0.9182651195617014,33.20993178622837,32.291666666666664
qaoa_n12,12,combined_5ns,8,qaoa_n12,True,3.837154766099424,36.128821432766095,32.29166666666667
qaoa_n12,12,combined_5ns,9,qaoa_n12,True,3.2055951017174547,34.975483680576765,31.76988857885931
qaoa_n13,13,combined_5ns,0,qaoa_n13,True,2.2301719662857638,15.980171966285765,13.75
qaoa_n13,13,combined_5ns,1,qaoa_n13,True,1.9760229681258918,15.726022968125891,13.75
qaoa_n13,13,combined_5ns,2,qaoa_n13,True,2.6380857906405706,15.585711668068248,12.947625877427678
qaoa_n13,13,combined_5ns,3,qaoa_n13,True,2.188167574219952,15.916454547196556,13.728286972976605
qaoa_n13,13,combined_5ns,4,qaoa_n13,True,2.7518043691619574,16.501804369161956,13.749999999999998
qaoa_n13,13,combined_5ns,5,qaoa_n13,True,4.538402667296226,18.28840266729623,13.750000000000004
qaoa_n13,13,combined_5ns,6,qaoa_n13,True,2.815292718384347,16.565292718384345,13.749999999999998
qaoa_n13,13,combined_5ns,7,qaoa_n13,True,1.808145147517503,15.375782157355195,13.567637009837691
qaoa_n13,13,combined_5ns,8,qaoa_n13,True,1.7161707166480336,15.347557452680299,13.631386736032265
qaoa_n13,13,combined_5ns,9,qaoa_n13,True,2.435481052155771,16.18548105215577,13.749999999999998
qaoa_n14,14,combined_5ns,0,qaoa_n14,True,1.7220178101778953,15.43382123554455,13.711803425366654
qaoa_n14,14,combined_5ns,1,qaoa_n14,True,5.914794978641744,18.62475954425617,12.709964565614428
qaoa_n14,14,combined_5ns,2,qaoa_n14,True,1.974756852074657,15.724756852074657,13.75
qaoa_n14,14,combined_5ns,3,qaoa_n14,True,2.669123381236466,16.209301598657305,13.54017821742084
qaoa_n14,14,combined_5ns,4,qaoa_n14,True,2.5044769134421876,15.336323814932548,12.83184690149036
qaoa_n14,14,combined_5ns,5,qaoa_n14,True,3.0130500271423153,16.71571160128915,13.702661574146836
qaoa_n14,14,combined_5ns,6,qaoa_n14,True,3.1540835510501495,16.667445993430267,13.513362442380117
qaoa_n14,14,combined_5ns,7,qaoa_n14,True,1.4804483068305674,14.928259036523011,13.447810729692444
qaoa_n14,14,combined_5ns,8,qaoa_n14,True,4.563142122608252,18.31314212260825,13.75
qaoa_n14,14,combined_5ns,9,qaoa_n14,True,1.695646621450727,15.179665651174018,13.48401902972329
qaoa_n15,15,combined_5ns,0,qaoa_n15,True,2.556395350463891,109.38000634158281,106.82361099111893
qaoa_n15,15,combined_5ns,1,qaoa_n15,True,3.7347070708804657,109.70972649850385,105.9750194276234
qaoa_n15,15,combined_5ns,2,qaoa_n15,True,3.7115855409671887,112.50694287321288,108.79535733224569
qaoa_n15,15,combined_5ns,3,qaoa_n15,True,2.568057790680488,112.11785732379354,109.54979953311306
qaoa_n15,15,combined_5ns,4,qaoa_n15,True,2.4956194920005594,112.57093361181971,110.07531411981915
qaoa_n15,15,combined_5ns,5,qaoa_n15,True,6.822582007220668,105.24358647887077,98.4210044716501
qaoa_n15,15,combined_5ns,6,qaoa_n15,True,4.181604401202035,109.7075013916144,105.52589699041236
qaoa_n15,15,combined_5ns,7,qaoa_n15,True,2.110988480900415,111.92991669857956,109.81892821767914
qaoa_n15,15,combined_5ns,8,qaoa_n15,True,1.8096894936177055,110.89356813408779,109.08387864047008
qaoa_n15,15,combined_5ns,9,qaoa_n15,True,4.971343851246852,112.32320878462185,107.351864933375
qaoa_n5,5,scheduler_20ns,0,qaoa_n5,True,0.875,110.16666666666667,109.29166666666667
qaoa_n5,5,scheduler_20ns,1,qaoa_n5,True,1.375,109.75,108.375
qaoa_n5,5,scheduler_20ns,2,qaoa_n5,True,2.5625,109.64583333333333,107.08333333333333
qaoa_n5,5,scheduler_20ns,3,qaoa_n5,True,3.5,107.75,104.25
qaoa_n5,5,scheduler_20ns,4,qaoa_n5,True,4.125,110.0,105.875
qaoa_n5,5,scheduler_20ns,5,qaoa_n5,True,2.3333333333333335,108.625,106.29166666666667
qaoa_n5,5,scheduler_20ns,6,qaoa_n5,True,3.6458333333333335,113.14583333333333,109.5
qaoa_n5,5,scheduler_20ns,7,qaoa_n5,True,2.8125,112.60416666666667,109.79166666666667
qaoa_n5,5,scheduler_20ns,8,qaoa_n5,True,2.75,112.29166666666667,109.54166666666667
qaoa_n5,5,scheduler_20ns,9,qaoa_n5,True,2.1666666666666665,110.83333333333333,108.66666666666666
qaoa_n6,6,scheduler_20ns,0,qaoa_n6,True,3.8125,10.6875,6.875
qaoa_n6,6,scheduler_20ns,1,qaoa_n6,True,5.479166666666667,10.9375,5.458333333333333
qaoa_n6,6,scheduler_20ns,2,qaoa_n6,True,6.1875,8.3125,2.125
qaoa_n6,6,scheduler_20ns,3,qaoa_n6,True,10.666666666666666,14.25,3.583333333333334
qaoa_n6,6,scheduler_20ns,4,qaoa_n6,True,4.6875,7.229166666666667,2.541666666666667
qaoa_n6,6,scheduler_20ns,5,qaoa_n6,True,6.5,10.041666666666666,3.541666666666666
qaoa_n6,6,scheduler_20ns,6,qaoa_n6,True,6.833333333333333,9.416666666666666,2.583333333333333
qaoa_n6,6,scheduler_20ns,7,qaoa_n6,True,4.104166666666667,7.4375,3.333333333333333
qaoa_n6,6,scheduler_20ns,8,qaoa_n6,True,7.416666666666667,9.375,1.958333333333333
qaoa_n6,6,scheduler_20ns,9,qaoa_n6,True,5.541666666666667,8.958333333333334,3.416666666666667
qaoa_n7,7,scheduler_20ns,0,qaoa_n7,True,4.020833333333333,8.604166666666666,4.583333333333333
qaoa_n7,7,scheduler_20ns,1,qaoa_n8,False,3.7291666666666665,8.3125,4.583333333333334
qaoa_n7,7,scheduler_20ns,2,qaoa_n8,False,4.833333333333333,9.416666666666666,4.583333333333333
qaoa_n7,7,scheduler_20ns,3,qaoa_n7,True,4.125,7.541666666666667,3.416666666666667
qaoa_n7,7,scheduler_20ns,4,qaoa_n7,True,3.8541666666666665,7.229166666666667,3.3750000000000004
qaoa_n7,7,scheduler_20ns,5,qaoa_n8,False,3.5,8.083333333333334,4.583333333333334
qaoa_n7,7,scheduler_20ns,6,qaoa_n7,True,6.895833333333333,7.979166666666667,1.083333333333334
qaoa_n7,7,scheduler_20ns,7,qaoa_n7,True,5.833333333333333,10.416666666666666,4.583333333333333
qaoa_n7,7,scheduler_20ns,8,qaoa_n7,True,5.604166666666667,6.4375,0.833333333333333
qaoa_n7,7,scheduler_20ns,9,qaoa_n8,False,5.729166666666667,10.3125,4.583333333333333
qaoa_n8,8,scheduler_20ns,0,qaoa_n8,True,5.895833333333333,10.479166666666666,4.583333333333333
qaoa_n8,8,scheduler_20ns,1,qaoa_n8,True,6.625,11.208333333333334,4.583333333333334
qaoa_n8,8,scheduler_20ns,2,qaoa_n8,True,9.729166666666666,14.3125,4.583333333333334
qaoa_n8,8,scheduler_20ns,3,qaoa_n8,True,4.625,9.208333333333334,4.583333333333334
qaoa_n8,8,scheduler_20ns,4,qaoa_n8,True,3.7916666666666665,8.375,4.583333333333334
qaoa_n8,8,scheduler_20ns,5,qaoa_n8,True,11.625,16.208333333333332,4.583333333333332
qaoa_n8,8,scheduler_20ns,6,qaoa_n8,True,8.916666666666666,13.5,4.583333333333334
qaoa_n8,8,scheduler_20ns,7,qaoa_n8,True,3.9166666666666665,8.5,4.583333333333334
qaoa_n8,8,scheduler_20ns,8,qaoa_n8,True,4.229166666666667,8.8125,4.583333333333333
qaoa_n8,8,scheduler_20ns,9,qaoa_n8,True,3.75,8.333333333333334,4.583333333333334
qaoa_n9,9,scheduler_20ns,0,qaoa_n9,True,4.0625,100.60416666666667,96.54166666666667
qaoa_n9,9,scheduler_20ns,1,qaoa_n9,True,5.479166666666667,100.0625,94.58333333333333
qaoa_n9,9,scheduler_20ns,2,qaoa_n9,True,5.3125,103.77083333333333,98.45833333333333
qaoa_n9,9,scheduler_20ns,3,qaoa_n9,True,3.8958333333333335,102.52083333333333,98.625
qaoa_n9,9,scheduler_20ns,4,qaoa_n9,True,7.333333333333333,96.66666666666667,89.33333333333334
qaoa_n9,9,scheduler_20ns,5,qaoa_n9,True,4.208333333333333,100.0,95.79166666666667
qaoa_n9,9,scheduler_20ns,6,qaoa_n9,True,11.979166666666666,91.72916666666667,79.75
qaoa_n9,9,scheduler_20ns,7,qaoa_n9,True,10.854166666666666,92.77083333333333,81.91666666666666
qaoa_n9,9,scheduler_20ns,8,qaoa_n9,True,7.6875,96.39583333333333,88.70833333333333
qaoa_n9,9,scheduler_20ns,9,qaoa_n9,True,4.020833333333333,99.14583333333333,95.125
qaoa_n10,10,scheduler_20ns,0,qaoa_n10,True,8.666666666666666,87.58333333333333,78.91666666666666
qaoa_n10,10,scheduler_20ns,1,qaoa_n10,True,10.9375,88.3125,77.375
qaoa_n10,10,scheduler_20ns,2,qaoa_n10,True,11.625,83.625,72.0
qaoa_n10,10,scheduler_20ns,3,qaoa_n10,True,14.375,84.625,70.25
qaoa_n10,10,scheduler_20ns,4,qaoa_n10,True,14.791666666666666,85.0,70.20833333333333
qaoa_n10,10,scheduler_20ns,5,qaoa_n10,True,7.895833333333333,82.9375,75.04166666666667
qaoa_n10,10,scheduler_20ns,6,qaoa_n10,True,9.645833333333334,72.77083333333333,63.12499999999999
qaoa_n10,10,scheduler_20ns,7,qaoa_n10,True,10.145833333333334,78.47916666666667,68.33333333333334
qaoa_n10,10,scheduler_20ns,8,qaoa_n10,True,11.75,85.41666666666667,73.66666666666667
qaoa_n10,10,scheduler_20ns,9,qaoa_n10,True,7.666666666666667,88.29166666666667,80.625
qaoa_n11,11,scheduler_20ns,0,qaoa_n11,True,11.541666666666666,21.958333333333332,10.416666666666666
qaoa_n11,11,scheduler_20ns,1,qaoa_n11,True,17.333333333333332,29.833333333333332,12.5
qaoa_n11,11,scheduler_20ns,2,qaoa_n11,True,8.5625,26.895833333333332,18.333333333333332
qaoa_n11,11,scheduler_20ns,3,qaoa_n11,True,11.583333333333334,21.166666666666668,9.583333333333334
qaoa_n11,11,scheduler_20ns,4,qaoa_n11,True,8.145833333333334,26.0625,17.916666666666664
qaoa_n11,11,scheduler_20ns,5,qaoa_n11,True,9.520833333333334,19.145833333333332,9.624999999999998
qaoa_n11,11,scheduler_20ns,6,qaoa_n11,True,7.083333333333333,25.041666666666668,17.958333333333336
qaoa_n11,11,scheduler_20ns,7,qaoa_n11,True,5.645833333333333,23.1875,17.541666666666668
qaoa_n11,11,scheduler_20ns,8,qaoa_n11,True,9.6875,23.145833333333332,13.458333333333332
qaoa_n11,11,scheduler_20ns,9,qaoa_n11,True,13.25,26.666666666666668,13.416666666666668
qaoa_n12,12,scheduler_20ns,0,qaoa_n12,True,7.229166666666667,39.520833333333336,32.29166666666667
qaoa_n12,12,scheduler_20ns,1,qaoa_n12,True,4.604166666666667,36.5625,31.958333333333332
qaoa_n12,12,scheduler_20ns,2,qaoa_n12,True,8.541666666666666,38.541666666666664,30.0
qaoa_n12,12,scheduler_20ns,3,qaoa_n12,True,8.708333333333334,31.75,23.041666666666664
qaoa_n12,12,scheduler_20ns,4,qaoa_n12,True,7.270833333333333,39.5625,32.291666666666664
qaoa_n12,12,scheduler_20ns,5,qaoa_n12,True,5.291666666666667,35.791666666666664,30.499999999999996
qaoa_n12,12,scheduler_20ns,6,qaoa_n12,True,5.145833333333333,36.5625,31.416666666666668
qaoa_n12,12,scheduler_20ns,7,qaoa_n12,True,10.208333333333334,42.5,32.291666666666664
qaoa_n12,12,scheduler_20ns,8,qaoa_n12,True,6.625,37.875,31.25
qaoa_n12,12,scheduler_20ns,9,qaoa_n12,True,4.958333333333333,37.25,32.291666666666664
qaoa_n13,13,scheduler_20ns,0,qaoa_n13,True,8.958333333333334,22.708333333333332,13.749999999999998
qaoa_n13,13,scheduler_20ns,1,qaoa_n13,True,9.6875,19.020833333333332,9.333333333333332
qaoa_n13,13,scheduler_20ns,2,qaoa_n13,True,8.6875,21.354166666666668,12.666666666666668
qaoa_n13,13,scheduler_20ns,3,qaoa_n13,True,7.979166666666667,13.104166666666666,5.124999999999999
qaoa_n13,13,scheduler_20ns,4,qaoa_n13,True,11.229166666666666,19.9375,8.708333333333334
qaoa_n13,13,scheduler_20ns,5,qaoa_n13,True,4.8125,18.229166666666668,13.416666666666668
qaoa_n13,13,scheduler_20ns,6,qaoa_n13,True,16.833333333333332,19.666666666666668,2.8333333333333357
qaoa_n13,13,scheduler_20ns,7,qaoa_n13,True,9.416666666666666,18.041666666666668,8.625000000000002
qaoa_n13,13,scheduler_20ns,8,qaoa_n13,True,13.395833333333334,19.145833333333332,5.749999999999998
qaoa_n13,13,scheduler_20ns,9,qaoa_n13,True,12.5625,17.270833333333332,4.708333333333332
qaoa_n14,14,scheduler_20ns,0,qaoa_n14,True,7.666666666666667,20.666666666666668,13.0
qaoa_n14,14,scheduler_20ns,1,qaoa_n14,True,9.791666666666666,23.541666666666668,13.750000000000002
qaoa_n14,14,scheduler_20ns,2,qaoa_n14,True,12.0,25.75,13.75
qaoa_n14,14,scheduler_20ns,3,qaoa_n14,True,10.125,22.375,12.25
qaoa_n14,14,scheduler_20ns,4,qaoa_n14,True,13.229166666666666,25.1875,11.958333333333334
qaoa_n14,14,scheduler_20ns,5,qaoa_n14,True,4.708333333333333,18.458333333333332,13.75
qaoa_n14,14,scheduler_20ns,6,qaoa_n14,True,9.395833333333334,23.145833333333332,13.749999999999998
qaoa_n14,14,scheduler_20ns,7,qaoa_n14,True,9.9375,22.8125,12.875
qaoa_n14,14,scheduler_20ns,8,qaoa_n14,True,5.6875,18.3125,12.625
qaoa_n14,14,scheduler_20ns,9,qaoa_n14,True,10.5625,23.479166666666668,12.916666666666668
qaoa_n15,15,scheduler_20ns,0,qaoa_n15,True,16.291666666666668,104.54166666666667,88.25
qaoa_n15,15,scheduler_20ns,1,qaoa_n15,True,10.583333333333334,111.91666666666667,101.33333333333334
qaoa_n15,15,scheduler_20ns,2,qaoa_n15,True,9.875,119.75,109.875
qaoa_n15,15,scheduler_20ns,3,qaoa_n15,True,12.833333333333334,108.125,95.29166666666667
qaoa_n15,15,scheduler_20ns,4,qaoa_n15,True,11.854166666666666,107.10416666666667,95.25
qaoa_n15,15,scheduler_20ns,5,qaoa_n15,True,10.354166666666666,102.8125,92.45833333333333
qaoa_n15,15,scheduler_20ns,6,qaoa_n15,True,8.4375,114.1875,105.75
qaoa_n15,15,scheduler_20ns,7,qaoa_n15,True,10.479166666666666,112.27083333333333,101.79166666666666
qaoa_n15,15,scheduler_20ns,8,qaoa_n15,True,16.0,117.66666666666667,101.66666666666667
qaoa_n15,15,scheduler_20ns,9,qaoa_n15,True,5.9375,111.0625,105.125
qaoa_n5,5,scheduler_5ns,0,qaoa_n5,True,0.6458333333333334,110.4375,109.79166666666667
qaoa_n5,5,scheduler_5ns,1,qaoa_n5,True,0.6666666666666666,109.58333333333333,108.91666666666666
qaoa_n5,5,scheduler_5ns,2,qaoa_n5,True,0.9583333333333334,109.25,108.29166666666667
qaoa_n5,5,scheduler_5ns,3,qaoa_n5,True,0.5833333333333334,109.54166666666667,108.95833333333334
qaoa_n5,5,scheduler_5ns,4,qaoa_n5,True,1.2083333333333333,111.0,109.79166666666667
qaoa_n5,5,scheduler_5ns,5,qaoa_n5,True,0.6041666666666666,110.3125,109.70833333333333
qaoa_n5,5,scheduler_5ns,6,qaoa_n5,True,0.5625,109.47916666666667,108.91666666666667
qaoa_n5,5,scheduler_5ns,7,qaoa_n5,True,0.4583333333333333,109.66666666666667,109.20833333333334
qaoa_n5,5,scheduler_5ns,8,qaoa_n5,True,0.3125,109.89583333333333,109.58333333333333
qaoa_n5,5,scheduler_5ns,9,qaoa_n5,True,0.7291666666666666,109.72916666666667,109.0
qaoa_n6,6,scheduler_5ns,0,qaoa_n6,True,2.7291666666666665,5.479166666666667,2.7500000000000004
qaoa_n6,6,scheduler_5ns,1,qaoa_n6,True,2.9375,9.8125,6.875
qaoa_n6,6,scheduler_5ns,2,qaoa_n6,True,3.0625,9.9375,6.875
qaoa_n6,6,scheduler_5ns,3,qaoa_n6,True,3.125,5.041666666666667,1.916666666666667
qaoa_n6,6,scheduler_5ns,4,qaoa_n6,True,0.75,7.625,6.875
qaoa_n6,6,scheduler_5ns,5,qaoa_n6,True,2.8333333333333335,9.708333333333334,6.875
qaoa_n6,6,scheduler_5ns,6,qaoa_n6,True,0.4375,7.3125,6.875
qaoa_n6,6,scheduler_5ns,7,qaoa_n6,True,2.7708333333333335,5.4375,2.6666666666666665
qaoa_n6,6,scheduler_5ns,8,qaoa_n6,True,0.7083333333333334,7.583333333333333,6.875
qaoa_n6,6,scheduler_5ns,9,qaoa_n6,True,3.0,5.083333333333333,2.083333333333333
qaoa_n7,7,scheduler_5ns,0,qaoa_n8,False,2.5416666666666665,2.5833333333333335,0.04166666666666696
qaoa_n7,7,scheduler_5ns,1,qaoa_n7,True,2.8541666666666665,3.1041666666666665,0.25
qaoa_n7,7,scheduler_5ns,2,qaoa_n7,True,1.625,5.666666666666667,4.041666666666667
qaoa_n7,7,scheduler_5ns,3,qaoa_n8,False,3.1041666666666665,3.3958333333333335,0.29166666666666696
qaoa_n7,7,scheduler_5ns,4,qaoa_n8,False,3.875,4.375,0.5
qaoa_n7,7,scheduler_5ns,5,qaoa_n7,True,1.0416666666666667,5.375,4.333333333333333
qaoa_n7,7,scheduler_5ns,6,qaoa_n7,True,1.7916666666666667,5.708333333333333,3.916666666666666
qaoa_n7,7,scheduler_5ns,7,qaoa_n7,True,0.5833333333333334,5.0,4.416666666666667
qaoa_n7,7,scheduler_5ns,8,qaoa_n7,True,1.0,5.583333333333333,4.583333333333333
qaoa_n7,7,scheduler_5ns,9,qaoa_n7,True,1.7708333333333333,5.9375,4.166666666666667
qaoa_n8,8,scheduler_5ns,0,qaoa_n8,True,3.1458333333333335,7.729166666666667,4.583333333333334
qaoa_n8,8,scheduler_5ns,1,qaoa_n8,True,0.7708333333333334,5.354166666666667,4.583333333333334
qaoa_n8,8,scheduler_5ns,2,qaoa_n8,True,1.8541666666666667,5.9375,4.083333333333333
qaoa_n8,8,scheduler_5ns,3,qaoa_n8,True,1.9583333333333333,6.541666666666667,4.583333333333334
qaoa_n8,8,scheduler_5ns,4,qaoa_n8,True,0.6666666666666666,5.25,4.583333333333333
qaoa_n8,8,scheduler_5ns,5,qaoa_n8,True,0.375,4.958333333333333,4.583333333333333
qaoa_n8,8,scheduler_5ns,6,qaoa_n8,True,0.8541666666666666,5.4375,4.583333333333333
qaoa_n8,8,scheduler_5ns,7,qaoa_n8,True,3.25,7.833333333333333,4.583333333333333
qaoa_n8,8,scheduler_5ns,8,qaoa_n8,True,0.875,5.375,4.5
qaoa_n8,8,scheduler_5ns,9,qaoa_n8,True,0.5625,5.0625,4.5
qaoa_n9,9,scheduler_5ns,0,qaoa_n9,True,1.125,102.70833333333333,101.58333333333333
qaoa_n9,9,scheduler_5ns,1,qaoa_n9,True,3.625,104.04166666666667,100.41666666666667
qaoa_n9,9,scheduler_5ns,2,qaoa_n9,True,0.8333333333333334,102.41666666666667,101.58333333333334
qaoa_n9,9,scheduler_5ns,3,qaoa_n9,True,2.0625,101.47916666666667,99.41666666666667
qaoa_n9,9,scheduler_5ns,4,qaoa_n9,True,2.9375,101.1875,98.25
qaoa_n9,9,scheduler_5ns,5,qaoa_n9,True,1.0,103.08333333333333,102.08333333333333
qaoa_n9,9,scheduler_5ns,6,qaoa_n9,True,2.6666666666666665,100.875,98.20833333333333
qaoa_n9,9,scheduler_5ns,7,qaoa_n9,True,0.8333333333333334,102.70833333333333,101.875
qaoa_n9,9,scheduler_5ns,8,qaoa_n9,True,2.1875,101.1875,99.0
qaoa_n9,9,scheduler_5ns,9,qaoa_n9,True,3.9166666666666665,99.29166666666667,95.375
qaoa_n10,10,scheduler_5ns,0,qaoa_n10,True,0.5625,81.8125,81.25
qaoa_n10,10,scheduler_5ns,1,qaoa_n10,True,1.1041666666666667,80.97916666666667,79.875
qaoa_n10,10,scheduler_5ns,2,qaoa_n10,True,3.125,84.125,81.0
qaoa_n10,10,scheduler_5ns,3,qaoa_n10,True,5.125,85.75,80.625
qaoa_n10,10,scheduler_5ns,4,qaoa_n10,True,1.9166666666666667,80.0,78.08333333333333
qaoa_n10,10,scheduler_5ns,5,qaoa_n10,True,1.4583333333333333,82.54166666666667,81.08333333333334
qaoa_n10,10,scheduler_5ns,6,qaoa_n10,True,5.604166666666667,86.39583333333333,80.79166666666666
qaoa_n10,10,scheduler_5ns,7,qaoa_n10,True,0.9583333333333334,81.66666666666667,80.70833333333334
qaoa_n10,10,scheduler_5ns,8,qaoa_n10,True,1.4583333333333333,80.20833333333333,78.75
qaoa_n10,10,scheduler_5ns,9,qaoa_n10,True,0.7291666666666666,81.64583333333333,80.91666666666666
qaoa_n11,11,scheduler_5ns,0,qaoa_n11,True,2.8541666666666665,20.9375,18.083333333333332
qaoa_n11,11,scheduler_5ns,1,qaoa_n11,True,3.0416666666666665,21.375,18.333333333333332
qaoa_n11,11,scheduler_5ns,2,qaoa_n11,True,3.8541666666666665,21.895833333333332,18.041666666666664
qaoa_n11,11,scheduler_5ns,3,qaoa_n11,True,0.5625,18.6875,18.125
qaoa_n11,11,scheduler_5ns,4,qaoa_n11,True,4.020833333333333,22.354166666666668,18.333333333333336
qaoa_n11,11,scheduler_5ns,5,qaoa_n11,True,1.2708333333333333,19.270833333333332,18.0
qaoa_n11,11,scheduler_5ns,6,qaoa_n11,True,0.8333333333333334,19.166666666666668,18.333333333333336
qaoa_n11,11,scheduler_5ns,7,qaoa_n11,True,4.229166666666667,22.270833333333332,18.041666666666664
qaoa_n11,11,scheduler_5ns,8,qaoa_n11,True,1.1041666666666667,19.4375,18.333333333333332
qaoa_n11,11,scheduler_5ns,9,qaoa_n11,True,3.0833333333333335,21.333333333333332,18.25
qaoa_n12,12,scheduler_5ns,0,qaoa_n12,True,3.125,35.416666666666664,32.291666666666664
qaoa_n12,12,scheduler_5ns,1,qaoa_n12,True,0.4375,32.645833333333336,32.208333333333336
qaoa_n12,12,scheduler_5ns,2,qaoa_n12,True,0.9166666666666666,32.75,31.833333333333332
qaoa_n12,12,scheduler_5ns,3,qaoa_n12,True,2.9375,31.229166666666668,28.291666666666668
qaoa_n12,12,scheduler_5ns,4,qaoa_n12,True,2.8541666666666665,35.145833333333336,32.29166666666667
qaoa_n12,12,scheduler_5ns,5,qaoa_n12,True,2.8541666666666665,35.020833333333336,32.16666666666667
qaoa_n12,12,scheduler_5ns,6,qaoa_n12,True,1.125,33.416666666666664,32.291666666666664
qaoa_n12,12,scheduler_5ns,7,qaoa_n12,True,3.4166666666666665,30.458333333333332,27.041666666666664
qaoa_n12,12,scheduler_5ns,8,qaoa_n12,True,2.7291666666666665,30.6875,27.958333333333332
qaoa_n12,12,scheduler_5ns,9,qaoa_n12,True,3.25,35.541666666666664,32.291666666666664
qaoa_n13,13,scheduler_5ns,0,qaoa_n13,True,1.3125,14.604166666666666,13.291666666666666
qaoa_n13,13,scheduler_5ns,1,qaoa_n13,True,2.0,15.541666666666666,13.541666666666666
qaoa_n13,13,scheduler_5ns,2,qaoa_n13,True,0.9166666666666666,14.666666666666666,13.75
qaoa_n13,13,scheduler_5ns,3,qaoa_n13,True,2.0416666666666665,15.791666666666666,13.75
qaoa_n13,13,scheduler_5ns,4,qaoa_n13,True,1.4375,15.1875,13.75
qaoa_n13,13,scheduler_5ns,5,qaoa_n13,True,1.0625,14.8125,13.75
qaoa_n13,13,scheduler_5ns,6,qaoa_n13,True,0.9375,14.6875,13.75
qaoa_n13,13,scheduler_5ns,7,qaoa_n13,True,1.0625,14.770833333333334,13.708333333333334
qaoa_n13,13,scheduler_5ns,8,qaoa_n13,True,1.2291666666666667,14.979166666666666,13.75
qaoa_n13,13,scheduler_5ns,9,qaoa_n13,True,1.0416666666666667,14.625,13.583333333333334
qaoa_n14,14,scheduler_5ns,0,qaoa_n14,True,1.1666666666666667,14.916666666666666,13.75
qaoa_n14,14,scheduler_5ns,1,qaoa_n14,True,4.0625,17.8125,13.75
qaoa_n14,14,scheduler_5ns,2,qaoa_n14,True,1.25,14.833333333333334,13.583333333333334
qaoa_n14,14,scheduler_5ns,3,qaoa_n14,True,1.8125,14.854166666666666,13.041666666666666
qaoa_n14,14,scheduler_5ns,4,qaoa_n14,True,1.25,14.791666666666666,13.541666666666666
qaoa_n14,14,scheduler_5ns,5,qaoa_n14,True,0.7083333333333334,14.375,13.666666666666666
qaoa_n14,14,scheduler_5ns,6,qaoa_n14,True,3.5,17.25,13.75
qaoa_n14,14,scheduler_5ns,7,qaoa_n14,True,3.1458333333333335,16.354166666666668,13.208333333333334
qaoa_n14,14,scheduler_5ns,8,qaoa_n14,True,1.6458333333333333,15.395833333333334,13.75
qaoa_n14,14,scheduler_5ns,9,qaoa_n14,True,3.7708333333333335,17.520833333333332,13.749999999999998
qaoa_n15,15,scheduler_5ns,0,qaoa_n15,True,1.1041666666666667,111.1875,110.08333333333333
qaoa_n15,15,scheduler_5ns,1,qaoa_n15,True,1.1458333333333333,110.77083333333333,109.625
qaoa_n15,15,scheduler_5ns,2,qaoa_n15,True,0.75,111.0,110.25
qaoa_n15,15,scheduler_5ns,3,qaoa_n15,True,2.375,109.45833333333333,107.08333333333333
qaoa_n15,15,scheduler_5ns,4,qaoa_n15,True,1.2916666666666667,111.625,110.33333333333333
qaoa_n15,15,scheduler_5ns,5,qaoa_n15,True,3.1041666666666665,109.22916666666667,106.125
qaoa_n15,15,scheduler_5ns,6,qaoa_n15,True,1.7916666666666667,112.79166666666667,111.0
qaoa_n15,15,scheduler_5ns,7,qaoa_n15,True,2.7291666666666665,113.10416666666667,110.375
qaoa_n15,15,scheduler_5ns,8,qaoa_n15,True,1.5416666666666667,112.375,110.83333333333333
qaoa_n15,15,scheduler_5ns,9,qaoa_n15,True,3.0,108.95833333333333,105.95833333333333
qaoa_n5,5,timestamp_20ns,0,qaoa_n5,True,2.4443379856695606,111.3591811636386,108.91484317796903
qaoa_n5,5,timestamp_20ns,1,qaoa_n5,True,2.1047763043716876,111.43798510432941,109.33320879995773
qaoa_n5,5,timestamp_20ns,2,qaoa_n5,True,2.8548225767886564,110.4144764713471,107.55965389455844
qaoa_n5,5,timestamp_20ns,3,qaoa_n5,True,5.577623885164965,111.48119308979544,105.90356920463047
qaoa_n5,5,timestamp_20ns,4,qaoa_n5,True,1.9633992070848905,110.425018829478,108.46161962239312
qaoa_n5,5,timestamp_20ns,5,qaoa_n5,True,3.929744684888192,108.51530373256257,104.58555904767438
qaoa_n5,5,timestamp_20ns,6,qaoa_n5,True,2.4260260024656097,110.5426842285484,108.11665822608279
qaoa_n5,5,timestamp_20ns,7,qaoa_n5,True,3.3285780882854232,112.2243836232863,108.89580553500087
qaoa_n5,5,timestamp_20ns,8,qaoa_n5,True,2.7390316135673003,110.94670480974987,108.20767319618257
qaoa_n5,5,timestamp_20ns,9,qaoa_n5,True,2.8509659063644173,112.6426325730311,109.79166666666667
qaoa_n6,6,timestamp_20ns,0,qaoa_n6,True,3.342170042587469,10.217170042587469,6.875
qaoa_n6,6,timestamp_20ns,1,qaoa_n6,True,4.169100072608489,11.044100072608488,6.874999999999999
qaoa_n6,6,timestamp_20ns,2,qaoa_n6,True,3.79990507070978,9.68303364709587,5.88312857638609
qaoa_n6,6,timestamp_20ns,3,qaoa_n6,True,2.585877363683347,8.949057713332769,6.363180349649422
qaoa_n6,6,timestamp_20ns,4,qaoa_n6,True,3.906620633664987,10.27250683717602,6.3658862035110335
qaoa_n6,6,timestamp_20ns,5,qaoa_n6,True,3.1561167872293283,10.031116787229328,6.875
qaoa_n6,6,timestamp_20ns,6,qaoa_n6,True,4.478243248968785,11.353243248968786,6.875000000000001
qaoa_n6,6,timestamp_20ns,7,qaoa_n6,True,3.8573969031901996,10.624607355742226,6.7672104525520265
qaoa_n6,6,timestamp_20ns,8,qaoa_n6,True,3.687652503233154,10.52035159751073,6.832699094277576
qaoa_n6,6,timestamp_20ns,9,qaoa_n6,True,4.892599665364752,11.76759966536475,6.874999999999998
qaoa_n7,7,timestamp_20ns,0,qaoa_n7,True,3.877663342713698,8.460996676047031,4.583333333333334
qaoa_n7,7,timestamp_20ns,1,qaoa_n7,True,4.978802921569056,9.56213625490239,4.583333333333334
qaoa_n7,7,timestamp_20ns,2,qaoa_n7,True,6.34013850628195,10.069452807387743,3.7293143011057923
qaoa_n7,7,timestamp_20ns,3,qaoa_n7,True,3.799836141154541,7.430411160338989,3.6305750191844477
qaoa_n7,7,timestamp_20ns,4,qaoa_n7,True,3.370209445348751,7.860806370242062,4.49059692489331
qaoa_n7,7,timestamp_20ns,5,qaoa_n7,True,4.11687534354667,6.292271811514318,2.1753964679676487
qaoa_n7,7,timestamp_20ns,6,qaoa_n7,True,4.895846019429274,7.969356750496954,3.07351073106768
qaoa_n7,7,timestamp_20ns,7,qaoa_n7,True,3.7045560578476313,8.287889391180965,4.583333333333334
qaoa_n7,7,timestamp_20ns,8,qaoa_n7,True,4.98811328205639,9.335156194106562,4.3470429120501715
qaoa_n7,7,timestamp_20ns,9,qaoa_n7,True,2.680064123093665,7.051146008842525,4.37108188574886
qaoa_n8,8,timestamp_20ns,0,qaoa_n8,True,2.6242456402394154,5.858994624596924,3.234748984357509
qaoa_n8,8,timestamp_20ns,1,qaoa_n8,True,3.2193809597768137,7.802714293110147,4.583333333333333
qaoa_n8,8,timestamp_20ns,2,qaoa_n8,True,3.0757674234259476,6.716605511626738,3.6408380882007902
qaoa_n8,8,timestamp_20ns,3,qaoa_n8,True,3.438031293500741,5.283046408675227,1.8450151151744856
qaoa_n8,8,timestamp_20ns,4,qaoa_n8,True,3.953901644348937,6.789963091912331,2.8360614475633943
qaoa_n8,8,timestamp_20ns,5,qaoa_n8,True,4.422766621845649,9.006099955178982,4.583333333333333
qaoa_n8,8,timestamp_20ns,6,qaoa_n8,True,5.635745874715465,9.300652756428848,3.6649068817133825
qaoa_n8,8,timestamp_20ns,7,qaoa_n8,True,4.031430750932287,8.614764084265621,4.583333333333334
qaoa_n8,8,timestamp_20ns,8,qaoa_n8,True,2.9285625838587612,7.472073177463933,4.543510593605172
qaoa_n8,8,timestamp_20ns,9,qaoa_n8,True,4.387590744578769,8.38798382225879,4.0003930776800205
qaoa_n9,9,timestamp_20ns,0,qaoa_n9,True,3.8322015098040865,101.81533163302096,97.98313012321688
qaoa_n9,9,timestamp_20ns,1,qaoa_n9,True,4.864136496387707,102.01000469876674,97.14586820237903
qaoa_n9,9,timestamp_20ns,2,qaoa_n9,True,2.771434279626414,101.33678120812392,98.5653469284975
qaoa_n9,9,timestamp_20ns,3,qaoa_n9,True,5.844841675184585,102.84415890954824,96.99931723436366
qaoa_n9,9,timestamp_20ns,4,qaoa_n9,True,5.976061605839117,99.67655390221904,93.70049229637992
qaoa_n9,9,timestamp_20ns,5,qaoa_n9,True,6.137799153783945,102.04231313329933,95.90451397951539
qaoa_n9,9,timestamp_20ns,6,qaoa_n9,True,6.34174486227744,100.43033155084227,94.08858668856483
qaoa_n9,9,timestamp_20ns,7,qaoa_n9,True,7.2184184583044795,103.5120797995365,96.29366134123201
qaoa_n9,9,timestamp_20ns,8,qaoa_n9,True,5.7094986363303875,100.71506871005748,95.00557007372709
qaoa_n9,9,timestamp_20ns,9,qaoa_n9,True,3.913916611918447,100.20761633789986,96.29369972598141
qaoa_n10,10,timestamp_20ns,0,qaoa_n10,True,3.629896544247513,83.8768208690246,80.24692432477708
qaoa_n10,10,timestamp_20ns,1,qaoa_n10,True,6.594452541077291,84.15439791932916,77.55994537825187
qaoa_n10,10,timestamp_20ns,2,qaoa_n10,True,4.087809181961423,79.60054425636942,75.512735074408
qaoa_n10,10,timestamp_20ns,3,qaoa_n10,True,4.117623413407574,83.33730821350613,79.21968480009856
qaoa_n10,10,timestamp_20ns,4,qaoa_n10,True,4.852891639452019,81.88548537543149,77.03259373597946
qaoa_n10,10,timestamp_20ns,5,qaoa_n10,True,7.21869963627939,75.8285036052139,68.6098039689345
qaoa_n10,10,timestamp_20ns,6,qaoa_n10,True,5.956684655254392,79.86132257923934,73.90463792398495
qaoa_n10,10,timestamp_20ns,7,qaoa_n10,True,4.596910596745216,80.84828927875783,76.25137868201261
qaoa_n10,10,timestamp_20ns,8,qaoa_n10,True,4.483474453032832,81.42596147108414,76.94248701805131
qaoa_n10,10,timestamp_20ns,9,qaoa_n10,True,3.4243665927032882,84.85113603077599,81.4267694380727
qaoa_n11,11,timestamp_20ns,0,qaoa_n11,True,7.272630011240202,25.60596334457354,18.333333333333336
qaoa_n11,11,timestamp_20ns,1,qaoa_n11,True,6.629344775305572,24.513451440801788,17.884106665496216
qaoa_n11,11,timestamp_20ns,2,qaoa_n11,True,7.808830903674196,26.14216423700753,18.333333333333336
qaoa_n11,11,timestamp_20ns,3,qaoa_n11,True,8.060862119590594,24.715623296875293,16.654761177284698
qaoa_n11,11,timestamp_20ns,4,qaoa_n11,True,8.327239941845727,26.66057327517906,18.333333333333336
qaoa_n11,11,timestamp_20ns,5,qaoa_n11,True,8.463129417227798,26.56470304148229,18.101573624254492
qaoa_n11,11,timestamp_20ns,6,qaoa_n11,True,6.483976651971802,24.679609964413288,18.195633312441487
qaoa_n11,11,timestamp_20ns,7,qaoa_n11,True,5.276896257545643,23.610229590878976,18.333333333333332
qaoa_n11,11,timestamp_20ns,8,qaoa_n11,True,8.675592902916156,27.00892623624949,18.333333333333336
qaoa_n11,11,timestamp_20ns,9,qaoa_n11,True,5.4938916699135545,23.827225003246884,18.33333333333333
qaoa_n12,12,timestamp_20ns,0,qaoa_n12,True,5.8472351071915485,36.84477704173303,30.997541934541484
qaoa_n12,12,timestamp_20ns,1,qaoa_n12,True,4.281569055937051,33.76641910324886,29.484850047311806
qaoa_n12,12,timestamp_20ns,2,qaoa_n12,True,3.865690501960485,35.135965232866305,31.270274730905818
qaoa_n12,12,timestamp_20ns,3,qaoa_n12,True,2.16417484029026,34.13469501413002,31.970520173839756
qaoa_n12,12,timestamp_20ns,4,qaoa_n12,True,7.08248576614668,39.37415243281335,32.291666666666664
qaoa_n12,12,timestamp_20ns,5,qaoa_n12,True,5.580913629318155,37.25742973144205,31.676516102123898
qaoa_n12,12,timestamp_20ns,6,qaoa_n12,True,2.4053914460243733,34.69705811269104,32.291666666666664
qaoa_n12,12,timestamp_20ns,7,qaoa_n12,True,4.483650198191513,35.741444959040344,31.25779476084883
qaoa_n12,12,timestamp_20ns,8,qaoa_n12,True,3.663192142298454,34.20972529427831,30.546533151979855
qaoa_n12,12,timestamp_20ns,9,qaoa_n12,True,5.101129536307931,37.3927962029746,32.29166666666667
qaoa_n13,13,timestamp_20ns,0,qaoa_n13,True,6.984671060174205,20.734671060174204,13.75
qaoa_n13,13,timestamp_20ns,1,qaoa_n13,True,7.226291987083646,20.811233014040486,13.584941026956841
qaoa_n13,13,timestamp_20ns,2,qaoa_n13,True,6.07308118867516,19.35305288811553,13.27997169944037
qaoa_n13,13,timestamp_20ns,3,qaoa_n13,True,7.099467780994918,18.714167101952835,11.614699320957918
qaoa_n13,13,timestamp_20ns,4,qaoa_n13,True,5.497170787332667,19.247170787332667,13.75
qaoa_n13,13,timestamp_20ns,5,qaoa_n13,True,8.644935858548257,22.394935858548255,13.749999999999998
qaoa_n13,13,timestamp_20ns,6,qaoa_n13,True,8.126277557914753,21.87627755791475,13.749999999999998
qaoa_n13,13,timestamp_20ns,7,qaoa_n13,True,6.318424327471935,19.378460184862394,13.06003585739046
qaoa_n13,13,timestamp_20ns,8,qaoa_n13,True,4.958693307515211,17.6875754898573,12.728882182342087
qaoa_n13,13,timestamp_20ns,9,qaoa_n13,True,5.585118578546459,19.05533472640834,13.47021614786188
qaoa_n14,14,timestamp_20ns,0,qaoa_n14,True,6.75448416427226,20.50448416427226,13.75
qaoa_n14,14,timestamp_20ns,1,qaoa_n14,True,7.803423116901359,19.995574039960477,12.192150923059117
qaoa_n14,14,timestamp_20ns,2,qaoa_n14,True,6.368589242323675,19.221115925905178,12.852526683581502
qaoa_n14,14,timestamp_20ns,3,qaoa_n14,True,6.67182042980883,20.42182042980883,13.75
qaoa_n14,14,timestamp_20ns,4,qaoa_n14,True,6.969828656214053,20.71982865621405,13.75
qaoa_n14,14,timestamp_20ns,5,qaoa_n14,True,5.498274443093688,19.24827444309369,13.75
qaoa_n14,14,timestamp_20ns,6,qaoa_n14,True,6.7215115175428854,19.182425547642087,12.4609140300992
qaoa_n14,14,timestamp_20ns,7,qaoa_n14,True,6.591698846347998,20.341698846348,13.75
qaoa_n14,14,timestamp_20ns,8,qaoa_n14,True,6.763430732444746,18.879937546074046,12.1165068136293
qaoa_n14,14,timestamp_20ns,9,qaoa_n14,True,4.276620744132515,18.026620744132515,13.75
qaoa_n15,15,timestamp_20ns,0,qaoa_n15,True,6.657620362289699,110.74704823524121,104.0894278729515
qaoa_n15,15,timestamp_20ns,1,qaoa_n15,True,5.3207555607200225,114.34193255306775,109.02117699234773
qaoa_n15,15,timestamp_20ns,2,qaoa_n15,True,6.260674984738389,108.9544132919904,102.69373830725202
qaoa_n15,15,timestamp_20ns,3,qaoa_n15,True,7.6574415975878445,111.83953738021874,104.1820957826309
qaoa_n15,15,timestamp_20ns,4,qaoa_n15,True,9.320100235109448,114.20470039479365,104.8846001596842
qaoa_n15,15,timestamp_20ns,5,qaoa_n15,True,14.033919533099615,113.89726308643789,99.86334355333827
qaoa_n15,15,timestamp_20ns,6,qaoa_n15,True,8.335786865694102,106.91310766730817,98.57732080161406
qaoa_n15,15,timestamp_20ns,7,qaoa_n15,True,8.667173244489824,110.64873220462061,101.9815589601308
qaoa_n15,15,timestamp_20ns,8,qaoa_n15,True,6.7346739928432,110.30637565972465,103.57170166688145
qaoa_n15,15,timestamp_20ns,9,qaoa_n15,True,4.2630658029271435,109.39466646616141,105.13160066323427
qaoa_n5,5,timestamp_5ns,0,qaoa_n5,True,0.7799882929834515,110.49042320141257,109.71043490842912
qaoa_n5,5,timestamp_5ns,1,qaoa_n5,True,0.6329217915273896,109.42975529282357,108.79683350129618
qaoa_n5,5,timestamp_5ns,2,qaoa_n5,True,0.6198242082967766,109.71154552292289,109.09172131462611
qaoa_n5,5,timestamp_5ns,3,qaoa_n5,True,1.128418105555826,109.87411016992353,108.7456920643677
qaoa_n5,5,timestamp_5ns,4,qaoa_n5,True,0.9406414200226415,109.3612013313779,108.42055991135526
qaoa_n5,5,timestamp_5ns,5,qaoa_n5,True,0.705337052476211,109.85828718798217,109.15295013550596
qaoa_n5,5,timestamp_5ns,6,qaoa_n5,True,0.4713645263495498,109.55213050039556,109.08076597404602
qaoa_n5,5,timestamp_5ns,7,qaoa_n5,True,1.0297873228645227,110.620814969553,109.59102764668847
qaoa_n5,5,timestamp_5ns,8,qaoa_n5,True,1.4156927764010938,110.89524489178139,109.4795521153803
qaoa_n5,5,timestamp_5ns,9,qaoa_n5,True,1.250615311446788,110.37875462842328,109.12813931697649
qaoa_n6,6,timestamp_5ns,0,qaoa_n6,True,1.4947330796545322,8.369733079654532,6.875
qaoa_n6,6,timestamp_5ns,1,qaoa_n6,True,0.5124334625128858,7.256766953752748,6.744333491239862
qaoa_n6,6,timestamp_5ns,2,qaoa_n6,True,1.7885439142806672,8.663543914280668,6.875000000000001
qaoa_n6,6,timestamp_5ns,3,qaoa_n6,True,0.8811708431398912,7.640743738372268,6.759572895232377
qaoa_n6,6,timestamp_5ns,4,qaoa_n6,True,0.5457037483199988,7.4207037483199985,6.875
qaoa_n6,6,timestamp_5ns,5,qaoa_n6,True,1.0593380658037266,7.566088389689637,6.50675032388591
qaoa_n6,6,timestamp_5ns,6,qaoa_n6,True,0.8695145843747873,7.447097019499105,6.5775824351243175
qaoa_n6,6,timestamp_5ns,7,qaoa_n6,True,0.7103836851240501,7.58538368512405,6.875
qaoa_n6,6,timestamp_5ns,8,qaoa_n6,True,0.6908536458731062,7.565853645873106,6.875
qaoa_n6,6,timestamp_5ns,9,qaoa_n6,True,1.2869545705835215,7.865349928204247,6.5783953576207255
qaoa_n7,7,timestamp_5ns,0,qaoa_n7,True,1.3218804985686499,5.905213831901983,4.583333333333333
qaoa_n7,7,timestamp_5ns,1,qaoa_n7,True,0.9984766538450861,5.58180998717842,4.583333333333334
qaoa_n7,7,timestamp_5ns,2,qaoa_n7,True,1.1152731850687776,5.698606518402111,4.583333333333334
qaoa_n7,7,timestamp_5ns,3,qaoa_n7,True,1.1105620592191368,5.69389539255247,4.583333333333333
qaoa_n7,7,timestamp_5ns,4,qaoa_n7,True,0.9039999007239624,5.487333234057296,4.583333333333333
qaoa_n7,7,timestamp_5ns,5,qaoa_n7,True,0.8792198971662799,5.462553230499613,4.583333333333333
qaoa_n7,7,timestamp_5ns,6,qaoa_n7,True,0.7277672536547115,5.3111005869880445,4.583333333333333
qaoa_n7,7,timestamp_5ns,7,qaoa_n7,True,0.6945887393144213,5.277922072647755,4.583333333333333
qaoa_n7,7,timestamp_5ns,8,qaoa_n7,True,1.2269390404323985,5.810272373765732,4.583333333333333
qaoa_n7,7,timestamp_5ns,9,qaoa_n7,True,0.8656232291221215,5.3243932929465245,4.458770063824403
qaoa_n8,8,timestamp_5ns,0,qaoa_n8,True,1.4829641939276865,5.624898784219592,4.141934590291906
qaoa_n8,8,timestamp_5ns,1,qaoa_n8,True,1.0300670106293761,5.613400343962709,4.583333333333333
qaoa_n8,8,timestamp_5ns,2,qaoa_n8,True,1.7534935427321539,6.213702189146129,4.4602086464139745
qaoa_n8,8,timestamp_5ns,3,qaoa_n8,True,0.8519034604928623,5.413485515228117,4.561582054735254
qaoa_n8,8,timestamp_5ns,4,qaoa_n8,True,0.6633170399191416,5.246650373252475,4.583333333333333
qaoa_n8,8,timestamp_5ns,5,qaoa_n8,True,0.722975172678872,5.306308506012205,4.583333333333333
qaoa_n8,8,timestamp_5ns,6,qaoa_n8,True,0.5137322811221345,4.970575258518161,4.456842977396026
qaoa_n8,8,timestamp_5ns,7,qaoa_n8,True,0.7770114223844745,5.360344755717808,4.583333333333333
qaoa_n8,8,timestamp_5ns,8,qaoa_n8,True,0.9882069497928695,5.167394406237246,4.179187456444377
qaoa_n8,8,timestamp_5ns,9,qaoa_n8,True,1.006403928386992,5.589737261720326,4.583333333333334
qaoa_n9,9,timestamp_5ns,0,qaoa_n9,True,1.3158685792633076,102.98218818445211,101.6663196051888
qaoa_n9,9,timestamp_5ns,1,qaoa_n9,True,1.273411315066867,102.81353724994999,101.54012593488312
qaoa_n9,9,timestamp_5ns,2,qaoa_n9,True,1.252620146641399,102.50251280548447,101.24989265884307
qaoa_n9,9,timestamp_5ns,3,qaoa_n9,True,1.3697224131569652,101.89221886846845,100.52249645531148
qaoa_n9,9,timestamp_5ns,4,qaoa_n9,True,1.4700155290134376,102.604076370198,101.13406084118456
qaoa_n9,9,timestamp_5ns,5,qaoa_n9,True,1.211828928515904,102.94161050502487,101.72978157650897
qaoa_n9,9,timestamp_5ns,6,qaoa_n9,True,1.8933464463171912,101.65075944273849,99.7574129964213
qaoa_n9,9,timestamp_5ns,7,qaoa_n9,True,1.869539823441454,103.12993284842685,101.26039302498539
qaoa_n9,9,timestamp_5ns,8,qaoa_n9,True,1.0124040828445888,102.67802005375133,101.66561597090674
qaoa_n9,9,timestamp_5ns,9,qaoa_n9,True,1.7260597521839536,101.67908522696801,99.95302547478406
qaoa_n10,10,timestamp_5ns,0,qaoa_n10,True,1.1217839581978462,82.00147000734653,80.87968604914867
qaoa_n10,10,timestamp_5ns,1,qaoa_n10,True,1.2945134657662998,80.73663820247253,79.44212473670623
qaoa_n10,10,timestamp_5ns,2,qaoa_n10,True,1.25790931736731,81.7081635528662,80.45025423549889
qaoa_n10,10,timestamp_5ns,3,qaoa_n10,True,1.4557521441196186,81.94176425418706,80.48601211006745
qaoa_n10,10,timestamp_5ns,4,qaoa_n10,True,1.8693496778944871,81.91461094960732,80.04526127171283
qaoa_n10,10,timestamp_5ns,5,qaoa_n10,True,0.9029585735137488,81.40232709675445,80.4993685232407
qaoa_n10,10,timestamp_5ns,6,qaoa_n10,True,1.5987876936644707,80.89999021703893,79.30120252337446
qaoa_n10,10,timestamp_5ns,7,qaoa_n10,True,0.8681173044962401,81.71154003401107,80.84342272951483
qaoa_n10,10,timestamp_5ns,8,qaoa_n10,True,1.204904014958827,81.84896079193602,80.6440567769772
qaoa_n10,10,timestamp_5ns,9,qaoa_n10,True,1.4139792907802509,80.59830458997833,79.18432529919808
qaoa_n11,11,timestamp_5ns,0,qaoa_n11,True,1.9718330895872354,19.991888934932504,18.02005584534527
qaoa_n11,11,timestamp_5ns,1,qaoa_n11,True,1.2600354429308789,19.00581971110433,17.745784268173452
qaoa_n11,11,timestamp_5ns,2,qaoa_n11,True,1.1300016383662834,19.463334971699616,18.333333333333332
qaoa_n11,11,timestamp_5ns,3,qaoa_n11,True,2.4220610677258647,20.442477745184757,18.020416677458893
qaoa_n11,11,timestamp_5ns,4,qaoa_n11,True,1.6357295352245076,19.822969483142476,18.18723994791797
qaoa_n11,11,timestamp_5ns,5,qaoa_n11,True,1.5855995117061514,19.465572057208863,17.87997254550271
qaoa_n11,11,timestamp_5ns,6,qaoa_n11,True,1.0487211906792873,19.04299151428731,17.99427032360802
qaoa_n11,11,timestamp_5ns,7,qaoa_n11,True,0.9293993331965247,19.262732666529857,18.333333333333332
qaoa_n11,11,timestamp_5ns,8,qaoa_n11,True,1.4385975048940065,19.771930838227338,18.333333333333332
qaoa_n11,11,timestamp_5ns,9,qaoa_n11,True,1.311815079310504,19.484415268350407,18.172600189039905
qaoa_n12,12,timestamp_5ns,0,qaoa_n12,True,0.6539588912395567,32.90338905442571,32.249430163186155
qaoa_n12,12,timestamp_5ns,1,qaoa_n12,True,1.2197259720766251,33.34498658246537,32.12526061038874
qaoa_n12,12,timestamp_5ns,2,qaoa_n12,True,1.480097766633487,33.50844747041657,32.028349703783086
qaoa_n12,12,timestamp_5ns,3,qaoa_n12,True,0.7992363675639519,33.09090303423062,32.29166666666667
qaoa_n12,12,timestamp_5ns,4,qaoa_n12,True,0.6980723274773007,32.66691945552348,31.968847128046175
qaoa_n12,12,timestamp_5ns,5,qaoa_n12,True,0.4120196119930313,32.68220927786186,32.27018966586883
qaoa_n12,12,timestamp_5ns,6,qaoa_n12,True,1.5054392540257353,33.609653317083534,32.104214063057796
qaoa_n12,12,timestamp_5ns,7,qaoa_n12,True,1.0130213967524615,32.494633592630265,31.481612195877805
qaoa_n12,12,timestamp_5ns,8,qaoa_n12,True,1.1431721456491009,33.26266247180336,32.119490326154256
qaoa_n12,12,timestamp_5ns,9,qaoa_n12,True,1.1243744025118676,33.41604106917853,32.291666666666664
qaoa_n13,13,timestamp_5ns,0,qaoa_n13,True,1.3190177307287165,15.069017730728717,13.75
qaoa_n13,13,timestamp_5ns,1,qaoa_n13,True,2.1479702416274864,15.897970241627485,13.749999999999998
qaoa_n13,13,timestamp_5ns,2,qaoa_n13,True,1.3169605107454323,14.967945947573805,13.650985436828373
qaoa_n13,13,timestamp_5ns,3,qaoa_n13,True,1.300046435108517,15.050046435108518,13.750000000000002
qaoa_n13,13,timestamp_5ns,4,qaoa_n13,True,1.268591922256019,15.01859192225602,13.75
qaoa_n13,13,timestamp_5ns,5,qaoa_n13,True,1.230349043889409,14.98034904388941,13.75
qaoa_n13,13,timestamp_5ns,6,qaoa_n13,True,1.6715604690816022,15.421560469081603,13.750000000000002
qaoa_n13,13,timestamp_5ns,7,qaoa_n13,True,1.645082283745692,15.318106555742775,13.673024271997082
qaoa_n13,13,timestamp_5ns,8,qaoa_n13,True,1.4649954024311065,15.176898828181045,13.711903425749938
qaoa_n13,13,timestamp_5ns,9,qaoa_n13,True,1.9816621649876307,15.301095934884032,13.319433769896401
qaoa_n14,14,timestamp_5ns,0,qaoa_n14,True,1.1328507915451098,14.88285079154511,13.75
qaoa_n14,14,timestamp_5ns,1,qaoa_n14,True,2.279465565742972,15.845619518506046,13.566153952763074
qaoa_n14,14,timestamp_5ns,2,qaoa_n14,True,1.5927277358729592,15.34272773587296,13.750000000000002
qaoa_n14,14,timestamp_5ns,3,qaoa_n14,True,1.9217960545917172,15.637068203041467,13.71527214844975
qaoa_n14,14,timestamp_5ns,4,qaoa_n14,True,1.2102894739617591,14.960289473961758,13.75
qaoa_n14,14,timestamp_5ns,5,qaoa_n14,True,1.25349917690255,14.840349092654165,13.586849915751614
qaoa_n14,14,timestamp_5ns,6,qaoa_n14,True,1.7074475238961468,15.149588669769948,13.442141145873801
qaoa_n14,14,timestamp_5ns,7,qaoa_n14,True,1.247260179461363,14.978828037380367,13.731567857919003
qaoa_n14,14,timestamp_5ns,8,qaoa_n14,True,2.467291668556482,16.21729166855648,13.749999999999998
qaoa_n14,14,timestamp_5ns,9,qaoa_n14,True,1.7504757068485446,15.500475706848546,13.750000000000002
qaoa_n15,15,timestamp_5ns,0,qaoa_n15,True,1.5593056405646906,111.1717841727182,109.61247853215352
qaoa_n15,15,timestamp_5ns,1,qaoa_n15,True,1.4604190897061962,111.77129664310199,110.3108775533958
qaoa_n15,15,timestamp_5ns,2,qaoa_n15,True,1.6564412988030266,111.10708592776898,109.45064462896595
qaoa_n15,15,timestamp_5ns,3,qaoa_n15,True,1.725969499668447,110.28737425013996,108.56140475047151
qaoa_n15,15,timestamp_5ns,4,qaoa_n15,True,1.7383774675600758,111.43783047416828,109.69945300660821
qaoa_n15,15,timestamp_5ns,5,qaoa_n15,True,1.855856798024541,111.23371082720934,109.37785402918479
qaoa_n15,15,timestamp_5ns,6,qaoa_n15,True,1.5075132474709783,111.45639530313953,109.94888205566855
qaoa_n15,15,timestamp_5ns,7,qaoa_n15,True,1.8534838778754825,110.85777728721723,109.00429340934176
qaoa_n15,15,timestamp_5ns,8,qaoa_n15,True,1.1492234171313147,111.3232668065812,110.17404338944989
qaoa_n15,15,timestamp_5ns,9,qaoa_n15,True,1.847149669235731,110.67496662616179,108.82781695692606
