scenario_name,trial_id,true_workload,predicted_workload,correct,nearest_distance,distance_margin
fully_isolated_interconnect_control,0,layered_bursty,layered_bursty,True,0.0,0.0
fully_isolated_interconnect_control,0,periodic_dense,layered_bursty,False,0.0,0.0
fully_isolated_interconnect_control,0,periodic_sparse,layered_bursty,False,0.0,0.0
fully_isolated_interconnect_control,1,layered_bursty,layered_bursty,True,0.0,0.0
fully_isolated_interconnect_control,1,periodic_dense,layered_bursty,False,0.0,0.0
fully_isolated_interconnect_control,1,periodic_sparse,layered_bursty,False,0.0,0.0
fully_isolated_interconnect_control,2,layered_bursty,layered_bursty,True,0.0,0.0
fully_isolated_interconnect_control,2,periodic_dense,layered_bursty,False,0.0,0.0
fully_isolated_interconnect_control,2,periodic_sparse,layered_bursty,False,0.0,0.0
fully_isolated_interconnect_control,3,layered_bursty,layered_bursty,True,0.0,0.0
fully_isolated_interconnect_control,3,periodic_dense,layered_bursty,False,0.0,0.0
fully_isolated_interconnect_control,3,periodic_sparse,layered_bursty,False,0.0,0.0
fully_isolated_interconnect_control,4,layered_bursty,layered_bursty,True,0.0,0.0
fully_isolated_interconnect_control,4,periodic_dense,layered_bursty,False,0.0,0.0
fully_isolated_interconnect_control,4,periodic_sparse,layered_bursty,False,0.0,0.0
fully_isolated_interconnect_control,5,layered_bursty,layered_bursty,True,0.0,0.0
fully_isolated_interconnect_control,5,periodic_dense,layered_bursty,False,0.0,0.0
fully_isolated_interconnect_control,5,periodic_sparse,layered_bursty,False,0.0,0.0
fully_isolated_interconnect_control,6,layered_bursty,layered_bursty,True,0.0,0.0
fully_isolated_interconnect_control,6,periodic_dense,layered_bursty,False,0.0,0.0
fully_isolated_interconnect_control,6,periodic_sparse,layered_bursty,False,0.0,0.0
fully_isolated_interconnect_control,7,layered_bursty,layered_bursty,True,0.0,0.0
fully_isolated_interconnect_control,7,periodic_dense,layered_bursty,False,0.0,0.0
fully_isolated_interconnect_control,7,periodic_sparse,layered_bursty,False,0.0,0.0
fully_isolated_interconnect_control,8,layered_bursty,layered_bursty,True,0.0,0.0
fully_isolated_interconnect_control,8,periodic_dense,layered_bursty,False,0.0,0.0
fully_isolated_interconnect_control,8,periodic_sparse,layered_bursty,False,0.0,0.0
fully_isolated_interconnect_control,9,layered_bursty,layered_bursty,True,0.0,0.0
fully_isolated_interconnect_control,9,periodic_dense,layered_bursty,False,0.0,0.0
fully_isolated_interconnect_control,9,periodic_sparse,layered_bursty,False,0.0,0.0
partitioned_controller_admission_two_lanes,0,layered_bursty,layered_bursty,True,0.0,0.0
partitioned_controller_admission_two_lanes,0,periodic_dense,layered_bursty,False,0.0,0.0
partitioned_controller_admission_two_lanes,0,periodic_sparse,layered_bursty,False,0.0,0.0
partitioned_controller_admission_two_lanes,1,layered_bursty,layered_bursty,True,0.0,0.0
partitioned_controller_admission_two_lanes,1,periodic_dense,layered_bursty,False,0.0,0.0
partitioned_controller_admission_two_lanes,1,periodic_sparse,layered_bursty,False,0.0,0.0
partitioned_controller_admission_two_lanes,2,layered_bursty,layered_bursty,True,0.0,0.0
partitioned_controller_admission_two_lanes,2,periodic_dense,layered_bursty,False,0.0,0.0
partitioned_controller_admission_two_lanes,2,periodic_sparse,layered_bursty,False,0.0,0.0
partitioned_controller_admission_two_lanes,3,layered_bursty,layered_bursty,True,0.0,0.0
partitioned_controller_admission_two_lanes,3,periodic_dense,layered_bursty,False,0.0,0.0
partitioned_controller_admission_two_lanes,3,periodic_sparse,layered_bursty,False,0.0,0.0
partitioned_controller_admission_two_lanes,4,layered_bursty,layered_bursty,True,0.0,0.0
partitioned_controller_admission_two_lanes,4,periodic_dense,layered_bursty,False,0.0,0.0
partitioned_controller_admission_two_lanes,4,periodic_sparse,layered_bursty,False,0.0,0.0
partitioned_controller_admission_two_lanes,5,layered_bursty,layered_bursty,True,0.0,0.0
partitioned_controller_admission_two_lanes,5,periodic_dense,layered_bursty,False,0.0,0.0
partitioned_controller_admission_two_lanes,5,periodic_sparse,layered_bursty,False,0.0,0.0
partitioned_controller_admission_two_lanes,6,layered_bursty,layered_bursty,True,0.0,0.0
partitioned_controller_admission_two_lanes,6,periodic_dense,layered_bursty,False,0.0,0.0
partitioned_controller_admission_two_lanes,6,periodic_sparse,layered_bursty,False,0.0,0.0
partitioned_controller_admission_two_lanes,7,layered_bursty,layered_bursty,True,0.0,0.0
partitioned_controller_admission_two_lanes,7,periodic_dense,layered_bursty,False,0.0,0.0
partitioned_controller_admission_two_lanes,7,periodic_sparse,layered_bursty,False,0.0,0.0
partitioned_controller_admission_two_lanes,8,layered_bursty,layered_bursty,True,0.0,0.0
partitioned_controller_admission_two_lanes,8,periodic_dense,layered_bursty,False,0.0,0.0
partitioned_controller_admission_two_lanes,8,periodic_sparse,layered_bursty,False,0.0,0.0
partitioned_controller_admission_two_lanes,9,layered_bursty,layered_bursty,True,0.0,0.0
partitioned_controller_admission_two_lanes,9,periodic_dense,layered_bursty,False,0.0,0.0
partitioned_controller_admission_two_lanes,9,periodic_sparse,layered_bursty,False,0.0,0.0
partitioned_destination_link_interface_two_lanes,0,layered_bursty,layered_bursty,True,0.0,0.0
partitioned_destination_link_interface_two_lanes,0,periodic_dense,layered_bursty,False,0.0,0.0
partitioned_destination_link_interface_two_lanes,0,periodic_sparse,layered_bursty,False,0.0,0.0
partitioned_destination_link_interface_two_lanes,1,layered_bursty,layered_bursty,True,0.0,0.0
partitioned_destination_link_interface_two_lanes,1,periodic_dense,layered_bursty,False,0.0,0.0
partitioned_destination_link_interface_two_lanes,1,periodic_sparse,layered_bursty,False,0.0,0.0
partitioned_destination_link_interface_two_lanes,2,layered_bursty,layered_bursty,True,0.0,0.0
partitioned_destination_link_interface_two_lanes,2,periodic_dense,layered_bursty,False,0.0,0.0
partitioned_destination_link_interface_two_lanes,2,periodic_sparse,layered_bursty,False,0.0,0.0
partitioned_destination_link_interface_two_lanes,3,layered_bursty,layered_bursty,True,0.0,0.0
partitioned_destination_link_interface_two_lanes,3,periodic_dense,layered_bursty,False,0.0,0.0
partitioned_destination_link_interface_two_lanes,3,periodic_sparse,layered_bursty,False,0.0,0.0
partitioned_destination_link_interface_two_lanes,4,layered_bursty,layered_bursty,True,0.0,0.0
partitioned_destination_link_interface_two_lanes,4,periodic_dense,layered_bursty,False,0.0,0.0
partitioned_destination_link_interface_two_lanes,4,periodic_sparse,layered_bursty,False,0.0,0.0
partitioned_destination_link_interface_two_lanes,5,layered_bursty,layered_bursty,True,0.0,0.0
partitioned_destination_link_interface_two_lanes,5,periodic_dense,layered_bursty,False,0.0,0.0
partitioned_destination_link_interface_two_lanes,5,periodic_sparse,layered_bursty,False,0.0,0.0
partitioned_destination_link_interface_two_lanes,6,layered_bursty,layered_bursty,True,0.0,0.0
partitioned_destination_link_interface_two_lanes,6,periodic_dense,layered_bursty,False,0.0,0.0
partitioned_destination_link_interface_two_lanes,6,periodic_sparse,layered_bursty,False,0.0,0.0
partitioned_destination_link_interface_two_lanes,7,layered_bursty,layered_bursty,True,0.0,0.0
partitioned_destination_link_interface_two_lanes,7,periodic_dense,layered_bursty,False,0.0,0.0
partitioned_destination_link_interface_two_lanes,7,periodic_sparse,layered_bursty,False,0.0,0.0
partitioned_destination_link_interface_two_lanes,8,layered_bursty,layered_bursty,True,0.0,0.0
partitioned_destination_link_interface_two_lanes,8,periodic_dense,layered_bursty,False,0.0,0.0
partitioned_destination_link_interface_two_lanes,8,periodic_sparse,layered_bursty,False,0.0,0.0
partitioned_destination_link_interface_two_lanes,9,layered_bursty,layered_bursty,True,0.0,0.0
partitioned_destination_link_interface_two_lanes,9,periodic_dense,layered_bursty,False,0.0,0.0
partitioned_destination_link_interface_two_lanes,9,periodic_sparse,layered_bursty,False,0.0,0.0
partitioned_source_link_interface_two_lanes,0,layered_bursty,layered_bursty,True,0.0,0.0
partitioned_source_link_interface_two_lanes,0,periodic_dense,layered_bursty,False,0.0,0.0
partitioned_source_link_interface_two_lanes,0,periodic_sparse,layered_bursty,False,0.0,0.0
partitioned_source_link_interface_two_lanes,1,layered_bursty,layered_bursty,True,0.0,0.0
partitioned_source_link_interface_two_lanes,1,periodic_dense,layered_bursty,False,0.0,0.0
partitioned_source_link_interface_two_lanes,1,periodic_sparse,layered_bursty,False,0.0,0.0
partitioned_source_link_interface_two_lanes,2,layered_bursty,layered_bursty,True,0.0,0.0
partitioned_source_link_interface_two_lanes,2,periodic_dense,layered_bursty,False,0.0,0.0
partitioned_source_link_interface_two_lanes,2,periodic_sparse,layered_bursty,False,0.0,0.0
partitioned_source_link_interface_two_lanes,3,layered_bursty,layered_bursty,True,0.0,0.0
partitioned_source_link_interface_two_lanes,3,periodic_dense,layered_bursty,False,0.0,0.0
partitioned_source_link_interface_two_lanes,3,periodic_sparse,layered_bursty,False,0.0,0.0
partitioned_source_link_interface_two_lanes,4,layered_bursty,layered_bursty,True,0.0,0.0
partitioned_source_link_interface_two_lanes,4,periodic_dense,layered_bursty,False,0.0,0.0
partitioned_source_link_interface_two_lanes,4,periodic_sparse,layered_bursty,False,0.0,0.0
partitioned_source_link_interface_two_lanes,5,layered_bursty,layered_bursty,True,0.0,0.0
partitioned_source_link_interface_two_lanes,5,periodic_dense,layered_bursty,False,0.0,0.0
partitioned_source_link_interface_two_lanes,5,periodic_sparse,layered_bursty,False,0.0,0.0
partitioned_source_link_interface_two_lanes,6,layered_bursty,layered_bursty,True,0.0,0.0
partitioned_source_link_interface_two_lanes,6,periodic_dense,layered_bursty,False,0.0,0.0
partitioned_source_link_interface_two_lanes,6,periodic_sparse,layered_bursty,False,0.0,0.0
partitioned_source_link_interface_two_lanes,7,layered_bursty,layered_bursty,True,0.0,0.0
partitioned_source_link_interface_two_lanes,7,periodic_dense,layered_bursty,False,0.0,0.0
partitioned_source_link_interface_two_lanes,7,periodic_sparse,layered_bursty,False,0.0,0.0
partitioned_source_link_interface_two_lanes,8,layered_bursty,layered_bursty,True,0.0,0.0
partitioned_source_link_interface_two_lanes,8,periodic_dense,layered_bursty,False,0.0,0.0
partitioned_source_link_interface_two_lanes,8,periodic_sparse,layered_bursty,False,0.0,0.0
partitioned_source_link_interface_two_lanes,9,layered_bursty,layered_bursty,True,0.0,0.0
partitioned_source_link_interface_two_lanes,9,periodic_dense,layered_bursty,False,0.0,0.0
partitioned_source_link_interface_two_lanes,9,periodic_sparse,layered_bursty,False,0.0,0.0
partitioned_switch_arbiter_two_lanes,0,layered_bursty,layered_bursty,True,0.0,0.0
partitioned_switch_arbiter_two_lanes,0,periodic_dense,layered_bursty,False,0.0,0.0
partitioned_switch_arbiter_two_lanes,0,periodic_sparse,layered_bursty,False,0.0,0.0
partitioned_switch_arbiter_two_lanes,1,layered_bursty,layered_bursty,True,0.0,0.0
partitioned_switch_arbiter_two_lanes,1,periodic_dense,layered_bursty,False,0.0,0.0
partitioned_switch_arbiter_two_lanes,1,periodic_sparse,layered_bursty,False,0.0,0.0
partitioned_switch_arbiter_two_lanes,2,layered_bursty,layered_bursty,True,0.0,0.0
partitioned_switch_arbiter_two_lanes,2,periodic_dense,layered_bursty,False,0.0,0.0
partitioned_switch_arbiter_two_lanes,2,periodic_sparse,layered_bursty,False,0.0,0.0
partitioned_switch_arbiter_two_lanes,3,layered_bursty,layered_bursty,True,0.0,0.0
partitioned_switch_arbiter_two_lanes,3,periodic_dense,layered_bursty,False,0.0,0.0
partitioned_switch_arbiter_two_lanes,3,periodic_sparse,layered_bursty,False,0.0,0.0
partitioned_switch_arbiter_two_lanes,4,layered_bursty,layered_bursty,True,0.0,0.0
partitioned_switch_arbiter_two_lanes,4,periodic_dense,layered_bursty,False,0.0,0.0
partitioned_switch_arbiter_two_lanes,4,periodic_sparse,layered_bursty,False,0.0,0.0
partitioned_switch_arbiter_two_lanes,5,layered_bursty,layered_bursty,True,0.0,0.0
partitioned_switch_arbiter_two_lanes,5,periodic_dense,layered_bursty,False,0.0,0.0
partitioned_switch_arbiter_two_lanes,5,periodic_sparse,layered_bursty,False,0.0,0.0
partitioned_switch_arbiter_two_lanes,6,layered_bursty,layered_bursty,True,0.0,0.0
partitioned_switch_arbiter_two_lanes,6,periodic_dense,layered_bursty,False,0.0,0.0
partitioned_switch_arbiter_two_lanes,6,periodic_sparse,layered_bursty,False,0.0,0.0
partitioned_switch_arbiter_two_lanes,7,layered_bursty,layered_bursty,True,0.0,0.0
partitioned_switch_arbiter_two_lanes,7,periodic_dense,layered_bursty,False,0.0,0.0
partitioned_switch_arbiter_two_lanes,7,periodic_sparse,layered_bursty,False,0.0,0.0
partitioned_switch_arbiter_two_lanes,8,layered_bursty,layered_bursty,True,0.0,0.0
partitioned_switch_arbiter_two_lanes,8,periodic_dense,layered_bursty,False,0.0,0.0
partitioned_switch_arbiter_two_lanes,8,periodic_sparse,layered_bursty,False,0.0,0.0
partitioned_switch_arbiter_two_lanes,9,layered_bursty,layered_bursty,True,0.0,0.0
partitioned_switch_arbiter_two_lanes,9,periodic_dense,layered_bursty,False,0.0,0.0
partitioned_switch_arbiter_two_lanes,9,periodic_sparse,layered_bursty,False,0.0,0.0
partitioned_switch_path_two_lanes,0,layered_bursty,layered_bursty,True,0.0,0.0
partitioned_switch_path_two_lanes,0,periodic_dense,layered_bursty,False,0.0,0.0
partitioned_switch_path_two_lanes,0,periodic_sparse,layered_bursty,False,0.0,0.0
partitioned_switch_path_two_lanes,1,layered_bursty,layered_bursty,True,0.0,0.0
partitioned_switch_path_two_lanes,1,periodic_dense,layered_bursty,False,0.0,0.0
partitioned_switch_path_two_lanes,1,periodic_sparse,layered_bursty,False,0.0,0.0
partitioned_switch_path_two_lanes,2,layered_bursty,layered_bursty,True,0.0,0.0
partitioned_switch_path_two_lanes,2,periodic_dense,layered_bursty,False,0.0,0.0
partitioned_switch_path_two_lanes,2,periodic_sparse,layered_bursty,False,0.0,0.0
partitioned_switch_path_two_lanes,3,layered_bursty,layered_bursty,True,0.0,0.0
partitioned_switch_path_two_lanes,3,periodic_dense,layered_bursty,False,0.0,0.0
partitioned_switch_path_two_lanes,3,periodic_sparse,layered_bursty,False,0.0,0.0
partitioned_switch_path_two_lanes,4,layered_bursty,layered_bursty,True,0.0,0.0
partitioned_switch_path_two_lanes,4,periodic_dense,layered_bursty,False,0.0,0.0
partitioned_switch_path_two_lanes,4,periodic_sparse,layered_bursty,False,0.0,0.0
partitioned_switch_path_two_lanes,5,layered_bursty,layered_bursty,True,0.0,0.0
partitioned_switch_path_two_lanes,5,periodic_dense,layered_bursty,False,0.0,0.0
partitioned_switch_path_two_lanes,5,periodic_sparse,layered_bursty,False,0.0,0.0
partitioned_switch_path_two_lanes,6,layered_bursty,layered_bursty,True,0.0,0.0
partitioned_switch_path_two_lanes,6,periodic_dense,layered_bursty,False,0.0,0.0
partitioned_switch_path_two_lanes,6,periodic_sparse,layered_bursty,False,0.0,0.0
partitioned_switch_path_two_lanes,7,layered_bursty,layered_bursty,True,0.0,0.0
partitioned_switch_path_two_lanes,7,periodic_dense,layered_bursty,False,0.0,0.0
partitioned_switch_path_two_lanes,7,periodic_sparse,layered_bursty,False,0.0,0.0
partitioned_switch_path_two_lanes,8,layered_bursty,layered_bursty,True,0.0,0.0
partitioned_switch_path_two_lanes,8,periodic_dense,layered_bursty,False,0.0,0.0
partitioned_switch_path_two_lanes,8,periodic_sparse,layered_bursty,False,0.0,0.0
partitioned_switch_path_two_lanes,9,layered_bursty,layered_bursty,True,0.0,0.0
partitioned_switch_path_two_lanes,9,periodic_dense,layered_bursty,False,0.0,0.0
partitioned_switch_path_two_lanes,9,periodic_sparse,layered_bursty,False,0.0,0.0
partitioned_transmission_segment_two_lanes,0,layered_bursty,layered_bursty,True,0.0,0.0
partitioned_transmission_segment_two_lanes,0,periodic_dense,layered_bursty,False,0.0,0.0
partitioned_transmission_segment_two_lanes,0,periodic_sparse,layered_bursty,False,0.0,0.0
partitioned_transmission_segment_two_lanes,1,layered_bursty,layered_bursty,True,0.0,0.0
partitioned_transmission_segment_two_lanes,1,periodic_dense,layered_bursty,False,0.0,0.0
partitioned_transmission_segment_two_lanes,1,periodic_sparse,layered_bursty,False,0.0,0.0
partitioned_transmission_segment_two_lanes,2,layered_bursty,layered_bursty,True,0.0,0.0
partitioned_transmission_segment_two_lanes,2,periodic_dense,layered_bursty,False,0.0,0.0
partitioned_transmission_segment_two_lanes,2,periodic_sparse,layered_bursty,False,0.0,0.0
partitioned_transmission_segment_two_lanes,3,layered_bursty,layered_bursty,True,0.0,0.0
partitioned_transmission_segment_two_lanes,3,periodic_dense,layered_bursty,False,0.0,0.0
partitioned_transmission_segment_two_lanes,3,periodic_sparse,layered_bursty,False,0.0,0.0
partitioned_transmission_segment_two_lanes,4,layered_bursty,layered_bursty,True,0.0,0.0
partitioned_transmission_segment_two_lanes,4,periodic_dense,layered_bursty,False,0.0,0.0
partitioned_transmission_segment_two_lanes,4,periodic_sparse,layered_bursty,False,0.0,0.0
partitioned_transmission_segment_two_lanes,5,layered_bursty,layered_bursty,True,0.0,0.0
partitioned_transmission_segment_two_lanes,5,periodic_dense,layered_bursty,False,0.0,0.0
partitioned_transmission_segment_two_lanes,5,periodic_sparse,layered_bursty,False,0.0,0.0
partitioned_transmission_segment_two_lanes,6,layered_bursty,layered_bursty,True,0.0,0.0
partitioned_transmission_segment_two_lanes,6,periodic_dense,layered_bursty,False,0.0,0.0
partitioned_transmission_segment_two_lanes,6,periodic_sparse,layered_bursty,False,0.0,0.0
partitioned_transmission_segment_two_lanes,7,layered_bursty,layered_bursty,True,0.0,0.0
partitioned_transmission_segment_two_lanes,7,periodic_dense,layered_bursty,False,0.0,0.0
partitioned_transmission_segment_two_lanes,7,periodic_sparse,layered_bursty,False,0.0,0.0
partitioned_transmission_segment_two_lanes,8,layered_bursty,layered_bursty,True,0.0,0.0
partitioned_transmission_segment_two_lanes,8,periodic_dense,layered_bursty,False,0.0,0.0
partitioned_transmission_segment_two_lanes,8,periodic_sparse,layered_bursty,False,0.0,0.0
partitioned_transmission_segment_two_lanes,9,layered_bursty,layered_bursty,True,0.0,0.0
partitioned_transmission_segment_two_lanes,9,periodic_dense,layered_bursty,False,0.0,0.0
partitioned_transmission_segment_two_lanes,9,periodic_sparse,layered_bursty,False,0.0,0.0
shared_controller_admission_capacity1,0,layered_bursty,periodic_dense,False,1.7173237571844564,0.139714512923943
shared_controller_admission_capacity1,0,periodic_dense,periodic_dense,True,1.7173237571844564,0.139714512923943
shared_controller_admission_capacity1,0,periodic_sparse,periodic_dense,False,1.7173237571844564,0.139714512923943
shared_controller_admission_capacity1,1,layered_bursty,periodic_dense,False,1.9802994660471114,0.16110915264802794
shared_controller_admission_capacity1,1,periodic_dense,periodic_dense,True,1.9802994660471114,0.16110915264802794
shared_controller_admission_capacity1,1,periodic_sparse,periodic_dense,False,20.97019293870584,0.017478923877426666
shared_controller_admission_capacity1,2,layered_bursty,periodic_dense,False,0.7225937805361242,1.2956372753495604
shared_controller_admission_capacity1,2,periodic_dense,periodic_dense,True,15.50434627594681,0.11410013423553167
shared_controller_admission_capacity1,2,periodic_sparse,periodic_dense,False,0.7225937805361242,1.2956372753495604
shared_controller_admission_capacity1,3,layered_bursty,periodic_dense,False,1.642623941791616,0.23080236176974234
shared_controller_admission_capacity1,3,periodic_dense,periodic_dense,True,5.2214023818609565,0.0771403927169576
shared_controller_admission_capacity1,3,periodic_sparse,periodic_dense,False,1.642623941791616,0.23080236176974234
shared_controller_admission_capacity1,4,layered_bursty,periodic_dense,False,1.7173237571844564,0.139714512923943
shared_controller_admission_capacity1,4,periodic_dense,periodic_dense,True,1.7173237571844564,0.139714512923943
shared_controller_admission_capacity1,4,periodic_sparse,periodic_dense,False,1.7173237571844564,0.139714512923943
shared_controller_admission_capacity1,5,layered_bursty,periodic_dense,False,1.8301184899198302,0.14889521001493788
shared_controller_admission_capacity1,5,periodic_dense,periodic_dense,True,1.8304311196061527,0.14887169224596386
shared_controller_admission_capacity1,5,periodic_sparse,layered_bursty,False,12.998877837310495,0.5841675435161999
shared_controller_admission_capacity1,6,layered_bursty,periodic_dense,False,1.7173237571844564,0.139714512923943
shared_controller_admission_capacity1,6,periodic_dense,periodic_dense,True,1.7173237571844564,0.139714512923943
shared_controller_admission_capacity1,6,periodic_sparse,periodic_dense,False,1.7173237571844564,0.139714512923943
shared_controller_admission_capacity1,7,layered_bursty,periodic_dense,False,1.6817286107189564,0.18293304482826334
shared_controller_admission_capacity1,7,periodic_dense,periodic_dense,True,3.820172593395243,0.0839880863009097
shared_controller_admission_capacity1,7,periodic_sparse,periodic_dense,False,1.6817286107189564,0.18293304482826334
shared_controller_admission_capacity1,8,layered_bursty,periodic_dense,False,1.9594526749456005,0.15941314206610402
shared_controller_admission_capacity1,8,periodic_dense,periodic_dense,True,1.9594526749456005,0.15941314206610402
shared_controller_admission_capacity1,8,periodic_sparse,periodic_dense,False,20.107979552207055,0.016159665089329422
shared_controller_admission_capacity1,9,layered_bursty,periodic_sparse,False,18.667374577261377,0.147355186988527
shared_controller_admission_capacity1,9,periodic_dense,layered_bursty,False,0.0,1.933244572478772
shared_controller_admission_capacity1,9,periodic_sparse,layered_bursty,False,0.0,1.933244572478772
shared_controller_admission_capacity2,0,layered_bursty,layered_bursty,True,0.0,0.0
shared_controller_admission_capacity2,0,periodic_dense,layered_bursty,False,0.0,0.0
shared_controller_admission_capacity2,0,periodic_sparse,layered_bursty,False,0.0,0.0
shared_controller_admission_capacity2,1,layered_bursty,layered_bursty,True,0.0,0.0
shared_controller_admission_capacity2,1,periodic_dense,layered_bursty,False,0.0,0.0
shared_controller_admission_capacity2,1,periodic_sparse,layered_bursty,False,0.0,0.0
shared_controller_admission_capacity2,2,layered_bursty,layered_bursty,True,0.0,0.0
shared_controller_admission_capacity2,2,periodic_dense,layered_bursty,False,0.0,0.0
shared_controller_admission_capacity2,2,periodic_sparse,layered_bursty,False,0.0,0.0
shared_controller_admission_capacity2,3,layered_bursty,layered_bursty,True,0.0,0.0
shared_controller_admission_capacity2,3,periodic_dense,layered_bursty,False,0.0,0.0
shared_controller_admission_capacity2,3,periodic_sparse,layered_bursty,False,0.0,0.0
shared_controller_admission_capacity2,4,layered_bursty,layered_bursty,True,0.0,0.0
shared_controller_admission_capacity2,4,periodic_dense,layered_bursty,False,0.0,0.0
shared_controller_admission_capacity2,4,periodic_sparse,layered_bursty,False,0.0,0.0
shared_controller_admission_capacity2,5,layered_bursty,layered_bursty,True,0.0,0.0
shared_controller_admission_capacity2,5,periodic_dense,layered_bursty,False,0.0,0.0
shared_controller_admission_capacity2,5,periodic_sparse,layered_bursty,False,0.0,0.0
shared_controller_admission_capacity2,6,layered_bursty,layered_bursty,True,0.0,0.0
shared_controller_admission_capacity2,6,periodic_dense,layered_bursty,False,0.0,0.0
shared_controller_admission_capacity2,6,periodic_sparse,layered_bursty,False,0.0,0.0
shared_controller_admission_capacity2,7,layered_bursty,layered_bursty,True,0.0,0.0
shared_controller_admission_capacity2,7,periodic_dense,layered_bursty,False,0.0,0.0
shared_controller_admission_capacity2,7,periodic_sparse,layered_bursty,False,0.0,0.0
shared_controller_admission_capacity2,8,layered_bursty,layered_bursty,True,0.0,0.0
shared_controller_admission_capacity2,8,periodic_dense,layered_bursty,False,0.0,0.0
shared_controller_admission_capacity2,8,periodic_sparse,layered_bursty,False,0.0,0.0
shared_controller_admission_capacity2,9,layered_bursty,layered_bursty,True,0.0,0.0
shared_controller_admission_capacity2,9,periodic_dense,layered_bursty,False,0.0,0.0
shared_controller_admission_capacity2,9,periodic_sparse,layered_bursty,False,0.0,0.0
shared_data_path_capacity1,0,layered_bursty,periodic_dense,False,7.174037819777448,0.6687193291660378
shared_data_path_capacity1,0,periodic_dense,layered_bursty,False,5.978327409392705,0.31380718656164763
shared_data_path_capacity1,0,periodic_sparse,periodic_sparse,True,4.572950696643351,0.830193898943115
shared_data_path_capacity1,1,layered_bursty,periodic_sparse,False,7.073061154844819,0.32532834607990146
shared_data_path_capacity1,1,periodic_dense,periodic_dense,True,6.005331885739674,0.9960944793105453
shared_data_path_capacity1,1,periodic_sparse,periodic_dense,False,6.988137893936512,0.4169267935237402
shared_data_path_capacity1,2,layered_bursty,layered_bursty,True,7.202659634073772,0.49408360739429824
shared_data_path_capacity1,2,periodic_dense,periodic_sparse,False,7.9261211512786485,0.03440861668980855
shared_data_path_capacity1,2,periodic_sparse,periodic_sparse,True,5.053243827011318,0.9590811212302448
shared_data_path_capacity1,3,layered_bursty,layered_bursty,True,6.6182400076453884,0.34401358087575407
shared_data_path_capacity1,3,periodic_dense,periodic_dense,True,6.664397582450264,0.4913381633140945
shared_data_path_capacity1,3,periodic_sparse,periodic_sparse,True,4.80370788255055,0.42146986191301306
shared_data_path_capacity1,4,layered_bursty,periodic_dense,False,7.337197538770417,0.6431937022155694
shared_data_path_capacity1,4,periodic_dense,periodic_dense,True,5.987330379805076,0.5990935782654745
shared_data_path_capacity1,4,periodic_sparse,periodic_sparse,True,4.595301589209995,0.46939581706901023
shared_data_path_capacity1,5,layered_bursty,layered_bursty,True,8.56226167318555,0.18456851730811685
shared_data_path_capacity1,5,periodic_dense,layered_bursty,False,7.09111606174013,0.07327268246718788
shared_data_path_capacity1,5,periodic_sparse,periodic_sparse,True,7.192238661352064,0.0963246788867389
shared_data_path_capacity1,6,layered_bursty,periodic_dense,False,7.732209184444627,0.9922265926074259
shared_data_path_capacity1,6,periodic_dense,layered_bursty,False,5.941932261019569,0.5488662644920996
shared_data_path_capacity1,6,periodic_sparse,periodic_sparse,True,6.37565337534881,0.3561321190985316
shared_data_path_capacity1,7,layered_bursty,periodic_sparse,False,8.574692769717165,0.4691586399663983
shared_data_path_capacity1,7,periodic_dense,periodic_dense,True,6.319309670443658,0.9629953250331953
shared_data_path_capacity1,7,periodic_sparse,periodic_dense,False,6.368922374487095,0.37328591997424176
shared_data_path_capacity1,8,layered_bursty,periodic_sparse,False,8.701635004268006,0.002924996224582088
shared_data_path_capacity1,8,periodic_dense,periodic_sparse,False,6.837772296396779,0.11253702352885053
shared_data_path_capacity1,8,periodic_sparse,periodic_sparse,True,7.681134161467013,0.09712807818524194
shared_data_path_capacity1,9,layered_bursty,layered_bursty,True,7.87150748521157,1.1322281667660157
shared_data_path_capacity1,9,periodic_dense,periodic_sparse,False,7.413790673860135,0.20073567415778637
shared_data_path_capacity1,9,periodic_sparse,layered_bursty,False,6.0669301588132045,0.1753164036647803
shared_data_path_capacity2,0,layered_bursty,layered_bursty,True,0.0,0.0
shared_data_path_capacity2,0,periodic_dense,layered_bursty,False,0.0,0.0
shared_data_path_capacity2,0,periodic_sparse,layered_bursty,False,0.0,0.0
shared_data_path_capacity2,1,layered_bursty,layered_bursty,True,0.0,0.0
shared_data_path_capacity2,1,periodic_dense,layered_bursty,False,0.0,0.0
shared_data_path_capacity2,1,periodic_sparse,layered_bursty,False,0.0,0.0
shared_data_path_capacity2,2,layered_bursty,layered_bursty,True,0.0,0.0
shared_data_path_capacity2,2,periodic_dense,layered_bursty,False,0.0,0.0
shared_data_path_capacity2,2,periodic_sparse,layered_bursty,False,0.0,0.0
shared_data_path_capacity2,3,layered_bursty,layered_bursty,True,0.0,0.0
shared_data_path_capacity2,3,periodic_dense,layered_bursty,False,0.0,0.0
shared_data_path_capacity2,3,periodic_sparse,layered_bursty,False,0.0,0.0
shared_data_path_capacity2,4,layered_bursty,layered_bursty,True,0.0,0.0
shared_data_path_capacity2,4,periodic_dense,layered_bursty,False,0.0,0.0
shared_data_path_capacity2,4,periodic_sparse,layered_bursty,False,0.0,0.0
shared_data_path_capacity2,5,layered_bursty,layered_bursty,True,0.0,0.0
shared_data_path_capacity2,5,periodic_dense,layered_bursty,False,0.0,0.0
shared_data_path_capacity2,5,periodic_sparse,layered_bursty,False,0.0,0.0
shared_data_path_capacity2,6,layered_bursty,layered_bursty,True,0.0,0.0
shared_data_path_capacity2,6,periodic_dense,layered_bursty,False,0.0,0.0
shared_data_path_capacity2,6,periodic_sparse,layered_bursty,False,0.0,0.0
shared_data_path_capacity2,7,layered_bursty,layered_bursty,True,0.0,0.0
shared_data_path_capacity2,7,periodic_dense,layered_bursty,False,0.0,0.0
shared_data_path_capacity2,7,periodic_sparse,layered_bursty,False,0.0,0.0
shared_data_path_capacity2,8,layered_bursty,layered_bursty,True,0.0,0.0
shared_data_path_capacity2,8,periodic_dense,layered_bursty,False,0.0,0.0
shared_data_path_capacity2,8,periodic_sparse,layered_bursty,False,0.0,0.0
shared_data_path_capacity2,9,layered_bursty,layered_bursty,True,0.0,0.0
shared_data_path_capacity2,9,periodic_dense,layered_bursty,False,0.0,0.0
shared_data_path_capacity2,9,periodic_sparse,layered_bursty,False,0.0,0.0
shared_data_path_partitioned_two_lanes,0,layered_bursty,layered_bursty,True,0.0,0.0
shared_data_path_partitioned_two_lanes,0,periodic_dense,layered_bursty,False,0.0,0.0
shared_data_path_partitioned_two_lanes,0,periodic_sparse,layered_bursty,False,0.0,0.0
shared_data_path_partitioned_two_lanes,1,layered_bursty,layered_bursty,True,0.0,0.0
shared_data_path_partitioned_two_lanes,1,periodic_dense,layered_bursty,False,0.0,0.0
shared_data_path_partitioned_two_lanes,1,periodic_sparse,layered_bursty,False,0.0,0.0
shared_data_path_partitioned_two_lanes,2,layered_bursty,layered_bursty,True,0.0,0.0
shared_data_path_partitioned_two_lanes,2,periodic_dense,layered_bursty,False,0.0,0.0
shared_data_path_partitioned_two_lanes,2,periodic_sparse,layered_bursty,False,0.0,0.0
shared_data_path_partitioned_two_lanes,3,layered_bursty,layered_bursty,True,0.0,0.0
shared_data_path_partitioned_two_lanes,3,periodic_dense,layered_bursty,False,0.0,0.0
shared_data_path_partitioned_two_lanes,3,periodic_sparse,layered_bursty,False,0.0,0.0
shared_data_path_partitioned_two_lanes,4,layered_bursty,layered_bursty,True,0.0,0.0
shared_data_path_partitioned_two_lanes,4,periodic_dense,layered_bursty,False,0.0,0.0
shared_data_path_partitioned_two_lanes,4,periodic_sparse,layered_bursty,False,0.0,0.0
shared_data_path_partitioned_two_lanes,5,layered_bursty,layered_bursty,True,0.0,0.0
shared_data_path_partitioned_two_lanes,5,periodic_dense,layered_bursty,False,0.0,0.0
shared_data_path_partitioned_two_lanes,5,periodic_sparse,layered_bursty,False,0.0,0.0
shared_data_path_partitioned_two_lanes,6,layered_bursty,layered_bursty,True,0.0,0.0
shared_data_path_partitioned_two_lanes,6,periodic_dense,layered_bursty,False,0.0,0.0
shared_data_path_partitioned_two_lanes,6,periodic_sparse,layered_bursty,False,0.0,0.0
shared_data_path_partitioned_two_lanes,7,layered_bursty,layered_bursty,True,0.0,0.0
shared_data_path_partitioned_two_lanes,7,periodic_dense,layered_bursty,False,0.0,0.0
shared_data_path_partitioned_two_lanes,7,periodic_sparse,layered_bursty,False,0.0,0.0
shared_data_path_partitioned_two_lanes,8,layered_bursty,layered_bursty,True,0.0,0.0
shared_data_path_partitioned_two_lanes,8,periodic_dense,layered_bursty,False,0.0,0.0
shared_data_path_partitioned_two_lanes,8,periodic_sparse,layered_bursty,False,0.0,0.0
shared_data_path_partitioned_two_lanes,9,layered_bursty,layered_bursty,True,0.0,0.0
shared_data_path_partitioned_two_lanes,9,periodic_dense,layered_bursty,False,0.0,0.0
shared_data_path_partitioned_two_lanes,9,periodic_sparse,layered_bursty,False,0.0,0.0
shared_destination_link_interface_capacity1,0,layered_bursty,layered_bursty,True,1.7599308655000958,0.2136151343182533
shared_destination_link_interface_capacity1,0,periodic_dense,layered_bursty,False,1.7599308655000958,0.2136151343182533
shared_destination_link_interface_capacity1,0,periodic_sparse,layered_bursty,False,1.7599308655000958,0.2136151343182533
shared_destination_link_interface_capacity1,1,layered_bursty,layered_bursty,True,1.9798317108245587,0.23682560921195606
shared_destination_link_interface_capacity1,1,periodic_dense,layered_bursty,False,2.2368378213950515,0.24597676288580406
shared_destination_link_interface_capacity1,1,periodic_sparse,periodic_dense,False,18.65498930876274,0.208160790868142
shared_destination_link_interface_capacity1,2,layered_bursty,periodic_dense,False,1.4059760114161188,0.48383322727300215
shared_destination_link_interface_capacity1,2,periodic_dense,periodic_dense,True,14.339676065157258,0.05549396050069433
shared_destination_link_interface_capacity1,2,periodic_sparse,periodic_dense,False,1.4059760114161188,0.48383322727300215
shared_destination_link_interface_capacity1,3,layered_bursty,layered_bursty,True,1.7983588067242071,0.025308976568223285
shared_destination_link_interface_capacity1,3,periodic_dense,layered_bursty,False,7.953640586614198,0.005760670209888907
shared_destination_link_interface_capacity1,3,periodic_sparse,layered_bursty,False,1.7983588067242071,0.025308976568223285
shared_destination_link_interface_capacity1,4,layered_bursty,layered_bursty,True,1.7599308655000958,0.2136151343182533
shared_destination_link_interface_capacity1,4,periodic_dense,layered_bursty,False,1.7599308655000958,0.2136151343182533
shared_destination_link_interface_capacity1,4,periodic_sparse,layered_bursty,False,1.7599308655000958,0.2136151343182533
shared_destination_link_interface_capacity1,5,layered_bursty,layered_bursty,True,1.9066500794200452,0.158528375234543
shared_destination_link_interface_capacity1,5,periodic_dense,periodic_sparse,False,4.996758343543194,0.3374171510677586
shared_destination_link_interface_capacity1,5,periodic_sparse,layered_bursty,False,13.960632383759997,0.6255731692436939
shared_destination_link_interface_capacity1,6,layered_bursty,layered_bursty,True,1.7599308655000958,0.2136151343182533
shared_destination_link_interface_capacity1,6,periodic_dense,layered_bursty,False,1.7599308655000958,0.2136151343182533
shared_destination_link_interface_capacity1,6,periodic_sparse,layered_bursty,False,1.7599308655000958,0.2136151343182533
shared_destination_link_interface_capacity1,7,layered_bursty,layered_bursty,True,1.789212613691856,0.07046000773896188
shared_destination_link_interface_capacity1,7,periodic_dense,layered_bursty,False,7.010231562052399,0.018313595766604074
shared_destination_link_interface_capacity1,7,periodic_sparse,layered_bursty,False,1.789212613691856,0.07046000773896188
shared_destination_link_interface_capacity1,8,layered_bursty,layered_bursty,True,2.2118443178432523,0.18804509974027006
shared_destination_link_interface_capacity1,8,periodic_dense,layered_bursty,False,1.9929783297568906,0.2450958464600288
shared_destination_link_interface_capacity1,8,periodic_sparse,periodic_dense,False,19.49038980089683,0.1130536317719475
shared_destination_link_interface_capacity1,9,layered_bursty,periodic_sparse,False,17.473421492201428,0.1920760175184988
shared_destination_link_interface_capacity1,9,periodic_dense,layered_bursty,False,4.296954108698825,0.5075649817062278
shared_destination_link_interface_capacity1,9,periodic_sparse,layered_bursty,False,0.10497686262823322,2.0469081760042096
shared_destination_link_interface_capacity2,0,layered_bursty,layered_bursty,True,0.0,0.0
shared_destination_link_interface_capacity2,0,periodic_dense,layered_bursty,False,0.0,0.0
shared_destination_link_interface_capacity2,0,periodic_sparse,layered_bursty,False,0.0,0.0
shared_destination_link_interface_capacity2,1,layered_bursty,layered_bursty,True,0.0,0.0
shared_destination_link_interface_capacity2,1,periodic_dense,layered_bursty,False,0.0,0.0
shared_destination_link_interface_capacity2,1,periodic_sparse,layered_bursty,False,0.0,0.0
shared_destination_link_interface_capacity2,2,layered_bursty,layered_bursty,True,0.0,0.0
shared_destination_link_interface_capacity2,2,periodic_dense,layered_bursty,False,0.0,0.0
shared_destination_link_interface_capacity2,2,periodic_sparse,layered_bursty,False,0.0,0.0
shared_destination_link_interface_capacity2,3,layered_bursty,layered_bursty,True,0.0,0.0
shared_destination_link_interface_capacity2,3,periodic_dense,layered_bursty,False,0.0,0.0
shared_destination_link_interface_capacity2,3,periodic_sparse,layered_bursty,False,0.0,0.0
shared_destination_link_interface_capacity2,4,layered_bursty,layered_bursty,True,0.0,0.0
shared_destination_link_interface_capacity2,4,periodic_dense,layered_bursty,False,0.0,0.0
shared_destination_link_interface_capacity2,4,periodic_sparse,layered_bursty,False,0.0,0.0
shared_destination_link_interface_capacity2,5,layered_bursty,layered_bursty,True,0.0,0.0
shared_destination_link_interface_capacity2,5,periodic_dense,layered_bursty,False,0.0,0.0
shared_destination_link_interface_capacity2,5,periodic_sparse,layered_bursty,False,0.0,0.0
shared_destination_link_interface_capacity2,6,layered_bursty,layered_bursty,True,0.0,0.0
shared_destination_link_interface_capacity2,6,periodic_dense,layered_bursty,False,0.0,0.0
shared_destination_link_interface_capacity2,6,periodic_sparse,layered_bursty,False,0.0,0.0
shared_destination_link_interface_capacity2,7,layered_bursty,layered_bursty,True,0.0,0.0
shared_destination_link_interface_capacity2,7,periodic_dense,layered_bursty,False,0.0,0.0
shared_destination_link_interface_capacity2,7,periodic_sparse,layered_bursty,False,0.0,0.0
shared_destination_link_interface_capacity2,8,layered_bursty,layered_bursty,True,0.0,0.0
shared_destination_link_interface_capacity2,8,periodic_dense,layered_bursty,False,0.0,0.0
shared_destination_link_interface_capacity2,8,periodic_sparse,layered_bursty,False,0.0,0.0
shared_destination_link_interface_capacity2,9,layered_bursty,layered_bursty,True,0.0,0.0
shared_destination_link_interface_capacity2,9,periodic_dense,layered_bursty,False,0.0,0.0
shared_destination_link_interface_capacity2,9,periodic_sparse,layered_bursty,False,0.0,0.0
shared_full_pipeline_capacity1,0,layered_bursty,periodic_dense,False,7.174037819777448,0.6687193291660378
shared_full_pipeline_capacity1,0,periodic_dense,layered_bursty,False,5.978327409392705,0.31380718656164763
shared_full_pipeline_capacity1,0,periodic_sparse,periodic_sparse,True,4.572950696643351,0.830193898943115
shared_full_pipeline_capacity1,1,layered_bursty,periodic_sparse,False,7.073061154844819,0.32532834607990146
shared_full_pipeline_capacity1,1,periodic_dense,periodic_dense,True,6.005331885739674,0.9960944793105453
shared_full_pipeline_capacity1,1,periodic_sparse,periodic_dense,False,6.988137893936512,0.4169267935237402
shared_full_pipeline_capacity1,2,layered_bursty,layered_bursty,True,7.202659634073772,0.49408360739429824
shared_full_pipeline_capacity1,2,periodic_dense,periodic_sparse,False,7.9261211512786485,0.03440861668980855
shared_full_pipeline_capacity1,2,periodic_sparse,periodic_sparse,True,5.053243827011318,0.9590811212302448
shared_full_pipeline_capacity1,3,layered_bursty,layered_bursty,True,6.6182400076453884,0.34401358087575407
shared_full_pipeline_capacity1,3,periodic_dense,periodic_dense,True,6.664397582450264,0.4913381633140945
shared_full_pipeline_capacity1,3,periodic_sparse,periodic_sparse,True,4.80370788255055,0.42146986191301306
shared_full_pipeline_capacity1,4,layered_bursty,periodic_dense,False,7.337197538770417,0.6431937022155694
shared_full_pipeline_capacity1,4,periodic_dense,periodic_dense,True,5.987330379805076,0.5990935782654745
shared_full_pipeline_capacity1,4,periodic_sparse,periodic_sparse,True,4.595301589209995,0.46939581706901023
shared_full_pipeline_capacity1,5,layered_bursty,layered_bursty,True,8.56226167318555,0.18456851730811685
shared_full_pipeline_capacity1,5,periodic_dense,layered_bursty,False,7.09111606174013,0.07327268246718788
shared_full_pipeline_capacity1,5,periodic_sparse,periodic_sparse,True,7.192238661352064,0.0963246788867389
shared_full_pipeline_capacity1,6,layered_bursty,periodic_dense,False,7.732209184444627,0.9922265926074259
shared_full_pipeline_capacity1,6,periodic_dense,layered_bursty,False,5.941932261019569,0.5488662644920996
shared_full_pipeline_capacity1,6,periodic_sparse,periodic_sparse,True,6.37565337534881,0.3561321190985316
shared_full_pipeline_capacity1,7,layered_bursty,periodic_sparse,False,8.574692769717165,0.4691586399663983
shared_full_pipeline_capacity1,7,periodic_dense,periodic_dense,True,6.319309670443658,0.9629953250331953
shared_full_pipeline_capacity1,7,periodic_sparse,periodic_dense,False,6.368922374487095,0.37328591997424176
shared_full_pipeline_capacity1,8,layered_bursty,periodic_sparse,False,8.701635004268006,0.002924996224582088
shared_full_pipeline_capacity1,8,periodic_dense,periodic_sparse,False,6.837772296396779,0.11253702352885053
shared_full_pipeline_capacity1,8,periodic_sparse,periodic_sparse,True,7.681134161467013,0.09712807818524194
shared_full_pipeline_capacity1,9,layered_bursty,layered_bursty,True,7.87150748521157,1.1322281667660157
shared_full_pipeline_capacity1,9,periodic_dense,periodic_sparse,False,7.413790673860135,0.20073567415778637
shared_full_pipeline_capacity1,9,periodic_sparse,layered_bursty,False,6.0669301588132045,0.1753164036647803
shared_full_pipeline_capacity2,0,layered_bursty,layered_bursty,True,0.0,0.0
shared_full_pipeline_capacity2,0,periodic_dense,layered_bursty,False,0.0,0.0
shared_full_pipeline_capacity2,0,periodic_sparse,layered_bursty,False,0.0,0.0
shared_full_pipeline_capacity2,1,layered_bursty,layered_bursty,True,0.0,0.0
shared_full_pipeline_capacity2,1,periodic_dense,layered_bursty,False,0.0,0.0
shared_full_pipeline_capacity2,1,periodic_sparse,layered_bursty,False,0.0,0.0
shared_full_pipeline_capacity2,2,layered_bursty,layered_bursty,True,0.0,0.0
shared_full_pipeline_capacity2,2,periodic_dense,layered_bursty,False,0.0,0.0
shared_full_pipeline_capacity2,2,periodic_sparse,layered_bursty,False,0.0,0.0
shared_full_pipeline_capacity2,3,layered_bursty,layered_bursty,True,0.0,0.0
shared_full_pipeline_capacity2,3,periodic_dense,layered_bursty,False,0.0,0.0
shared_full_pipeline_capacity2,3,periodic_sparse,layered_bursty,False,0.0,0.0
shared_full_pipeline_capacity2,4,layered_bursty,layered_bursty,True,0.0,0.0
shared_full_pipeline_capacity2,4,periodic_dense,layered_bursty,False,0.0,0.0
shared_full_pipeline_capacity2,4,periodic_sparse,layered_bursty,False,0.0,0.0
shared_full_pipeline_capacity2,5,layered_bursty,layered_bursty,True,0.0,0.0
shared_full_pipeline_capacity2,5,periodic_dense,layered_bursty,False,0.0,0.0
shared_full_pipeline_capacity2,5,periodic_sparse,layered_bursty,False,0.0,0.0
shared_full_pipeline_capacity2,6,layered_bursty,layered_bursty,True,0.0,0.0
shared_full_pipeline_capacity2,6,periodic_dense,layered_bursty,False,0.0,0.0
shared_full_pipeline_capacity2,6,periodic_sparse,layered_bursty,False,0.0,0.0
shared_full_pipeline_capacity2,7,layered_bursty,layered_bursty,True,0.0,0.0
shared_full_pipeline_capacity2,7,periodic_dense,layered_bursty,False,0.0,0.0
shared_full_pipeline_capacity2,7,periodic_sparse,layered_bursty,False,0.0,0.0
shared_full_pipeline_capacity2,8,layered_bursty,layered_bursty,True,0.0,0.0
shared_full_pipeline_capacity2,8,periodic_dense,layered_bursty,False,0.0,0.0
shared_full_pipeline_capacity2,8,periodic_sparse,layered_bursty,False,0.0,0.0
shared_full_pipeline_capacity2,9,layered_bursty,layered_bursty,True,0.0,0.0
shared_full_pipeline_capacity2,9,periodic_dense,layered_bursty,False,0.0,0.0
shared_full_pipeline_capacity2,9,periodic_sparse,layered_bursty,False,0.0,0.0
shared_full_pipeline_partitioned_two_lanes,0,layered_bursty,layered_bursty,True,0.0,0.0
shared_full_pipeline_partitioned_two_lanes,0,periodic_dense,layered_bursty,False,0.0,0.0
shared_full_pipeline_partitioned_two_lanes,0,periodic_sparse,layered_bursty,False,0.0,0.0
shared_full_pipeline_partitioned_two_lanes,1,layered_bursty,layered_bursty,True,0.0,0.0
shared_full_pipeline_partitioned_two_lanes,1,periodic_dense,layered_bursty,False,0.0,0.0
shared_full_pipeline_partitioned_two_lanes,1,periodic_sparse,layered_bursty,False,0.0,0.0
shared_full_pipeline_partitioned_two_lanes,2,layered_bursty,layered_bursty,True,0.0,0.0
shared_full_pipeline_partitioned_two_lanes,2,periodic_dense,layered_bursty,False,0.0,0.0
shared_full_pipeline_partitioned_two_lanes,2,periodic_sparse,layered_bursty,False,0.0,0.0
shared_full_pipeline_partitioned_two_lanes,3,layered_bursty,layered_bursty,True,0.0,0.0
shared_full_pipeline_partitioned_two_lanes,3,periodic_dense,layered_bursty,False,0.0,0.0
shared_full_pipeline_partitioned_two_lanes,3,periodic_sparse,layered_bursty,False,0.0,0.0
shared_full_pipeline_partitioned_two_lanes,4,layered_bursty,layered_bursty,True,0.0,0.0
shared_full_pipeline_partitioned_two_lanes,4,periodic_dense,layered_bursty,False,0.0,0.0
shared_full_pipeline_partitioned_two_lanes,4,periodic_sparse,layered_bursty,False,0.0,0.0
shared_full_pipeline_partitioned_two_lanes,5,layered_bursty,layered_bursty,True,0.0,0.0
shared_full_pipeline_partitioned_two_lanes,5,periodic_dense,layered_bursty,False,0.0,0.0
shared_full_pipeline_partitioned_two_lanes,5,periodic_sparse,layered_bursty,False,0.0,0.0
shared_full_pipeline_partitioned_two_lanes,6,layered_bursty,layered_bursty,True,0.0,0.0
shared_full_pipeline_partitioned_two_lanes,6,periodic_dense,layered_bursty,False,0.0,0.0
shared_full_pipeline_partitioned_two_lanes,6,periodic_sparse,layered_bursty,False,0.0,0.0
shared_full_pipeline_partitioned_two_lanes,7,layered_bursty,layered_bursty,True,0.0,0.0
shared_full_pipeline_partitioned_two_lanes,7,periodic_dense,layered_bursty,False,0.0,0.0
shared_full_pipeline_partitioned_two_lanes,7,periodic_sparse,layered_bursty,False,0.0,0.0
shared_full_pipeline_partitioned_two_lanes,8,layered_bursty,layered_bursty,True,0.0,0.0
shared_full_pipeline_partitioned_two_lanes,8,periodic_dense,layered_bursty,False,0.0,0.0
shared_full_pipeline_partitioned_two_lanes,8,periodic_sparse,layered_bursty,False,0.0,0.0
shared_full_pipeline_partitioned_two_lanes,9,layered_bursty,layered_bursty,True,0.0,0.0
shared_full_pipeline_partitioned_two_lanes,9,periodic_dense,layered_bursty,False,0.0,0.0
shared_full_pipeline_partitioned_two_lanes,9,periodic_sparse,layered_bursty,False,0.0,0.0
shared_source_link_interface_capacity1,0,layered_bursty,periodic_dense,False,7.174037819777448,0.6687193291660378
shared_source_link_interface_capacity1,0,periodic_dense,layered_bursty,False,5.978327409392705,0.31380718656164763
shared_source_link_interface_capacity1,0,periodic_sparse,periodic_sparse,True,4.572950696643351,0.830193898943115
shared_source_link_interface_capacity1,1,layered_bursty,periodic_sparse,False,7.073061154844819,0.32532834607990146
shared_source_link_interface_capacity1,1,periodic_dense,periodic_dense,True,6.005331885739674,0.9960944793105453
shared_source_link_interface_capacity1,1,periodic_sparse,periodic_dense,False,6.988137893936512,0.4169267935237402
shared_source_link_interface_capacity1,2,layered_bursty,layered_bursty,True,7.202659634073772,0.49408360739429824
shared_source_link_interface_capacity1,2,periodic_dense,periodic_sparse,False,7.9261211512786485,0.03440861668980855
shared_source_link_interface_capacity1,2,periodic_sparse,periodic_sparse,True,5.053243827011318,0.9590811212302448
shared_source_link_interface_capacity1,3,layered_bursty,layered_bursty,True,6.6182400076453884,0.34401358087575407
shared_source_link_interface_capacity1,3,periodic_dense,periodic_dense,True,6.664397582450264,0.4913381633140945
shared_source_link_interface_capacity1,3,periodic_sparse,periodic_sparse,True,4.80370788255055,0.42146986191301306
shared_source_link_interface_capacity1,4,layered_bursty,periodic_dense,False,7.337197538770417,0.6431937022155694
shared_source_link_interface_capacity1,4,periodic_dense,periodic_dense,True,5.987330379805076,0.5990935782654745
shared_source_link_interface_capacity1,4,periodic_sparse,periodic_sparse,True,4.595301589209995,0.46939581706901023
shared_source_link_interface_capacity1,5,layered_bursty,layered_bursty,True,8.56226167318555,0.18456851730811685
shared_source_link_interface_capacity1,5,periodic_dense,layered_bursty,False,7.09111606174013,0.07327268246718788
shared_source_link_interface_capacity1,5,periodic_sparse,periodic_sparse,True,7.192238661352064,0.0963246788867389
shared_source_link_interface_capacity1,6,layered_bursty,periodic_dense,False,7.732209184444627,0.9922265926074259
shared_source_link_interface_capacity1,6,periodic_dense,layered_bursty,False,5.941932261019569,0.5488662644920996
shared_source_link_interface_capacity1,6,periodic_sparse,periodic_sparse,True,6.37565337534881,0.3561321190985316
shared_source_link_interface_capacity1,7,layered_bursty,periodic_sparse,False,8.574692769717165,0.4691586399663983
shared_source_link_interface_capacity1,7,periodic_dense,periodic_dense,True,6.319309670443658,0.9629953250331953
shared_source_link_interface_capacity1,7,periodic_sparse,periodic_dense,False,6.368922374487095,0.37328591997424176
shared_source_link_interface_capacity1,8,layered_bursty,periodic_sparse,False,8.701635004268006,0.002924996224582088
shared_source_link_interface_capacity1,8,periodic_dense,periodic_sparse,False,6.837772296396779,0.11253702352885053
shared_source_link_interface_capacity1,8,periodic_sparse,periodic_sparse,True,7.681134161467013,0.09712807818524194
shared_source_link_interface_capacity1,9,layered_bursty,layered_bursty,True,7.87150748521157,1.1322281667660157
shared_source_link_interface_capacity1,9,periodic_dense,periodic_sparse,False,7.413790673860135,0.20073567415778637
shared_source_link_interface_capacity1,9,periodic_sparse,layered_bursty,False,6.0669301588132045,0.1753164036647803
shared_source_link_interface_capacity2,0,layered_bursty,layered_bursty,True,0.0,0.0
shared_source_link_interface_capacity2,0,periodic_dense,layered_bursty,False,0.0,0.0
shared_source_link_interface_capacity2,0,periodic_sparse,layered_bursty,False,0.0,0.0
shared_source_link_interface_capacity2,1,layered_bursty,layered_bursty,True,0.0,0.0
shared_source_link_interface_capacity2,1,periodic_dense,layered_bursty,False,0.0,0.0
shared_source_link_interface_capacity2,1,periodic_sparse,layered_bursty,False,0.0,0.0
shared_source_link_interface_capacity2,2,layered_bursty,layered_bursty,True,0.0,0.0
shared_source_link_interface_capacity2,2,periodic_dense,layered_bursty,False,0.0,0.0
shared_source_link_interface_capacity2,2,periodic_sparse,layered_bursty,False,0.0,0.0
shared_source_link_interface_capacity2,3,layered_bursty,layered_bursty,True,0.0,0.0
shared_source_link_interface_capacity2,3,periodic_dense,layered_bursty,False,0.0,0.0
shared_source_link_interface_capacity2,3,periodic_sparse,layered_bursty,False,0.0,0.0
shared_source_link_interface_capacity2,4,layered_bursty,layered_bursty,True,0.0,0.0
shared_source_link_interface_capacity2,4,periodic_dense,layered_bursty,False,0.0,0.0
shared_source_link_interface_capacity2,4,periodic_sparse,layered_bursty,False,0.0,0.0
shared_source_link_interface_capacity2,5,layered_bursty,layered_bursty,True,0.0,0.0
shared_source_link_interface_capacity2,5,periodic_dense,layered_bursty,False,0.0,0.0
shared_source_link_interface_capacity2,5,periodic_sparse,layered_bursty,False,0.0,0.0
shared_source_link_interface_capacity2,6,layered_bursty,layered_bursty,True,0.0,0.0
shared_source_link_interface_capacity2,6,periodic_dense,layered_bursty,False,0.0,0.0
shared_source_link_interface_capacity2,6,periodic_sparse,layered_bursty,False,0.0,0.0
shared_source_link_interface_capacity2,7,layered_bursty,layered_bursty,True,0.0,0.0
shared_source_link_interface_capacity2,7,periodic_dense,layered_bursty,False,0.0,0.0
shared_source_link_interface_capacity2,7,periodic_sparse,layered_bursty,False,0.0,0.0
shared_source_link_interface_capacity2,8,layered_bursty,layered_bursty,True,0.0,0.0
shared_source_link_interface_capacity2,8,periodic_dense,layered_bursty,False,0.0,0.0
shared_source_link_interface_capacity2,8,periodic_sparse,layered_bursty,False,0.0,0.0
shared_source_link_interface_capacity2,9,layered_bursty,layered_bursty,True,0.0,0.0
shared_source_link_interface_capacity2,9,periodic_dense,layered_bursty,False,0.0,0.0
shared_source_link_interface_capacity2,9,periodic_sparse,layered_bursty,False,0.0,0.0
shared_switch_arbiter_capacity1,0,layered_bursty,layered_bursty,True,1.7599308655000958,0.2136151343182533
shared_switch_arbiter_capacity1,0,periodic_dense,layered_bursty,False,1.7599308655000958,0.2136151343182533
shared_switch_arbiter_capacity1,0,periodic_sparse,layered_bursty,False,1.7599308655000958,0.2136151343182533
shared_switch_arbiter_capacity1,1,layered_bursty,layered_bursty,True,1.9798317108245587,0.23682560921195606
shared_switch_arbiter_capacity1,1,periodic_dense,layered_bursty,False,2.2368378213950515,0.24597676288580406
shared_switch_arbiter_capacity1,1,periodic_sparse,periodic_dense,False,18.65498930876274,0.208160790868142
shared_switch_arbiter_capacity1,2,layered_bursty,periodic_dense,False,1.4059760114161188,0.48383322727300215
shared_switch_arbiter_capacity1,2,periodic_dense,periodic_dense,True,14.339676065157258,0.05549396050069433
shared_switch_arbiter_capacity1,2,periodic_sparse,periodic_dense,False,1.4059760114161188,0.48383322727300215
shared_switch_arbiter_capacity1,3,layered_bursty,layered_bursty,True,1.7983588067242071,0.025308976568223285
shared_switch_arbiter_capacity1,3,periodic_dense,layered_bursty,False,7.953640586614198,0.005760670209888907
shared_switch_arbiter_capacity1,3,periodic_sparse,layered_bursty,False,1.7983588067242071,0.025308976568223285
shared_switch_arbiter_capacity1,4,layered_bursty,layered_bursty,True,1.7599308655000958,0.2136151343182533
shared_switch_arbiter_capacity1,4,periodic_dense,layered_bursty,False,1.7599308655000958,0.2136151343182533
shared_switch_arbiter_capacity1,4,periodic_sparse,layered_bursty,False,1.7599308655000958,0.2136151343182533
shared_switch_arbiter_capacity1,5,layered_bursty,layered_bursty,True,1.9066500794200452,0.158528375234543
shared_switch_arbiter_capacity1,5,periodic_dense,periodic_sparse,False,4.996758343543194,0.3374171510677586
shared_switch_arbiter_capacity1,5,periodic_sparse,layered_bursty,False,13.960632383759997,0.6255731692436939
shared_switch_arbiter_capacity1,6,layered_bursty,layered_bursty,True,1.7599308655000958,0.2136151343182533
shared_switch_arbiter_capacity1,6,periodic_dense,layered_bursty,False,1.7599308655000958,0.2136151343182533
shared_switch_arbiter_capacity1,6,periodic_sparse,layered_bursty,False,1.7599308655000958,0.2136151343182533
shared_switch_arbiter_capacity1,7,layered_bursty,layered_bursty,True,1.789212613691856,0.07046000773896188
shared_switch_arbiter_capacity1,7,periodic_dense,layered_bursty,False,7.010231562052399,0.018313595766604074
shared_switch_arbiter_capacity1,7,periodic_sparse,layered_bursty,False,1.789212613691856,0.07046000773896188
shared_switch_arbiter_capacity1,8,layered_bursty,layered_bursty,True,2.2118443178432523,0.18804509974027006
shared_switch_arbiter_capacity1,8,periodic_dense,layered_bursty,False,1.9929783297568906,0.2450958464600288
shared_switch_arbiter_capacity1,8,periodic_sparse,periodic_dense,False,19.49038980089683,0.1130536317719475
shared_switch_arbiter_capacity1,9,layered_bursty,periodic_sparse,False,17.473421492201428,0.1920760175184988
shared_switch_arbiter_capacity1,9,periodic_dense,layered_bursty,False,4.296954108698825,0.5075649817062278
shared_switch_arbiter_capacity1,9,periodic_sparse,layered_bursty,False,0.10497686262823322,2.0469081760042096
shared_switch_arbiter_capacity2,0,layered_bursty,layered_bursty,True,0.0,0.0
shared_switch_arbiter_capacity2,0,periodic_dense,layered_bursty,False,0.0,0.0
shared_switch_arbiter_capacity2,0,periodic_sparse,layered_bursty,False,0.0,0.0
shared_switch_arbiter_capacity2,1,layered_bursty,layered_bursty,True,0.0,0.0
shared_switch_arbiter_capacity2,1,periodic_dense,layered_bursty,False,0.0,0.0
shared_switch_arbiter_capacity2,1,periodic_sparse,layered_bursty,False,0.0,0.0
shared_switch_arbiter_capacity2,2,layered_bursty,layered_bursty,True,0.0,0.0
shared_switch_arbiter_capacity2,2,periodic_dense,layered_bursty,False,0.0,0.0
shared_switch_arbiter_capacity2,2,periodic_sparse,layered_bursty,False,0.0,0.0
shared_switch_arbiter_capacity2,3,layered_bursty,layered_bursty,True,0.0,0.0
shared_switch_arbiter_capacity2,3,periodic_dense,layered_bursty,False,0.0,0.0
shared_switch_arbiter_capacity2,3,periodic_sparse,layered_bursty,False,0.0,0.0
shared_switch_arbiter_capacity2,4,layered_bursty,layered_bursty,True,0.0,0.0
shared_switch_arbiter_capacity2,4,periodic_dense,layered_bursty,False,0.0,0.0
shared_switch_arbiter_capacity2,4,periodic_sparse,layered_bursty,False,0.0,0.0
shared_switch_arbiter_capacity2,5,layered_bursty,layered_bursty,True,0.0,0.0
shared_switch_arbiter_capacity2,5,periodic_dense,layered_bursty,False,0.0,0.0
shared_switch_arbiter_capacity2,5,periodic_sparse,layered_bursty,False,0.0,0.0
shared_switch_arbiter_capacity2,6,layered_bursty,layered_bursty,True,0.0,0.0
shared_switch_arbiter_capacity2,6,periodic_dense,layered_bursty,False,0.0,0.0
shared_switch_arbiter_capacity2,6,periodic_sparse,layered_bursty,False,0.0,0.0
shared_switch_arbiter_capacity2,7,layered_bursty,layered_bursty,True,0.0,0.0
shared_switch_arbiter_capacity2,7,periodic_dense,layered_bursty,False,0.0,0.0
shared_switch_arbiter_capacity2,7,periodic_sparse,layered_bursty,False,0.0,0.0
shared_switch_arbiter_capacity2,8,layered_bursty,layered_bursty,True,0.0,0.0
shared_switch_arbiter_capacity2,8,periodic_dense,layered_bursty,False,0.0,0.0
shared_switch_arbiter_capacity2,8,periodic_sparse,layered_bursty,False,0.0,0.0
shared_switch_arbiter_capacity2,9,layered_bursty,layered_bursty,True,0.0,0.0
shared_switch_arbiter_capacity2,9,periodic_dense,layered_bursty,False,0.0,0.0
shared_switch_arbiter_capacity2,9,periodic_sparse,layered_bursty,False,0.0,0.0
shared_switch_path_capacity1,0,layered_bursty,periodic_dense,False,5.938752217852409,0.38584284203736186
shared_switch_path_capacity1,0,periodic_dense,layered_bursty,False,6.2909177227061415,0.6980694750526446
shared_switch_path_capacity1,0,periodic_sparse,periodic_sparse,True,4.767572894968781,0.5815046332048723
shared_switch_path_capacity1,1,layered_bursty,periodic_sparse,False,5.571045345902259,0.6548087730318519
shared_switch_path_capacity1,1,periodic_dense,periodic_dense,True,6.628895879175355,0.8275478858157426
shared_switch_path_capacity1,1,periodic_sparse,layered_bursty,False,7.773941078457819,0.03338660116867498
shared_switch_path_capacity1,2,layered_bursty,layered_bursty,True,6.233075649652,0.5977742604334475
shared_switch_path_capacity1,2,periodic_dense,layered_bursty,False,8.736139297623978,0.023151539563279755
shared_switch_path_capacity1,2,periodic_sparse,periodic_sparse,True,5.39151189776853,0.7188668830714482
shared_switch_path_capacity1,3,layered_bursty,layered_bursty,True,5.206018046451789,0.6116891145852756
shared_switch_path_capacity1,3,periodic_dense,periodic_dense,True,7.215652715809823,0.44968175088284745
shared_switch_path_capacity1,3,periodic_sparse,layered_bursty,False,4.770226956655092,0.2473706405523055
shared_switch_path_capacity1,4,layered_bursty,periodic_dense,False,6.773481126926075,0.7909739596092544
shared_switch_path_capacity1,4,periodic_dense,periodic_dense,True,6.337371215615843,0.6281351353334079
shared_switch_path_capacity1,4,periodic_sparse,periodic_sparse,True,4.605527973360947,0.5064130592093754
shared_switch_path_capacity1,5,layered_bursty,layered_bursty,True,7.147362952393361,0.4605431894980603
shared_switch_path_capacity1,5,periodic_dense,layered_bursty,False,7.319496736868779,0.3062292533349682
shared_switch_path_capacity1,5,periodic_sparse,layered_bursty,False,8.007428274824388,0.0024008304703944106
shared_switch_path_capacity1,6,layered_bursty,periodic_dense,False,7.47003982936409,0.31278081057597085
shared_switch_path_capacity1,6,periodic_dense,layered_bursty,False,6.082044053001949,0.6053329766427558
shared_switch_path_capacity1,6,periodic_sparse,periodic_sparse,True,6.7675125382568435,0.49508550512512617
shared_switch_path_capacity1,7,layered_bursty,periodic_sparse,False,7.868155302547943,0.6104245343732169
shared_switch_path_capacity1,7,periodic_dense,periodic_dense,True,6.983674742596801,0.9427142256508549
shared_switch_path_capacity1,7,periodic_sparse,layered_bursty,False,6.861858415909437,0.06466372384036223
shared_switch_path_capacity1,8,layered_bursty,periodic_sparse,False,8.286519912560655,0.2885817003473896
shared_switch_path_capacity1,8,periodic_dense,layered_bursty,False,7.062557967011592,0.2040269421658083
shared_switch_path_capacity1,8,periodic_sparse,periodic_sparse,True,8.655583973953313,0.10117148293229761
shared_switch_path_capacity1,9,layered_bursty,layered_bursty,True,7.937357701233316,0.781601136203542
shared_switch_path_capacity1,9,periodic_dense,periodic_sparse,False,7.969906625743041,0.02869071765988629
shared_switch_path_capacity1,9,periodic_sparse,layered_bursty,False,6.0406343867295265,0.5704769626452038
shared_switch_path_capacity2,0,layered_bursty,layered_bursty,True,0.0,0.0
shared_switch_path_capacity2,0,periodic_dense,layered_bursty,False,0.0,0.0
shared_switch_path_capacity2,0,periodic_sparse,layered_bursty,False,0.0,0.0
shared_switch_path_capacity2,1,layered_bursty,layered_bursty,True,0.0,0.0
shared_switch_path_capacity2,1,periodic_dense,layered_bursty,False,0.0,0.0
shared_switch_path_capacity2,1,periodic_sparse,layered_bursty,False,0.0,0.0
shared_switch_path_capacity2,2,layered_bursty,layered_bursty,True,0.0,0.0
shared_switch_path_capacity2,2,periodic_dense,layered_bursty,False,0.0,0.0
shared_switch_path_capacity2,2,periodic_sparse,layered_bursty,False,0.0,0.0
shared_switch_path_capacity2,3,layered_bursty,layered_bursty,True,0.0,0.0
shared_switch_path_capacity2,3,periodic_dense,layered_bursty,False,0.0,0.0
shared_switch_path_capacity2,3,periodic_sparse,layered_bursty,False,0.0,0.0
shared_switch_path_capacity2,4,layered_bursty,layered_bursty,True,0.0,0.0
shared_switch_path_capacity2,4,periodic_dense,layered_bursty,False,0.0,0.0
shared_switch_path_capacity2,4,periodic_sparse,layered_bursty,False,0.0,0.0
shared_switch_path_capacity2,5,layered_bursty,layered_bursty,True,0.0,0.0
shared_switch_path_capacity2,5,periodic_dense,layered_bursty,False,0.0,0.0
shared_switch_path_capacity2,5,periodic_sparse,layered_bursty,False,0.0,0.0
shared_switch_path_capacity2,6,layered_bursty,layered_bursty,True,0.0,0.0
shared_switch_path_capacity2,6,periodic_dense,layered_bursty,False,0.0,0.0
shared_switch_path_capacity2,6,periodic_sparse,layered_bursty,False,0.0,0.0
shared_switch_path_capacity2,7,layered_bursty,layered_bursty,True,0.0,0.0
shared_switch_path_capacity2,7,periodic_dense,layered_bursty,False,0.0,0.0
shared_switch_path_capacity2,7,periodic_sparse,layered_bursty,False,0.0,0.0
shared_switch_path_capacity2,8,layered_bursty,layered_bursty,True,0.0,0.0
shared_switch_path_capacity2,8,periodic_dense,layered_bursty,False,0.0,0.0
shared_switch_path_capacity2,8,periodic_sparse,layered_bursty,False,0.0,0.0
shared_switch_path_capacity2,9,layered_bursty,layered_bursty,True,0.0,0.0
shared_switch_path_capacity2,9,periodic_dense,layered_bursty,False,0.0,0.0
shared_switch_path_capacity2,9,periodic_sparse,layered_bursty,False,0.0,0.0
shared_transmission_segment_capacity1,0,layered_bursty,periodic_dense,False,4.924232485429636,0.12635432652680034
shared_transmission_segment_capacity1,0,periodic_dense,layered_bursty,False,6.373076594831347,0.7468518207557402
shared_transmission_segment_capacity1,0,periodic_sparse,periodic_sparse,True,4.653004501442804,0.36761884171621784
shared_transmission_segment_capacity1,1,layered_bursty,periodic_sparse,False,4.567761706174772,0.7733342586999239
shared_transmission_segment_capacity1,1,periodic_dense,periodic_dense,True,6.918845372022106,0.6378378674676854
shared_transmission_segment_capacity1,1,periodic_sparse,layered_bursty,False,8.11496168469566,0.2345646952486593
shared_transmission_segment_capacity1,2,layered_bursty,layered_bursty,True,6.111675717563107,0.6843531879395108
shared_transmission_segment_capacity1,2,periodic_dense,layered_bursty,False,9.149319023151822,0.11013130212804789
shared_transmission_segment_capacity1,2,periodic_sparse,periodic_sparse,True,5.478078310295222,0.38811384181678843
shared_transmission_segment_capacity1,3,layered_bursty,layered_bursty,True,4.131845922655389,0.7967219040689333
shared_transmission_segment_capacity1,3,periodic_dense,periodic_dense,True,7.4422008970567815,0.4599606629614863
shared_transmission_segment_capacity1,3,periodic_sparse,layered_bursty,False,4.382663229995585,0.3876640505901934
shared_transmission_segment_capacity1,4,layered_bursty,periodic_dense,False,6.899163724013203,0.679093735516342
shared_transmission_segment_capacity1,4,periodic_dense,periodic_dense,True,6.408957574205612,0.6932778588059874
shared_transmission_segment_capacity1,4,periodic_sparse,periodic_sparse,True,4.408804436195927,0.41074403010103566
shared_transmission_segment_capacity1,5,layered_bursty,layered_bursty,True,6.628812173297376,0.6028278638790701
shared_transmission_segment_capacity1,5,periodic_dense,layered_bursty,False,7.433292337386058,0.3234072392760643
shared_transmission_segment_capacity1,5,periodic_sparse,layered_bursty,False,8.311889443592714,0.20836230067710737
shared_transmission_segment_capacity1,6,layered_bursty,periodic_sparse,False,7.453834812338244,0.07765396479666542
shared_transmission_segment_capacity1,6,periodic_dense,layered_bursty,False,6.13439250499624,0.4351485234417307
shared_transmission_segment_capacity1,6,periodic_sparse,periodic_sparse,True,6.909494790900702,0.6861786862407468
shared_transmission_segment_capacity1,7,layered_bursty,periodic_sparse,False,7.75698291050225,0.526847729164869
shared_transmission_segment_capacity1,7,periodic_dense,periodic_dense,True,7.2791956035068885,1.004279461825245
shared_transmission_segment_capacity1,7,periodic_sparse,layered_bursty,False,7.058935968446656,0.23166487644511502
shared_transmission_segment_capacity1,8,layered_bursty,periodic_sparse,False,8.400975977307422,0.24072253978381575
shared_transmission_segment_capacity1,8,periodic_dense,layered_bursty,False,7.117966435421909,0.26326853715304566
shared_transmission_segment_capacity1,8,periodic_sparse,periodic_sparse,True,9.240510086033563,0.1582540425411345
shared_transmission_segment_capacity1,9,layered_bursty,layered_bursty,True,8.061941849756325,0.6025497882558959
shared_transmission_segment_capacity1,9,periodic_dense,periodic_sparse,False,8.212219320139582,0.04040651079230351
shared_transmission_segment_capacity1,9,periodic_sparse,layered_bursty,False,6.199880035832547,0.516491617681802
shared_transmission_segment_capacity2,0,layered_bursty,layered_bursty,True,0.0,0.0
shared_transmission_segment_capacity2,0,periodic_dense,layered_bursty,False,0.0,0.0
shared_transmission_segment_capacity2,0,periodic_sparse,layered_bursty,False,0.0,0.0
shared_transmission_segment_capacity2,1,layered_bursty,layered_bursty,True,0.0,0.0
shared_transmission_segment_capacity2,1,periodic_dense,layered_bursty,False,0.0,0.0
shared_transmission_segment_capacity2,1,periodic_sparse,layered_bursty,False,0.0,0.0
shared_transmission_segment_capacity2,2,layered_bursty,layered_bursty,True,0.0,0.0
shared_transmission_segment_capacity2,2,periodic_dense,layered_bursty,False,0.0,0.0
shared_transmission_segment_capacity2,2,periodic_sparse,layered_bursty,False,0.0,0.0
shared_transmission_segment_capacity2,3,layered_bursty,layered_bursty,True,0.0,0.0
shared_transmission_segment_capacity2,3,periodic_dense,layered_bursty,False,0.0,0.0
shared_transmission_segment_capacity2,3,periodic_sparse,layered_bursty,False,0.0,0.0
shared_transmission_segment_capacity2,4,layered_bursty,layered_bursty,True,0.0,0.0
shared_transmission_segment_capacity2,4,periodic_dense,layered_bursty,False,0.0,0.0
shared_transmission_segment_capacity2,4,periodic_sparse,layered_bursty,False,0.0,0.0
shared_transmission_segment_capacity2,5,layered_bursty,layered_bursty,True,0.0,0.0
shared_transmission_segment_capacity2,5,periodic_dense,layered_bursty,False,0.0,0.0
shared_transmission_segment_capacity2,5,periodic_sparse,layered_bursty,False,0.0,0.0
shared_transmission_segment_capacity2,6,layered_bursty,layered_bursty,True,0.0,0.0
shared_transmission_segment_capacity2,6,periodic_dense,layered_bursty,False,0.0,0.0
shared_transmission_segment_capacity2,6,periodic_sparse,layered_bursty,False,0.0,0.0
shared_transmission_segment_capacity2,7,layered_bursty,layered_bursty,True,0.0,0.0
shared_transmission_segment_capacity2,7,periodic_dense,layered_bursty,False,0.0,0.0
shared_transmission_segment_capacity2,7,periodic_sparse,layered_bursty,False,0.0,0.0
shared_transmission_segment_capacity2,8,layered_bursty,layered_bursty,True,0.0,0.0
shared_transmission_segment_capacity2,8,periodic_dense,layered_bursty,False,0.0,0.0
shared_transmission_segment_capacity2,8,periodic_sparse,layered_bursty,False,0.0,0.0
shared_transmission_segment_capacity2,9,layered_bursty,layered_bursty,True,0.0,0.0
shared_transmission_segment_capacity2,9,periodic_dense,layered_bursty,False,0.0,0.0
shared_transmission_segment_capacity2,9,periodic_sparse,layered_bursty,False,0.0,0.0
