allocation_policy,communication_qubits_per_module,tenants_sharing_module,trial_count,attacker_baseline_rejection_rate,attacker_combined_rejection_rate,victim_combined_rejection_rate,mean_request_failure_rate,mean_conflict_count,mean_redirected_endpoints
coherence_aware,1,2,15,0.0,0.0,0.0,0.27701265358518246,9284.8,0.0
coherence_aware,1,3,15,0.0,0.0,0.0,0.3145951620302691,12113.866666666667,0.0
coherence_aware,1,4,15,0.0,0.0,0.0,0.3500621921300289,15270.266666666666,0.0
coherence_aware,1,8,15,0.0,0.0,0.0,0.48839849807745417,35387.13333333333,0.0
coherence_aware,2,2,15,0.0,0.0,0.0,0.0,6187.0,0.0
coherence_aware,2,3,15,0.0,0.0,0.0,0.0,7035.133333333333,0.0
coherence_aware,2,4,330,0.0,0.0,0.0,0.05585676353097002,10136.78484848485,0.0
coherence_aware,2,8,15,0.0,0.0,0.0,0.07958127093379787,30639.666666666668,0.0
coherence_aware,4,2,15,0.0,0.0,0.0,0.0,2502.4,0.0
coherence_aware,4,3,15,0.0,0.0,0.0,0.0,2767.9333333333334,0.0
coherence_aware,4,4,15,0.0,0.0,0.0,0.0,3548.133333333333,0.0
coherence_aware,4,8,15,0.0,0.0,0.0,0.0,6429.6,0.0
coherence_aware,8,2,15,0.0,0.0,0.0,0.0,212.6,0.0
coherence_aware,8,3,15,0.0,0.0,0.0,0.0,227.46666666666667,0.0
coherence_aware,8,4,15,0.0,0.0,0.0,0.0,365.06666666666666,0.0
coherence_aware,8,8,15,0.0,0.0,0.0,0.0,785.4666666666667,0.0
fair_share,1,2,15,0.0,0.0,0.0,0.27701265358518246,9284.8,0.0
fair_share,1,3,15,0.0,0.0,0.0,0.31288576824430164,11934.2,0.0
fair_share,1,4,15,0.0,0.0,0.0,0.35041307353831075,15355.266666666666,0.0
fair_share,1,8,15,0.0,0.0,0.0,0.4902731159876976,35334.0,0.0
fair_share,2,2,15,0.0,0.0,0.0,0.0,6405.2,0.0
fair_share,2,3,15,0.0,0.0,0.0,0.0010869565217391304,7523.533333333334,0.0
fair_share,2,4,330,0.0,0.0,0.0,0.07088752790727951,10513.90909090909,0.0
fair_share,2,8,15,0.0,0.0,0.0,0.12394089440278337,32558.6,0.0
fair_share,4,2,15,0.0,0.0,0.0,0.0,2541.6,0.0
fair_share,4,3,15,0.0,0.0,0.0,0.0,2999.0666666666666,0.0
fair_share,4,4,15,0.0,0.0,0.0,0.0,3452.6,0.0
fair_share,4,8,15,0.0,0.0,0.0,0.0,7322.533333333334,0.0
fair_share,8,2,15,0.0,0.0,0.0,0.0,213.8,0.0
fair_share,8,3,15,0.0,0.0,0.0,0.0,378.0,0.0
fair_share,8,4,15,0.0,0.0,0.0,0.0,400.8,0.0
fair_share,8,8,15,0.0,0.0,0.0,0.0,963.0,0.0
first_available,1,2,15,0.0,0.0,0.0,0.27701265358518246,9284.8,0.0
first_available,1,3,15,0.0,0.0,0.0,0.3273141043468753,12175.133333333333,0.0
first_available,1,4,15,0.0,0.0,0.0,0.3521409418117198,15406.6,0.0
first_available,1,8,15,0.0,0.0,0.0,0.48565352986024074,35850.46666666667,0.0
first_available,2,2,15,0.0,0.0,0.0,0.0,6405.2,0.0
first_available,2,3,15,0.0,0.0,0.0,0.0010869565217391304,7523.133333333333,0.0
first_available,2,4,330,0.0,0.0,0.0,0.06041756801360907,10255.078787878789,0.0
first_available,2,8,15,0.0,0.0,0.0,0.08721373658407626,32033.533333333333,0.0
first_available,4,2,15,0.0,0.0,0.0,0.0,2541.6,0.0
first_available,4,3,15,0.0,0.0,0.0,0.0,2736.3333333333335,0.0
first_available,4,4,15,0.0,0.0,0.0,0.0,3335.6,0.0
first_available,4,8,15,0.0,0.0,0.0,0.0,7064.6,0.0
first_available,8,2,15,0.0,0.0,0.0,0.0,213.8,0.0
first_available,8,3,15,0.0,0.0,0.0,0.0,312.8,0.0
first_available,8,4,15,0.0,0.0,0.0,0.0,477.06666666666666,0.0
first_available,8,8,15,0.0,0.0,0.0,0.0,955.4,0.0
per_tenant_reserved,1,2,15,0.0,1.0,0.0,0.5433742893819916,7398.8,0.0
per_tenant_reserved,1,3,15,0.0,1.0,0.0,0.6146220165298686,7874.8,0.0
per_tenant_reserved,1,4,15,0.0,1.0,0.0,0.6657506099213879,8370.133333333333,0.0
per_tenant_reserved,1,8,15,0.0,1.0,0.0,0.7800327151445626,10103.0,0.0
per_tenant_reserved,2,2,15,0.0,0.0,0.0,0.04634146341463415,8528.8,0.0
per_tenant_reserved,2,3,15,0.0,0.0,0.0,0.20992719156249331,8922.866666666667,0.0
per_tenant_reserved,2,4,330,0.0,0.0,0.0,0.32988773441928093,9862.987878787879,0.0
per_tenant_reserved,2,8,15,0.0,0.0,0.0,0.5648121003547681,11199.066666666668,0.0
per_tenant_reserved,4,2,15,0.0,0.0,0.0,0.04634146341463415,8528.8,0.0
per_tenant_reserved,4,3,15,0.0,0.0,0.0,0.041304347826086954,9385.666666666666,0.0
per_tenant_reserved,4,4,15,0.0,0.0,0.0,0.03725490196078431,10440.333333333334,0.0
per_tenant_reserved,4,8,15,0.0,0.0,0.0,0.38546158802993935,12485.4,0.0
per_tenant_reserved,8,2,15,0.0,0.0,0.0,0.04634146341463415,8528.8,0.0
per_tenant_reserved,8,3,15,0.0,0.0,0.0,0.041304347826086954,9638.133333333333,0.0
per_tenant_reserved,8,4,15,0.0,0.0,0.0,0.03725490196078431,10333.2,0.0
per_tenant_reserved,8,8,15,0.0,0.0,0.0,0.02676056338028169,15029.266666666666,0.0
predicted_demand,1,2,15,0.0,0.0,0.0,0.27701265358518246,9284.8,0.0
predicted_demand,1,3,15,0.0,0.0,0.0,0.31446280898422363,11801.4,0.0
predicted_demand,1,4,15,0.0,0.0,0.0,0.35407142104153494,15438.466666666667,0.0
predicted_demand,1,8,15,0.0,0.0,0.0,0.48611174251812195,35584.46666666667,0.0
predicted_demand,2,2,15,0.0,0.0,0.0,0.0,6157.2,0.0
predicted_demand,2,3,15,0.0,0.0,0.0,0.0007246376811594203,7374.6,0.0
predicted_demand,2,4,330,0.0,0.0,0.0,0.06834104882955581,10038.41212121212,0.0
predicted_demand,2,8,15,0.0,0.0,0.0,0.10091070724666416,28319.666666666668,0.0
predicted_demand,4,2,15,0.0,0.0,0.0,0.0,2489.0,0.0
predicted_demand,4,3,15,0.0,0.0,0.0,0.0,2908.0666666666666,0.0
predicted_demand,4,4,15,0.0,0.0,0.0,0.0,3407.133333333333,0.0
predicted_demand,4,8,15,0.0,0.0,0.0,0.0,7093.066666666667,0.0
predicted_demand,8,2,15,0.0,0.0,0.0,0.0,212.6,0.0
predicted_demand,8,3,15,0.0,0.0,0.0,0.0,224.0,0.0
predicted_demand,8,4,15,0.0,0.0,0.0,0.0,429.46666666666664,0.0
predicted_demand,8,8,15,0.0,0.0,0.0,0.0,785.4,0.0
priority_allocation,1,2,15,0.0,0.0,0.0,0.27701265358518246,9284.8,0.0
priority_allocation,1,3,15,0.0,0.0,0.0,0.3167897492946163,12008.2,0.0
priority_allocation,1,4,15,0.0,0.0,0.0,0.34047875406271993,15446.533333333333,0.0
priority_allocation,1,8,15,0.0,0.0,0.0,0.48949220713926594,35227.6,0.0
priority_allocation,2,2,15,0.0,0.0,0.0,0.0,6405.2,0.0
priority_allocation,2,3,15,0.0,0.0,0.0,0.0010869565217391304,7740.933333333333,0.0
priority_allocation,2,4,330,0.0,0.0,0.0,0.05555315815564651,10320.327272727272,0.0
priority_allocation,2,8,15,0.0,0.0,0.0,0.07428141751464039,30777.133333333335,0.0
priority_allocation,4,2,15,0.0,0.0,0.0,0.0,2541.6,0.0
priority_allocation,4,3,15,0.0,0.0,0.0,0.0,2795.4,0.0
priority_allocation,4,4,15,0.0,0.0,0.0,0.0,3683.4,0.0
priority_allocation,4,8,15,0.0,0.0,0.0,0.0,7544.466666666666,0.0
priority_allocation,8,2,15,0.0,0.0,0.0,0.0,213.8,0.0
priority_allocation,8,3,15,0.0,0.0,0.0,0.0,253.53333333333333,0.0
priority_allocation,8,4,15,0.0,0.0,0.0,0.0,451.6,0.0
priority_allocation,8,8,15,0.0,0.0,0.0,0.0,1157.0666666666666,0.0
random_allocation,1,2,15,0.0,0.0,0.0,0.27701265358518246,9284.8,0.0
random_allocation,1,3,15,0.0,0.0,0.0,0.31714255407149633,11978.133333333333,0.0
random_allocation,1,4,15,0.0,0.0,0.0,0.36119253801227236,15584.866666666667,0.0
random_allocation,1,8,15,0.0,0.0,0.0,0.4881496292991736,35838.6,0.0
random_allocation,2,2,15,0.0,0.0,0.0,0.0,6284.4,0.0
random_allocation,2,3,15,0.0,0.0,0.0,0.00036231884057971015,7408.533333333334,0.0
random_allocation,2,4,330,0.0,0.0,0.0,0.058394831530763906,10379.169696969697,0.0
random_allocation,2,8,15,0.0,0.0,0.0,0.08357301425445586,31861.533333333333,0.0
random_allocation,4,2,15,0.0,0.0,0.0,0.0,2527.266666666667,0.0
random_allocation,4,3,15,0.0,0.0,0.0,0.0,2846.6,0.0
random_allocation,4,4,15,0.0,0.0,0.0,0.0,3319.9333333333334,0.0
random_allocation,4,8,15,0.0,0.0,0.0,0.0,7586.466666666666,0.0
random_allocation,8,2,15,0.0,0.0,0.0,0.0,213.46666666666667,0.0
random_allocation,8,3,15,0.0,0.0,0.0,0.0,315.73333333333335,0.0
random_allocation,8,4,15,0.0,0.0,0.0,0.0,349.4,0.0
random_allocation,8,8,15,0.0,0.0,0.0,0.0,843.8666666666667,0.0
round_robin,1,2,15,0.0,0.0,0.0,0.27701265358518246,9284.8,0.0
round_robin,1,3,15,0.0,0.0,0.0,0.31623883092896726,11986.866666666667,0.0
round_robin,1,4,15,0.0,0.0,0.0,0.35240664437818137,15360.4,0.0
round_robin,1,8,15,0.0,0.0,0.0,0.48763915148339343,35788.46666666667,0.0
round_robin,2,2,15,0.0,0.0,0.0,0.0,6406.0,0.0
round_robin,2,3,15,0.0,0.0,0.0,0.0014492753623188406,7522.8,0.0
round_robin,2,4,330,0.0,0.0,0.0,0.06365424299551865,10458.939393939394,0.0
round_robin,2,8,15,0.0,0.0,0.0,0.08140629683918829,32193.266666666666,0.0
round_robin,4,2,15,0.0,0.0,0.0,0.0,2543.2,0.0
round_robin,4,3,15,0.0,0.0,0.0,0.0,2986.733333333333,0.0
round_robin,4,4,15,0.0,0.0,0.0,0.0,3227.3333333333335,0.0
round_robin,4,8,15,0.0,0.0,0.0,0.0,7338.733333333334,0.0
round_robin,8,2,15,0.0,0.0,0.0,0.0,213.8,0.0
round_robin,8,3,15,0.0,0.0,0.0,0.0,272.46666666666664,0.0
round_robin,8,4,15,0.0,0.0,0.0,0.0,421.73333333333335,0.0
round_robin,8,8,15,0.0,0.0,0.0,0.0,817.6,0.0
shared_global_pool,1,2,15,0.0,0.0,0.0,0.04634146341463415,8055.4,201.6
shared_global_pool,1,3,15,0.0,0.0,0.0,0.05018633540372671,9945.933333333332,238.66666666666666
shared_global_pool,1,4,15,0.0,0.0,0.0,0.05325163398692811,12353.866666666667,275.73333333333335
shared_global_pool,1,8,15,0.0,0.0,0.0,0.13488007397493726,34643.46666666667,389.06666666666666
shared_global_pool,2,2,15,0.0,0.0,0.0,0.0,2996.8,216.8
shared_global_pool,2,3,15,0.0,0.0,0.0,0.0,3674.733333333333,256.8
shared_global_pool,2,4,330,0.0,0.0,0.0,0.005208341890030695,4638.963636363636,295.06666666666666
shared_global_pool,2,8,15,0.0,0.0,0.0,0.0,8176.666666666667,456.8
shared_global_pool,4,2,15,0.0,0.0,0.0,0.0,182.8,216.8
shared_global_pool,4,3,15,0.0,0.0,0.0,0.0,308.8,256.8
shared_global_pool,4,4,15,0.0,0.0,0.0,0.0,473.2,296.8
shared_global_pool,4,8,15,0.0,0.0,0.0,0.0,1223.8,456.8
shared_global_pool,8,2,15,0.0,0.0,0.0,0.0,0.0,216.8
shared_global_pool,8,3,15,0.0,0.0,0.0,0.0,11.8,256.8
shared_global_pool,8,4,15,0.0,0.0,0.0,0.0,92.2,296.8
shared_global_pool,8,8,15,0.0,0.0,0.0,0.0,128.33333333333334,456.8
static_assignment,1,2,15,0.0,0.0,0.0,0.27701265358518246,9284.8,0.0
static_assignment,1,3,15,0.0,0.0,0.0,0.31970422612213656,12054.466666666667,0.0
static_assignment,1,4,15,0.0,0.0,0.0,0.34297601591956434,15160.866666666667,0.0
static_assignment,1,8,15,0.0,0.0,0.0,0.49119447453954496,35969.13333333333,0.0
static_assignment,2,2,15,0.0,0.0,0.0,0.04634146341463415,8528.8,0.0
static_assignment,2,3,15,0.0,0.0,0.0,0.04202898550724638,9967.733333333334,0.0
static_assignment,2,4,330,0.0,0.0,0.0,0.10828049603828023,13464.039393939394,0.0
static_assignment,2,8,15,0.0,0.0,0.0,0.1487312554731776,34829.8,0.0
static_assignment,4,2,15,0.0,0.0,0.0,0.04634146341463415,8528.8,0.0
static_assignment,4,3,15,0.0,0.0,0.0,0.042753623188405795,10496.533333333333,0.0
static_assignment,4,4,15,0.0,0.0,0.0,0.04692725575078516,13239.066666666668,0.0
static_assignment,4,8,15,0.0,0.0,0.0,0.1370683831495762,34116.2,0.0
static_assignment,8,2,15,0.0,0.0,0.0,0.04634146341463415,8528.8,0.0
static_assignment,8,3,15,0.0,0.0,0.0,0.04252649794505733,10186.6,0.0
static_assignment,8,4,15,0.0,0.0,0.0,0.038994991936168406,11461.466666666667,0.0
static_assignment,8,8,15,0.0,0.0,0.0,0.04393663978171021,23910.933333333334,0.0
