protocol_context,graph_mode,remote_profile,true_active_edge,probe_edge,probe_count,mean_excess_ns,mean_abs_excess_ns,mean_positive_excess_ns,delayed_fraction,speedup_fraction,failure_transition_fraction
direct_coherent_dynamic_graph,edge_localized,dense_periodic,module_1--module_3,module_1--module_2,27,0.0,0.0,0.0,0.0,0.0,0.0
direct_coherent_dynamic_graph,edge_localized,dense_periodic,module_1--module_3,module_1--module_3,28,73.89142707173794,73.89142707173794,73.89142707173794,0.5357142857142857,0.0,0.0
direct_coherent_dynamic_graph,edge_localized,dense_periodic,module_1--module_3,module_1--module_4,28,0.0,0.0,0.0,0.0,0.0,0.0
direct_coherent_dynamic_graph,edge_localized,dense_periodic,module_1--module_3,module_2--module_3,26,0.0,0.0,0.0,0.0,0.0,0.0
direct_coherent_dynamic_graph,edge_localized,dense_periodic,module_1--module_3,module_2--module_4,23,0.0,0.0,0.0,0.0,0.0,0.0
direct_coherent_dynamic_graph,edge_localized,dense_periodic,module_1--module_3,module_3--module_4,28,0.0,0.0,0.0,0.0,0.0,0.0
direct_coherent_dynamic_graph,edge_localized,dense_periodic,module_2--module_3,module_1--module_2,4,0.0,0.0,0.0,0.0,0.0,0.0
direct_coherent_dynamic_graph,edge_localized,dense_periodic,module_2--module_3,module_1--module_3,6,0.0,0.0,0.0,0.0,0.0,0.0
direct_coherent_dynamic_graph,edge_localized,dense_periodic,module_2--module_3,module_1--module_4,5,0.0,0.0,0.0,0.0,0.0,0.0
direct_coherent_dynamic_graph,edge_localized,dense_periodic,module_2--module_3,module_2--module_3,6,65.54625477758539,65.54625477758539,65.54625477758539,0.5,0.0,0.0
direct_coherent_dynamic_graph,edge_localized,dense_periodic,module_2--module_3,module_2--module_4,5,0.0,0.0,0.0,0.0,0.0,0.0
direct_coherent_dynamic_graph,edge_localized,dense_periodic,module_2--module_3,module_3--module_4,4,0.0,0.0,0.0,0.0,0.0,0.0
direct_coherent_dynamic_graph,edge_localized,dense_periodic,module_2--module_4,module_1--module_2,8,0.0,0.0,0.0,0.0,0.0,0.0
direct_coherent_dynamic_graph,edge_localized,dense_periodic,module_2--module_4,module_1--module_3,7,0.0,0.0,0.0,0.0,0.0,0.0
direct_coherent_dynamic_graph,edge_localized,dense_periodic,module_2--module_4,module_1--module_4,10,0.0,0.0,0.0,0.0,0.0,0.0
direct_coherent_dynamic_graph,edge_localized,dense_periodic,module_2--module_4,module_2--module_3,6,0.0,0.0,0.0,0.0,0.0,0.0
direct_coherent_dynamic_graph,edge_localized,dense_periodic,module_2--module_4,module_2--module_4,7,119.86508491676588,119.86508491676588,119.86508491676588,0.7142857142857143,0.0,0.0
direct_coherent_dynamic_graph,edge_localized,dense_periodic,module_2--module_4,module_3--module_4,10,0.0,0.0,0.0,0.0,0.0,0.0
direct_coherent_dynamic_graph,edge_localized,dense_periodic,module_3--module_4,module_1--module_2,17,0.0,0.0,0.0,0.0,0.0,0.0
direct_coherent_dynamic_graph,edge_localized,dense_periodic,module_3--module_4,module_1--module_3,18,0.0,0.0,0.0,0.0,0.0,0.0
direct_coherent_dynamic_graph,edge_localized,dense_periodic,module_3--module_4,module_1--module_4,14,0.0,0.0,0.0,0.0,0.0,0.0
direct_coherent_dynamic_graph,edge_localized,dense_periodic,module_3--module_4,module_2--module_3,18,0.0,0.0,0.0,0.0,0.0,0.0
direct_coherent_dynamic_graph,edge_localized,dense_periodic,module_3--module_4,module_2--module_4,18,0.0,0.0,0.0,0.0,0.0,0.0
direct_coherent_dynamic_graph,edge_localized,dense_periodic,module_3--module_4,module_3--module_4,17,98.98754592813745,98.98754592813745,98.98754592813745,0.5882352941176471,0.0,0.0
direct_coherent_dynamic_graph,edge_localized,sparse_periodic,module_1--module_2,module_1--module_2,9,36.497741967955434,36.497741967955434,36.497741967955434,0.3333333333333333,0.0,0.0
direct_coherent_dynamic_graph,edge_localized,sparse_periodic,module_1--module_2,module_1--module_3,12,0.0,0.0,0.0,0.0,0.0,0.0
direct_coherent_dynamic_graph,edge_localized,sparse_periodic,module_1--module_2,module_1--module_4,12,0.0,0.0,0.0,0.0,0.0,0.0
direct_coherent_dynamic_graph,edge_localized,sparse_periodic,module_1--module_2,module_2--module_3,11,0.0,0.0,0.0,0.0,0.0,0.0
direct_coherent_dynamic_graph,edge_localized,sparse_periodic,module_1--module_2,module_2--module_4,10,0.0,0.0,0.0,0.0,0.0,0.0
direct_coherent_dynamic_graph,edge_localized,sparse_periodic,module_1--module_2,module_3--module_4,10,0.0,0.0,0.0,0.0,0.0,0.0
direct_coherent_dynamic_graph,edge_localized,sparse_periodic,module_1--module_3,module_1--module_2,18,0.0,0.0,0.0,0.0,0.0,0.0
direct_coherent_dynamic_graph,edge_localized,sparse_periodic,module_1--module_3,module_1--module_3,20,34.16341127564842,34.16341127564842,34.16341127564842,0.3,0.0,0.0
direct_coherent_dynamic_graph,edge_localized,sparse_periodic,module_1--module_3,module_1--module_4,21,0.0,0.0,0.0,0.0,0.0,0.0
direct_coherent_dynamic_graph,edge_localized,sparse_periodic,module_1--module_3,module_2--module_3,20,0.0,0.0,0.0,0.0,0.0,0.0
direct_coherent_dynamic_graph,edge_localized,sparse_periodic,module_1--module_3,module_2--module_4,23,0.0,0.0,0.0,0.0,0.0,0.0
direct_coherent_dynamic_graph,edge_localized,sparse_periodic,module_1--module_3,module_3--module_4,20,0.0,0.0,0.0,0.0,0.0,0.0
direct_coherent_dynamic_graph,edge_localized,sparse_periodic,module_1--module_4,module_1--module_2,18,0.0,0.0,0.0,0.0,0.0,0.0
direct_coherent_dynamic_graph,edge_localized,sparse_periodic,module_1--module_4,module_1--module_3,16,0.0,0.0,0.0,0.0,0.0,0.0
direct_coherent_dynamic_graph,edge_localized,sparse_periodic,module_1--module_4,module_1--module_4,16,39.8807896651644,39.8807896651644,39.8807896651644,0.4375,0.0,0.0
direct_coherent_dynamic_graph,edge_localized,sparse_periodic,module_1--module_4,module_2--module_3,16,0.0,0.0,0.0,0.0,0.0,0.0
direct_coherent_dynamic_graph,edge_localized,sparse_periodic,module_1--module_4,module_2--module_4,19,0.0,0.0,0.0,0.0,0.0,0.0
direct_coherent_dynamic_graph,edge_localized,sparse_periodic,module_1--module_4,module_3--module_4,17,0.0,0.0,0.0,0.0,0.0,0.0
direct_coherent_dynamic_graph,edge_localized,sparse_periodic,module_3--module_4,module_1--module_2,4,0.0,0.0,0.0,0.0,0.0,0.0
direct_coherent_dynamic_graph,edge_localized,sparse_periodic,module_3--module_4,module_1--module_3,4,0.0,0.0,0.0,0.0,0.0,0.0
direct_coherent_dynamic_graph,edge_localized,sparse_periodic,module_3--module_4,module_1--module_4,6,0.0,0.0,0.0,0.0,0.0,0.0
direct_coherent_dynamic_graph,edge_localized,sparse_periodic,module_3--module_4,module_2--module_3,4,0.0,0.0,0.0,0.0,0.0,0.0
direct_coherent_dynamic_graph,edge_localized,sparse_periodic,module_3--module_4,module_2--module_4,5,0.0,0.0,0.0,0.0,0.0,0.0
direct_coherent_dynamic_graph,edge_localized,sparse_periodic,module_3--module_4,module_3--module_4,5,0.0,0.0,0.0,0.0,0.0,0.0
direct_coherent_dynamic_graph,edge_localized,synchronization_bursty,module_1--module_2,module_1--module_2,10,432.2747524424052,432.2747524424052,432.2747524424052,1.0,0.0,0.0
direct_coherent_dynamic_graph,edge_localized,synchronization_bursty,module_1--module_2,module_1--module_3,12,0.0,0.0,0.0,0.0,0.0,0.0
direct_coherent_dynamic_graph,edge_localized,synchronization_bursty,module_1--module_2,module_1--module_4,11,0.0,0.0,0.0,0.0,0.0,0.0
direct_coherent_dynamic_graph,edge_localized,synchronization_bursty,module_1--module_2,module_2--module_3,12,0.0,0.0,0.0,0.0,0.0,0.0
direct_coherent_dynamic_graph,edge_localized,synchronization_bursty,module_1--module_2,module_2--module_4,13,0.0,0.0,0.0,0.0,0.0,0.0
direct_coherent_dynamic_graph,edge_localized,synchronization_bursty,module_1--module_2,module_3--module_4,12,0.0,0.0,0.0,0.0,0.0,0.0
direct_coherent_dynamic_graph,edge_localized,synchronization_bursty,module_1--module_4,module_1--module_2,10,0.0,0.0,0.0,0.0,0.0,0.0
direct_coherent_dynamic_graph,edge_localized,synchronization_bursty,module_1--module_4,module_1--module_3,10,0.0,0.0,0.0,0.0,0.0,0.0
direct_coherent_dynamic_graph,edge_localized,synchronization_bursty,module_1--module_4,module_1--module_4,12,272.24512411100324,272.24512411100324,272.24512411100324,0.6666666666666666,0.0,0.0
direct_coherent_dynamic_graph,edge_localized,synchronization_bursty,module_1--module_4,module_2--module_3,12,0.0,0.0,0.0,0.0,0.0,0.0
direct_coherent_dynamic_graph,edge_localized,synchronization_bursty,module_1--module_4,module_2--module_4,10,0.0,0.0,0.0,0.0,0.0,0.0
direct_coherent_dynamic_graph,edge_localized,synchronization_bursty,module_1--module_4,module_3--module_4,12,0.0,0.0,0.0,0.0,0.0,0.0
direct_coherent_dynamic_graph,edge_localized,synchronization_bursty,module_2--module_3,module_1--module_2,30,0.0,0.0,0.0,0.0,0.0,0.0
direct_coherent_dynamic_graph,edge_localized,synchronization_bursty,module_2--module_3,module_1--module_3,30,0.0,0.0,0.0,0.0,0.0,0.0
direct_coherent_dynamic_graph,edge_localized,synchronization_bursty,module_2--module_3,module_1--module_4,33,0.0,0.0,0.0,0.0,0.0,0.0
direct_coherent_dynamic_graph,edge_localized,synchronization_bursty,module_2--module_3,module_2--module_3,29,428.70049831159173,428.70049831159173,428.70049831159173,0.7586206896551724,0.0,0.0
direct_coherent_dynamic_graph,edge_localized,synchronization_bursty,module_2--module_3,module_2--module_4,30,0.0,0.0,0.0,0.0,0.0,0.0
direct_coherent_dynamic_graph,edge_localized,synchronization_bursty,module_2--module_3,module_3--module_4,26,0.0,0.0,0.0,0.0,0.0,0.0
direct_coherent_dynamic_graph,edge_localized,synchronization_bursty,module_3--module_4,module_1--module_2,6,0.0,0.0,0.0,0.0,0.0,0.0
direct_coherent_dynamic_graph,edge_localized,synchronization_bursty,module_3--module_4,module_1--module_3,4,0.0,0.0,0.0,0.0,0.0,0.0
direct_coherent_dynamic_graph,edge_localized,synchronization_bursty,module_3--module_4,module_1--module_4,5,0.0,0.0,0.0,0.0,0.0,0.0
direct_coherent_dynamic_graph,edge_localized,synchronization_bursty,module_3--module_4,module_2--module_3,6,0.0,0.0,0.0,0.0,0.0,0.0
direct_coherent_dynamic_graph,edge_localized,synchronization_bursty,module_3--module_4,module_2--module_4,5,0.0,0.0,0.0,0.0,0.0,0.0
direct_coherent_dynamic_graph,edge_localized,synchronization_bursty,module_3--module_4,module_3--module_4,6,292.76984705963577,292.76984705963577,292.76984705963577,0.6666666666666666,0.0,0.0
direct_coherent_dynamic_graph,global_only_control,dense_periodic,module_1--module_3,module_1--module_2,27,9.506229216983936,9.506229216983936,9.506229216983936,0.14814814814814814,0.0,0.0
direct_coherent_dynamic_graph,global_only_control,dense_periodic,module_1--module_3,module_1--module_3,28,7.885783282775078,7.885783282775078,7.885783282775078,0.17857142857142858,0.0,0.0
direct_coherent_dynamic_graph,global_only_control,dense_periodic,module_1--module_3,module_1--module_4,28,7.083204762141544,7.083204762141544,7.083204762141544,0.17857142857142858,0.0,0.0
direct_coherent_dynamic_graph,global_only_control,dense_periodic,module_1--module_3,module_2--module_3,26,7.4892487986025325,7.4892487986025325,7.4892487986025325,0.15384615384615385,0.0,0.0
direct_coherent_dynamic_graph,global_only_control,dense_periodic,module_1--module_3,module_2--module_4,23,6.729023339527272,6.729023339527272,6.729023339527272,0.13043478260869565,0.0,0.0
direct_coherent_dynamic_graph,global_only_control,dense_periodic,module_1--module_3,module_3--module_4,28,11.325246412862766,11.325246412862766,11.325246412862766,0.21428571428571427,0.0,0.0
direct_coherent_dynamic_graph,global_only_control,dense_periodic,module_2--module_3,module_1--module_2,4,0.0,0.0,0.0,0.0,0.0,0.0
direct_coherent_dynamic_graph,global_only_control,dense_periodic,module_2--module_3,module_1--module_3,6,2.762253359621051,2.762253359621051,2.762253359621051,0.16666666666666666,0.0,0.0
direct_coherent_dynamic_graph,global_only_control,dense_periodic,module_2--module_3,module_1--module_4,5,40.205322259780225,40.205322259780225,40.205322259780225,0.6,0.0,0.0
direct_coherent_dynamic_graph,global_only_control,dense_periodic,module_2--module_3,module_2--module_3,6,0.0,0.0,0.0,0.0,0.0,0.0
direct_coherent_dynamic_graph,global_only_control,dense_periodic,module_2--module_3,module_2--module_4,5,0.0,0.0,0.0,0.0,0.0,0.0
direct_coherent_dynamic_graph,global_only_control,dense_periodic,module_2--module_3,module_3--module_4,4,0.0,0.0,0.0,0.0,0.0,0.0
direct_coherent_dynamic_graph,global_only_control,dense_periodic,module_2--module_4,module_1--module_2,8,18.65726912280843,18.65726912280843,18.65726912280843,0.25,0.0,0.0
direct_coherent_dynamic_graph,global_only_control,dense_periodic,module_2--module_4,module_1--module_3,7,7.198322259010248,7.198322259010248,7.198322259010248,0.2857142857142857,0.0,0.0
direct_coherent_dynamic_graph,global_only_control,dense_periodic,module_2--module_4,module_1--module_4,10,1.396826759983378,1.396826759983378,1.396826759983378,0.1,0.0,0.0
direct_coherent_dynamic_graph,global_only_control,dense_periodic,module_2--module_4,module_2--module_3,6,3.5547553161771552,3.5547553161771552,3.5547553161771552,0.16666666666666666,0.0,0.0
direct_coherent_dynamic_graph,global_only_control,dense_periodic,module_2--module_4,module_2--module_4,7,17.235036902835418,17.235036902835418,17.235036902835418,0.2857142857142857,0.0,0.0
direct_coherent_dynamic_graph,global_only_control,dense_periodic,module_2--module_4,module_3--module_4,10,0.0,0.0,0.0,0.0,0.0,0.0
direct_coherent_dynamic_graph,global_only_control,dense_periodic,module_3--module_4,module_1--module_2,17,0.0,0.0,0.0,0.0,0.0,0.0
direct_coherent_dynamic_graph,global_only_control,dense_periodic,module_3--module_4,module_1--module_3,18,12.697361213290732,12.697361213290732,12.697361213290732,0.3333333333333333,0.0,0.0
direct_coherent_dynamic_graph,global_only_control,dense_periodic,module_3--module_4,module_1--module_4,14,1.7564020508309892,1.7564020508309892,1.7564020508309892,0.07142857142857142,0.0,0.0
direct_coherent_dynamic_graph,global_only_control,dense_periodic,module_3--module_4,module_2--module_3,18,6.970559449955949,6.970559449955949,6.970559449955949,0.16666666666666666,0.0,0.0
direct_coherent_dynamic_graph,global_only_control,dense_periodic,module_3--module_4,module_2--module_4,18,5.085795865214499,5.085795865214499,5.085795865214499,0.1111111111111111,0.0,0.0
direct_coherent_dynamic_graph,global_only_control,dense_periodic,module_3--module_4,module_3--module_4,17,17.265905675032254,17.265905675032254,17.265905675032254,0.35294117647058826,0.0,0.0
direct_coherent_dynamic_graph,global_only_control,sparse_periodic,module_1--module_2,module_1--module_2,9,7.699593235790922,7.699593235790922,7.699593235790922,0.1111111111111111,0.0,0.0
direct_coherent_dynamic_graph,global_only_control,sparse_periodic,module_1--module_2,module_1--module_3,12,11.094871644335095,11.094871644335095,11.094871644335095,0.16666666666666666,0.0,0.0
direct_coherent_dynamic_graph,global_only_control,sparse_periodic,module_1--module_2,module_1--module_4,12,13.682269086139058,13.682269086139058,13.682269086139058,0.16666666666666666,0.0,0.0
direct_coherent_dynamic_graph,global_only_control,sparse_periodic,module_1--module_2,module_2--module_3,11,0.0,0.0,0.0,0.0,0.0,0.0
direct_coherent_dynamic_graph,global_only_control,sparse_periodic,module_1--module_2,module_2--module_4,10,7.887636797004234,7.887636797004234,7.887636797004234,0.1,0.0,0.0
direct_coherent_dynamic_graph,global_only_control,sparse_periodic,module_1--module_2,module_3--module_4,10,10.9187885181429,10.9187885181429,10.9187885181429,0.2,0.0,0.0
direct_coherent_dynamic_graph,global_only_control,sparse_periodic,module_1--module_3,module_1--module_2,18,0.0,0.0,0.0,0.0,0.0,0.0
direct_coherent_dynamic_graph,global_only_control,sparse_periodic,module_1--module_3,module_1--module_3,20,2.1724772359267264,2.1724772359267264,2.1724772359267264,0.1,0.0,0.0
direct_coherent_dynamic_graph,global_only_control,sparse_periodic,module_1--module_3,module_1--module_4,21,10.168131301175716,10.168131301175716,10.168131301175716,0.14285714285714285,0.0,0.0
direct_coherent_dynamic_graph,global_only_control,sparse_periodic,module_1--module_3,module_2--module_3,20,3.689309894353573,3.689309894353573,3.689309894353573,0.05,0.0,0.0
direct_coherent_dynamic_graph,global_only_control,sparse_periodic,module_1--module_3,module_2--module_4,23,9.515381642572265,9.515381642572265,9.515381642572265,0.17391304347826086,0.0,0.0
direct_coherent_dynamic_graph,global_only_control,sparse_periodic,module_1--module_3,module_3--module_4,20,4.639830986454399,4.639830986454399,4.639830986454399,0.05,0.0,0.0
direct_coherent_dynamic_graph,global_only_control,sparse_periodic,module_1--module_4,module_1--module_2,18,7.893365316526494,7.893365316526494,7.893365316526494,0.1111111111111111,0.0,0.0
direct_coherent_dynamic_graph,global_only_control,sparse_periodic,module_1--module_4,module_1--module_3,16,0.0,0.0,0.0,0.0,0.0,0.0
direct_coherent_dynamic_graph,global_only_control,sparse_periodic,module_1--module_4,module_1--module_4,16,4.820081797731746,4.820081797731746,4.820081797731746,0.125,0.0,0.0
direct_coherent_dynamic_graph,global_only_control,sparse_periodic,module_1--module_4,module_2--module_3,16,5.8357756264198315,5.8357756264198315,5.8357756264198315,0.125,0.0,0.0
direct_coherent_dynamic_graph,global_only_control,sparse_periodic,module_1--module_4,module_2--module_4,19,8.283688489225346,8.283688489225346,8.283688489225346,0.10526315789473684,0.0,0.0
direct_coherent_dynamic_graph,global_only_control,sparse_periodic,module_1--module_4,module_3--module_4,17,9.781636645520313,9.781636645520313,9.781636645520313,0.17647058823529413,0.0,0.0
direct_coherent_dynamic_graph,global_only_control,sparse_periodic,module_3--module_4,module_1--module_2,4,0.0,0.0,0.0,0.0,0.0,0.0
direct_coherent_dynamic_graph,global_only_control,sparse_periodic,module_3--module_4,module_1--module_3,4,0.0,0.0,0.0,0.0,0.0,0.0
direct_coherent_dynamic_graph,global_only_control,sparse_periodic,module_3--module_4,module_1--module_4,6,8.524064973789791,8.524064973789791,8.524064973789791,0.3333333333333333,0.0,0.0
direct_coherent_dynamic_graph,global_only_control,sparse_periodic,module_3--module_4,module_2--module_3,4,19.211217026864688,19.211217026864688,19.211217026864688,0.25,0.0,0.0
direct_coherent_dynamic_graph,global_only_control,sparse_periodic,module_3--module_4,module_2--module_4,5,8.652009241026827,8.652009241026827,8.652009241026827,0.2,0.0,0.0
direct_coherent_dynamic_graph,global_only_control,sparse_periodic,module_3--module_4,module_3--module_4,5,0.0,0.0,0.0,0.0,0.0,0.0
direct_coherent_dynamic_graph,global_only_control,synchronization_bursty,module_1--module_2,module_1--module_2,10,22.6839062007155,22.6839062007155,22.6839062007155,0.3,0.0,0.0
direct_coherent_dynamic_graph,global_only_control,synchronization_bursty,module_1--module_2,module_1--module_3,12,7.124496175292127,7.124496175292127,7.124496175292127,0.16666666666666666,0.0,0.0
direct_coherent_dynamic_graph,global_only_control,synchronization_bursty,module_1--module_2,module_1--module_4,11,7.47737418256491,7.47737418256491,7.47737418256491,0.18181818181818182,0.0,0.0
direct_coherent_dynamic_graph,global_only_control,synchronization_bursty,module_1--module_2,module_2--module_3,12,5.437580614208552,5.437580614208552,5.437580614208552,0.08333333333333333,0.0,0.0
direct_coherent_dynamic_graph,global_only_control,synchronization_bursty,module_1--module_2,module_2--module_4,13,10.464235003383063,10.464235003383063,10.464235003383063,0.23076923076923078,0.0,0.0
direct_coherent_dynamic_graph,global_only_control,synchronization_bursty,module_1--module_2,module_3--module_4,12,17.93634672332185,17.93634672332185,17.93634672332185,0.3333333333333333,0.0,0.0
direct_coherent_dynamic_graph,global_only_control,synchronization_bursty,module_1--module_4,module_1--module_2,10,9.792542401775155,9.792542401775155,9.792542401775155,0.2,0.0,0.0
direct_coherent_dynamic_graph,global_only_control,synchronization_bursty,module_1--module_4,module_1--module_3,10,20.940412116447305,20.940412116447305,20.940412116447305,0.5,0.0,0.0
direct_coherent_dynamic_graph,global_only_control,synchronization_bursty,module_1--module_4,module_1--module_4,12,10.531494903581612,10.531494903581612,10.531494903581612,0.16666666666666666,0.0,0.0
direct_coherent_dynamic_graph,global_only_control,synchronization_bursty,module_1--module_4,module_2--module_3,12,18.188693818141854,18.188693818141854,18.188693818141854,0.4166666666666667,0.0,0.0
direct_coherent_dynamic_graph,global_only_control,synchronization_bursty,module_1--module_4,module_2--module_4,10,12.233652805777501,12.233652805777501,12.233652805777501,0.2,0.0,0.0
direct_coherent_dynamic_graph,global_only_control,synchronization_bursty,module_1--module_4,module_3--module_4,12,12.82347041108081,12.82347041108081,12.82347041108081,0.25,0.0,0.0
direct_coherent_dynamic_graph,global_only_control,synchronization_bursty,module_2--module_3,module_1--module_2,30,17.034243933837207,17.034243933837207,17.034243933837207,0.26666666666666666,0.0,0.0
direct_coherent_dynamic_graph,global_only_control,synchronization_bursty,module_2--module_3,module_1--module_3,30,10.219452769142586,10.219452769142586,10.219452769142586,0.3333333333333333,0.0,0.0
direct_coherent_dynamic_graph,global_only_control,synchronization_bursty,module_2--module_3,module_1--module_4,33,13.975302893139913,13.975302893139913,13.975302893139913,0.2727272727272727,0.0,0.0
direct_coherent_dynamic_graph,global_only_control,synchronization_bursty,module_2--module_3,module_2--module_3,29,11.19527308446084,11.19527308446084,11.19527308446084,0.27586206896551724,0.0,0.0
direct_coherent_dynamic_graph,global_only_control,synchronization_bursty,module_2--module_3,module_2--module_4,30,8.984517431454394,8.984517431454394,8.984517431454394,0.23333333333333334,0.0,0.0
direct_coherent_dynamic_graph,global_only_control,synchronization_bursty,module_2--module_3,module_3--module_4,26,17.139317520741542,17.139317520741542,17.139317520741542,0.34615384615384615,0.0,0.0
direct_coherent_dynamic_graph,global_only_control,synchronization_bursty,module_3--module_4,module_1--module_2,6,14.915075793100186,14.915075793100186,14.915075793100186,0.5,0.0,0.0
direct_coherent_dynamic_graph,global_only_control,synchronization_bursty,module_3--module_4,module_1--module_3,4,11.4381750992643,11.4381750992643,11.4381750992643,0.25,0.0,0.0
direct_coherent_dynamic_graph,global_only_control,synchronization_bursty,module_3--module_4,module_1--module_4,5,18.022736312740015,18.022736312740015,18.022736312740015,0.2,0.0,0.0
direct_coherent_dynamic_graph,global_only_control,synchronization_bursty,module_3--module_4,module_2--module_3,6,0.9907561214192052,0.9907561214192052,0.9907561214192052,0.16666666666666666,0.0,0.0
direct_coherent_dynamic_graph,global_only_control,synchronization_bursty,module_3--module_4,module_2--module_4,5,6.471309347308124,6.471309347308124,6.471309347308124,0.2,0.0,0.0
direct_coherent_dynamic_graph,global_only_control,synchronization_bursty,module_3--module_4,module_3--module_4,6,0.0,0.0,0.0,0.0,0.0,0.0
entanglement_assisted_dynamic_graph,edge_localized,dense_periodic,module_1--module_3,module_1--module_2,27,0.0,0.0,0.0,0.0,0.0,0.0
entanglement_assisted_dynamic_graph,edge_localized,dense_periodic,module_1--module_3,module_1--module_3,28,-119.72013212588614,119.72013212588614,0.0,0.0,0.5357142857142857,0.0
entanglement_assisted_dynamic_graph,edge_localized,dense_periodic,module_1--module_3,module_1--module_4,28,-17.142857142857142,17.142857142857142,0.0,0.0,0.07142857142857142,0.0
entanglement_assisted_dynamic_graph,edge_localized,dense_periodic,module_1--module_3,module_2--module_3,26,0.0,0.0,0.0,0.0,0.0,0.0
entanglement_assisted_dynamic_graph,edge_localized,dense_periodic,module_1--module_3,module_2--module_4,23,0.0,0.0,0.0,0.0,0.0,0.0
entanglement_assisted_dynamic_graph,edge_localized,dense_periodic,module_1--module_3,module_3--module_4,28,0.0,0.0,0.0,0.0,0.0,0.0
entanglement_assisted_dynamic_graph,edge_localized,dense_periodic,module_2--module_3,module_1--module_2,4,0.0,0.0,0.0,0.0,0.0,0.0
entanglement_assisted_dynamic_graph,edge_localized,dense_periodic,module_2--module_3,module_1--module_3,6,0.0,0.0,0.0,0.0,0.0,0.0
entanglement_assisted_dynamic_graph,edge_localized,dense_periodic,module_2--module_3,module_1--module_4,5,-48.0,48.0,0.0,0.0,0.2,0.0
entanglement_assisted_dynamic_graph,edge_localized,dense_periodic,module_2--module_3,module_2--module_3,6,-58.333333333333336,101.66666666666667,21.666666666666668,0.16666666666666666,0.3333333333333333,0.0
entanglement_assisted_dynamic_graph,edge_localized,dense_periodic,module_2--module_3,module_2--module_4,5,0.0,0.0,0.0,0.0,0.0,0.0
entanglement_assisted_dynamic_graph,edge_localized,dense_periodic,module_2--module_3,module_3--module_4,4,0.0,0.0,0.0,0.0,0.0,0.0
entanglement_assisted_dynamic_graph,edge_localized,dense_periodic,module_2--module_4,module_1--module_2,8,0.0,0.0,0.0,0.0,0.0,0.0
entanglement_assisted_dynamic_graph,edge_localized,dense_periodic,module_2--module_4,module_1--module_3,7,0.0,0.0,0.0,0.0,0.0,0.0
entanglement_assisted_dynamic_graph,edge_localized,dense_periodic,module_2--module_4,module_1--module_4,10,0.0,0.0,0.0,0.0,0.0,0.0
entanglement_assisted_dynamic_graph,edge_localized,dense_periodic,module_2--module_4,module_2--module_3,6,0.0,0.0,0.0,0.0,0.0,0.0
entanglement_assisted_dynamic_graph,edge_localized,dense_periodic,module_2--module_4,module_2--module_4,7,-127.05067738287887,138.66890135946596,5.809111988293547,0.14285714285714285,0.5714285714285714,0.0
entanglement_assisted_dynamic_graph,edge_localized,dense_periodic,module_2--module_4,module_3--module_4,10,0.0,0.0,0.0,0.0,0.0,0.0
entanglement_assisted_dynamic_graph,edge_localized,dense_periodic,module_3--module_4,module_1--module_2,17,0.0,0.0,0.0,0.0,0.0,0.0
entanglement_assisted_dynamic_graph,edge_localized,dense_periodic,module_3--module_4,module_1--module_3,18,0.0,0.0,0.0,0.0,0.0,0.0
entanglement_assisted_dynamic_graph,edge_localized,dense_periodic,module_3--module_4,module_1--module_4,14,0.0,0.0,0.0,0.0,0.0,0.0
entanglement_assisted_dynamic_graph,edge_localized,dense_periodic,module_3--module_4,module_2--module_3,18,0.0,0.0,0.0,0.0,0.0,0.0
entanglement_assisted_dynamic_graph,edge_localized,dense_periodic,module_3--module_4,module_2--module_4,18,0.0,0.0,0.0,0.0,0.0,0.0
entanglement_assisted_dynamic_graph,edge_localized,dense_periodic,module_3--module_4,module_3--module_4,17,-72.9112618534467,82.92068418236934,5.004711164461321,0.11764705882352941,0.35294117647058826,0.0
entanglement_assisted_dynamic_graph,edge_localized,sparse_periodic,module_1--module_2,module_1--module_2,9,-181.74485120865353,191.5884821246798,4.921815458013144,0.1111111111111111,0.7777777777777778,0.0
entanglement_assisted_dynamic_graph,edge_localized,sparse_periodic,module_1--module_2,module_1--module_3,12,0.0,0.0,0.0,0.0,0.0,0.0
entanglement_assisted_dynamic_graph,edge_localized,sparse_periodic,module_1--module_2,module_1--module_4,12,0.0,0.0,0.0,0.0,0.0,0.0
entanglement_assisted_dynamic_graph,edge_localized,sparse_periodic,module_1--module_2,module_2--module_3,11,0.0,0.0,0.0,0.0,0.0,0.0
entanglement_assisted_dynamic_graph,edge_localized,sparse_periodic,module_1--module_2,module_2--module_4,10,0.0,0.0,0.0,0.0,0.0,0.0
entanglement_assisted_dynamic_graph,edge_localized,sparse_periodic,module_1--module_2,module_3--module_4,10,0.0,0.0,0.0,0.0,0.0,0.0
entanglement_assisted_dynamic_graph,edge_localized,sparse_periodic,module_1--module_3,module_1--module_2,18,0.0,0.0,0.0,0.0,0.0,0.0
entanglement_assisted_dynamic_graph,edge_localized,sparse_periodic,module_1--module_3,module_1--module_3,20,-108.0,108.0,0.0,0.0,0.45,0.0
entanglement_assisted_dynamic_graph,edge_localized,sparse_periodic,module_1--module_3,module_1--module_4,21,0.0,0.0,0.0,0.0,0.0,0.0
entanglement_assisted_dynamic_graph,edge_localized,sparse_periodic,module_1--module_3,module_2--module_3,20,0.0,0.0,0.0,0.0,0.0,0.0
entanglement_assisted_dynamic_graph,edge_localized,sparse_periodic,module_1--module_3,module_2--module_4,23,0.0,0.0,0.0,0.0,0.0,0.0
entanglement_assisted_dynamic_graph,edge_localized,sparse_periodic,module_1--module_3,module_3--module_4,20,0.0,0.0,0.0,0.0,0.0,0.0
entanglement_assisted_dynamic_graph,edge_localized,sparse_periodic,module_1--module_4,module_1--module_2,18,0.0,0.0,0.0,0.0,0.0,0.0
entanglement_assisted_dynamic_graph,edge_localized,sparse_periodic,module_1--module_4,module_1--module_3,16,0.0,0.0,0.0,0.0,0.0,0.0
entanglement_assisted_dynamic_graph,edge_localized,sparse_periodic,module_1--module_4,module_1--module_4,16,-103.12750123045544,103.12750123045544,0.0,0.0,0.4375,0.0
entanglement_assisted_dynamic_graph,edge_localized,sparse_periodic,module_1--module_4,module_2--module_3,16,-15.0,15.0,0.0,0.0,0.0625,0.0
entanglement_assisted_dynamic_graph,edge_localized,sparse_periodic,module_1--module_4,module_2--module_4,19,0.0,0.0,0.0,0.0,0.0,0.0
entanglement_assisted_dynamic_graph,edge_localized,sparse_periodic,module_1--module_4,module_3--module_4,17,0.0,0.0,0.0,0.0,0.0,0.0
entanglement_assisted_dynamic_graph,edge_localized,sparse_periodic,module_3--module_4,module_1--module_2,4,0.0,0.0,0.0,0.0,0.0,0.0
entanglement_assisted_dynamic_graph,edge_localized,sparse_periodic,module_3--module_4,module_1--module_3,4,0.0,0.0,0.0,0.0,0.0,0.0
entanglement_assisted_dynamic_graph,edge_localized,sparse_periodic,module_3--module_4,module_1--module_4,6,0.0,0.0,0.0,0.0,0.0,0.0
entanglement_assisted_dynamic_graph,edge_localized,sparse_periodic,module_3--module_4,module_2--module_3,4,0.0,0.0,0.0,0.0,0.0,0.0
entanglement_assisted_dynamic_graph,edge_localized,sparse_periodic,module_3--module_4,module_2--module_4,5,0.0,0.0,0.0,0.0,0.0,0.0
entanglement_assisted_dynamic_graph,edge_localized,sparse_periodic,module_3--module_4,module_3--module_4,5,-162.0,162.0,0.0,0.0,0.8,0.0
entanglement_assisted_dynamic_graph,edge_localized,synchronization_bursty,module_1--module_2,module_1--module_2,10,-33.708422334210624,67.23654027944504,16.764058972617203,0.5,0.3,0.0
entanglement_assisted_dynamic_graph,edge_localized,synchronization_bursty,module_1--module_2,module_1--module_3,12,0.0,0.0,0.0,0.0,0.0,0.0
entanglement_assisted_dynamic_graph,edge_localized,synchronization_bursty,module_1--module_2,module_1--module_4,11,0.0,0.0,0.0,0.0,0.0,0.0
entanglement_assisted_dynamic_graph,edge_localized,synchronization_bursty,module_1--module_2,module_2--module_3,12,0.0,0.0,0.0,0.0,0.0,0.0
entanglement_assisted_dynamic_graph,edge_localized,synchronization_bursty,module_1--module_2,module_2--module_4,13,-18.46153846153846,18.46153846153846,0.0,0.0,0.07692307692307693,0.0
entanglement_assisted_dynamic_graph,edge_localized,synchronization_bursty,module_1--module_2,module_3--module_4,12,0.0,0.0,0.0,0.0,0.0,0.0
entanglement_assisted_dynamic_graph,edge_localized,synchronization_bursty,module_1--module_4,module_1--module_2,10,0.0,0.0,0.0,0.0,0.0,0.0
entanglement_assisted_dynamic_graph,edge_localized,synchronization_bursty,module_1--module_4,module_1--module_3,10,0.0,0.0,0.0,0.0,0.0,0.0
entanglement_assisted_dynamic_graph,edge_localized,synchronization_bursty,module_1--module_4,module_1--module_4,12,22.667985386548413,115.35076554698003,69.00937546676423,0.3333333333333333,0.25,0.0
entanglement_assisted_dynamic_graph,edge_localized,synchronization_bursty,module_1--module_4,module_2--module_3,12,0.0,0.0,0.0,0.0,0.0,0.0
entanglement_assisted_dynamic_graph,edge_localized,synchronization_bursty,module_1--module_4,module_2--module_4,10,0.0,0.0,0.0,0.0,0.0,0.0
entanglement_assisted_dynamic_graph,edge_localized,synchronization_bursty,module_1--module_4,module_3--module_4,12,0.0,0.0,0.0,0.0,0.0,0.0
entanglement_assisted_dynamic_graph,edge_localized,synchronization_bursty,module_2--module_3,module_1--module_2,30,-8.0,8.0,0.0,0.0,0.03333333333333333,0.0
entanglement_assisted_dynamic_graph,edge_localized,synchronization_bursty,module_2--module_3,module_1--module_3,30,0.0,0.0,0.0,0.0,0.0,0.0
entanglement_assisted_dynamic_graph,edge_localized,synchronization_bursty,module_2--module_3,module_1--module_4,33,0.0,0.0,0.0,0.0,0.0,0.0
entanglement_assisted_dynamic_graph,edge_localized,synchronization_bursty,module_2--module_3,module_2--module_3,29,40.503291105388755,141.93681927633864,91.2200551908637,0.4482758620689655,0.3103448275862069,0.0
entanglement_assisted_dynamic_graph,edge_localized,synchronization_bursty,module_2--module_3,module_2--module_4,30,0.0,0.0,0.0,0.0,0.0,0.0
entanglement_assisted_dynamic_graph,edge_localized,synchronization_bursty,module_2--module_3,module_3--module_4,26,0.0,0.0,0.0,0.0,0.0,0.0
entanglement_assisted_dynamic_graph,edge_localized,synchronization_bursty,module_3--module_4,module_1--module_2,6,0.0,0.0,0.0,0.0,0.0,0.0
entanglement_assisted_dynamic_graph,edge_localized,synchronization_bursty,module_3--module_4,module_1--module_3,4,0.0,0.0,0.0,0.0,0.0,0.0
entanglement_assisted_dynamic_graph,edge_localized,synchronization_bursty,module_3--module_4,module_1--module_4,5,0.0,0.0,0.0,0.0,0.0,0.0
entanglement_assisted_dynamic_graph,edge_localized,synchronization_bursty,module_3--module_4,module_2--module_3,6,0.0,0.0,0.0,0.0,0.0,0.0
entanglement_assisted_dynamic_graph,edge_localized,synchronization_bursty,module_3--module_4,module_2--module_4,5,0.0,0.0,0.0,0.0,0.0,0.0
entanglement_assisted_dynamic_graph,edge_localized,synchronization_bursty,module_3--module_4,module_3--module_4,6,-39.146034553799836,175.81607159163346,68.33501851891681,0.3333333333333333,0.5,0.0
entanglement_assisted_dynamic_graph,global_only_control,dense_periodic,module_1--module_3,module_1--module_2,27,2.6167152269881626,2.6167152269881626,2.6167152269881626,0.1111111111111111,0.0,0.0
entanglement_assisted_dynamic_graph,global_only_control,dense_periodic,module_1--module_3,module_1--module_3,28,0.04099765541981729,0.04099765541981729,0.04099765541981729,0.07142857142857142,0.0,0.0
entanglement_assisted_dynamic_graph,global_only_control,dense_periodic,module_1--module_3,module_1--module_4,28,4.505824927256299,4.505824927256299,4.505824927256299,0.21428571428571427,0.0,0.0
entanglement_assisted_dynamic_graph,global_only_control,dense_periodic,module_1--module_3,module_2--module_3,26,3.8427296070495824,3.8427296070495824,3.8427296070495824,0.07692307692307693,0.0,0.0
entanglement_assisted_dynamic_graph,global_only_control,dense_periodic,module_1--module_3,module_2--module_4,23,3.5001264362204774,3.5001264362204774,3.5001264362204774,0.08695652173913043,0.0,0.0
entanglement_assisted_dynamic_graph,global_only_control,dense_periodic,module_1--module_3,module_3--module_4,28,2.148296379755396,2.148296379755396,2.148296379755396,0.03571428571428571,0.0,0.0
entanglement_assisted_dynamic_graph,global_only_control,dense_periodic,module_2--module_3,module_1--module_2,4,0.0,0.0,0.0,0.0,0.0,0.0
entanglement_assisted_dynamic_graph,global_only_control,dense_periodic,module_2--module_3,module_1--module_3,6,0.0,0.0,0.0,0.0,0.0,0.0
entanglement_assisted_dynamic_graph,global_only_control,dense_periodic,module_2--module_3,module_1--module_4,5,24.862554829245347,24.862554829245347,24.862554829245347,0.6,0.0,0.0
entanglement_assisted_dynamic_graph,global_only_control,dense_periodic,module_2--module_3,module_2--module_3,6,0.0,0.0,0.0,0.0,0.0,0.0
entanglement_assisted_dynamic_graph,global_only_control,dense_periodic,module_2--module_3,module_2--module_4,5,6.4391020072311225,6.4391020072311225,6.4391020072311225,0.2,0.0,0.0
entanglement_assisted_dynamic_graph,global_only_control,dense_periodic,module_2--module_3,module_3--module_4,4,0.0,0.0,0.0,0.0,0.0,0.0
entanglement_assisted_dynamic_graph,global_only_control,dense_periodic,module_2--module_4,module_1--module_2,8,5.7919349186972795,5.7919349186972795,5.7919349186972795,0.125,0.0,0.0
entanglement_assisted_dynamic_graph,global_only_control,dense_periodic,module_2--module_4,module_1--module_3,7,0.0,0.0,0.0,0.0,0.0,0.0
entanglement_assisted_dynamic_graph,global_only_control,dense_periodic,module_2--module_4,module_1--module_4,10,0.0,0.0,0.0,0.0,0.0,0.0
entanglement_assisted_dynamic_graph,global_only_control,dense_periodic,module_2--module_4,module_2--module_3,6,6.5171485494981125,6.5171485494981125,6.5171485494981125,0.16666666666666666,0.0,0.0
entanglement_assisted_dynamic_graph,global_only_control,dense_periodic,module_2--module_4,module_2--module_4,7,5.809111988293547,5.809111988293547,5.809111988293547,0.14285714285714285,0.0,0.0
entanglement_assisted_dynamic_graph,global_only_control,dense_periodic,module_2--module_4,module_3--module_4,10,0.0,0.0,0.0,0.0,0.0,0.0
entanglement_assisted_dynamic_graph,global_only_control,dense_periodic,module_3--module_4,module_1--module_2,17,0.0,0.0,0.0,0.0,0.0,0.0
entanglement_assisted_dynamic_graph,global_only_control,dense_periodic,module_3--module_4,module_1--module_3,18,5.416685181356014,5.416685181356014,5.416685181356014,0.1111111111111111,0.0,0.0
entanglement_assisted_dynamic_graph,global_only_control,dense_periodic,module_3--module_4,module_1--module_4,14,0.0,0.0,0.0,0.0,0.0,0.0
entanglement_assisted_dynamic_graph,global_only_control,dense_periodic,module_3--module_4,module_2--module_3,18,2.7971815574058687,2.7971815574058687,2.7971815574058687,0.1111111111111111,0.0,0.0
entanglement_assisted_dynamic_graph,global_only_control,dense_periodic,module_3--module_4,module_2--module_4,18,3.627525231885253,3.627525231885253,3.627525231885253,0.05555555555555555,0.0,0.0
entanglement_assisted_dynamic_graph,global_only_control,dense_periodic,module_3--module_4,module_3--module_4,17,4.017620141198035,4.017620141198035,4.017620141198035,0.058823529411764705,0.0,0.0
entanglement_assisted_dynamic_graph,global_only_control,sparse_periodic,module_1--module_2,module_1--module_2,9,0.0,0.0,0.0,0.0,0.0,0.0
entanglement_assisted_dynamic_graph,global_only_control,sparse_periodic,module_1--module_2,module_1--module_3,12,0.0,0.0,0.0,0.0,0.0,0.0
entanglement_assisted_dynamic_graph,global_only_control,sparse_periodic,module_1--module_2,module_1--module_4,12,9.515602419472392,9.515602419472392,9.515602419472392,0.16666666666666666,0.0,0.0
entanglement_assisted_dynamic_graph,global_only_control,sparse_periodic,module_1--module_2,module_2--module_3,11,0.0,0.0,0.0,0.0,0.0,0.0
entanglement_assisted_dynamic_graph,global_only_control,sparse_periodic,module_1--module_2,module_2--module_4,10,0.0,0.0,0.0,0.0,0.0,0.0
entanglement_assisted_dynamic_graph,global_only_control,sparse_periodic,module_1--module_2,module_3--module_4,10,12.77457849228631,12.77457849228631,12.77457849228631,0.3,0.0,0.0
entanglement_assisted_dynamic_graph,global_only_control,sparse_periodic,module_1--module_3,module_1--module_2,18,0.0,0.0,0.0,0.0,0.0,0.0
entanglement_assisted_dynamic_graph,global_only_control,sparse_periodic,module_1--module_3,module_1--module_3,20,0.0,0.0,0.0,0.0,0.0,0.0
entanglement_assisted_dynamic_graph,global_only_control,sparse_periodic,module_1--module_3,module_1--module_4,21,9.29541247055299,9.29541247055299,9.29541247055299,0.19047619047619047,0.0,0.0
entanglement_assisted_dynamic_graph,global_only_control,sparse_periodic,module_1--module_3,module_2--module_3,20,0.0,0.0,0.0,0.0,0.0,0.0
entanglement_assisted_dynamic_graph,global_only_control,sparse_periodic,module_1--module_3,module_2--module_4,23,3.525155563405465,3.525155563405465,3.525155563405465,0.17391304347826086,0.0,0.0
entanglement_assisted_dynamic_graph,global_only_control,sparse_periodic,module_1--module_3,module_3--module_4,20,1.4115724631888042,1.4115724631888042,1.4115724631888042,0.05,0.0,0.0
entanglement_assisted_dynamic_graph,global_only_control,sparse_periodic,module_1--module_4,module_1--module_2,18,1.1354289951858745,1.1354289951858745,1.1354289951858745,0.05555555555555555,0.0,0.0
entanglement_assisted_dynamic_graph,global_only_control,sparse_periodic,module_1--module_4,module_1--module_3,16,0.0,0.0,0.0,0.0,0.0,0.0
entanglement_assisted_dynamic_graph,global_only_control,sparse_periodic,module_1--module_4,module_1--module_4,16,0.8117656172241823,0.8117656172241823,0.8117656172241823,0.0625,0.0,0.0
entanglement_assisted_dynamic_graph,global_only_control,sparse_periodic,module_1--module_4,module_2--module_3,16,0.9131507820336537,0.9131507820336537,0.9131507820336537,0.0625,0.0,0.0
entanglement_assisted_dynamic_graph,global_only_control,sparse_periodic,module_1--module_4,module_2--module_4,19,2.4899990605291875,2.4899990605291875,2.4899990605291875,0.05263157894736842,0.0,0.0
entanglement_assisted_dynamic_graph,global_only_control,sparse_periodic,module_1--module_4,module_3--module_4,17,0.0,0.0,0.0,0.0,0.0,0.0
entanglement_assisted_dynamic_graph,global_only_control,sparse_periodic,module_3--module_4,module_1--module_2,4,0.0,0.0,0.0,0.0,0.0,0.0
entanglement_assisted_dynamic_graph,global_only_control,sparse_periodic,module_3--module_4,module_1--module_3,4,0.0,0.0,0.0,0.0,0.0,0.0
entanglement_assisted_dynamic_graph,global_only_control,sparse_periodic,module_3--module_4,module_1--module_4,6,1.8836414254122549,1.8836414254122549,1.8836414254122549,0.16666666666666666,0.0,0.0
entanglement_assisted_dynamic_graph,global_only_control,sparse_periodic,module_3--module_4,module_2--module_3,4,0.0,0.0,0.0,0.0,0.0,0.0
entanglement_assisted_dynamic_graph,global_only_control,sparse_periodic,module_3--module_4,module_2--module_4,5,3.652009241026826,3.652009241026826,3.652009241026826,0.2,0.0,0.0
entanglement_assisted_dynamic_graph,global_only_control,sparse_periodic,module_3--module_4,module_3--module_4,5,3.4883695547105162,3.4883695547105162,3.4883695547105162,0.2,0.0,0.0
entanglement_assisted_dynamic_graph,global_only_control,synchronization_bursty,module_1--module_2,module_1--module_2,10,14.78120475999749,14.78120475999749,14.78120475999749,0.4,0.0,0.0
entanglement_assisted_dynamic_graph,global_only_control,synchronization_bursty,module_1--module_2,module_1--module_3,12,9.485334665219549,9.485334665219549,9.485334665219549,0.25,0.0,0.0
entanglement_assisted_dynamic_graph,global_only_control,synchronization_bursty,module_1--module_2,module_1--module_4,11,9.367528567470634,9.367528567470634,9.367528567470634,0.18181818181818182,0.0,0.0
entanglement_assisted_dynamic_graph,global_only_control,synchronization_bursty,module_1--module_2,module_2--module_3,12,4.290584057123851,4.290584057123851,4.290584057123851,0.16666666666666666,0.0,0.0
entanglement_assisted_dynamic_graph,global_only_control,synchronization_bursty,module_1--module_2,module_2--module_4,13,7.64882653127139,7.64882653127139,7.64882653127139,0.15384615384615385,0.0,0.0
entanglement_assisted_dynamic_graph,global_only_control,synchronization_bursty,module_1--module_2,module_3--module_4,12,3.524819575847687,3.524819575847687,3.524819575847687,0.16666666666666666,0.0,0.0
entanglement_assisted_dynamic_graph,global_only_control,synchronization_bursty,module_1--module_4,module_1--module_2,10,10.792542401775155,10.792542401775155,10.792542401775155,0.2,0.0,0.0
entanglement_assisted_dynamic_graph,global_only_control,synchronization_bursty,module_1--module_4,module_1--module_3,10,14.324209636123124,14.324209636123124,14.324209636123124,0.4,0.0,0.0
entanglement_assisted_dynamic_graph,global_only_control,synchronization_bursty,module_1--module_4,module_1--module_4,12,6.7529352741615485,6.7529352741615485,6.7529352741615485,0.25,0.0,0.0
entanglement_assisted_dynamic_graph,global_only_control,synchronization_bursty,module_1--module_4,module_2--module_3,12,5.494686115501366,5.494686115501366,5.494686115501366,0.16666666666666666,0.0,0.0
entanglement_assisted_dynamic_graph,global_only_control,synchronization_bursty,module_1--module_4,module_2--module_4,10,0.7679243610812136,0.7679243610812136,0.7679243610812136,0.1,0.0,0.0
entanglement_assisted_dynamic_graph,global_only_control,synchronization_bursty,module_1--module_4,module_3--module_4,12,7.82347041108081,7.82347041108081,7.82347041108081,0.16666666666666666,0.0,0.0
entanglement_assisted_dynamic_graph,global_only_control,synchronization_bursty,module_2--module_3,module_1--module_2,30,3.9248942496493933,3.9248942496493933,3.9248942496493933,0.1,0.0,0.0
entanglement_assisted_dynamic_graph,global_only_control,synchronization_bursty,module_2--module_3,module_1--module_3,30,5.443895650332585,5.443895650332585,5.443895650332585,0.16666666666666666,0.0,0.0
entanglement_assisted_dynamic_graph,global_only_control,synchronization_bursty,module_2--module_3,module_1--module_4,33,5.263457938148377,5.263457938148377,5.263457938148377,0.12121212121212122,0.0,0.0
entanglement_assisted_dynamic_graph,global_only_control,synchronization_bursty,module_2--module_3,module_2--module_3,29,7.329603542264522,7.329603542264522,7.329603542264522,0.2413793103448276,0.0,0.0
entanglement_assisted_dynamic_graph,global_only_control,synchronization_bursty,module_2--module_3,module_2--module_4,30,5.697967333030889,5.697967333030889,5.697967333030889,0.13333333333333333,0.0,0.0
entanglement_assisted_dynamic_graph,global_only_control,synchronization_bursty,module_2--module_3,module_3--module_4,26,8.721875856705905,8.721875856705905,8.721875856705905,0.2692307692307692,0.0,0.0
entanglement_assisted_dynamic_graph,global_only_control,synchronization_bursty,module_3--module_4,module_1--module_2,6,0.0,0.0,0.0,0.0,0.0,0.0
entanglement_assisted_dynamic_graph,global_only_control,synchronization_bursty,module_3--module_4,module_1--module_3,4,12.6881750992643,12.6881750992643,12.6881750992643,0.25,0.0,0.0
entanglement_assisted_dynamic_graph,global_only_control,synchronization_bursty,module_3--module_4,module_1--module_4,5,13.022736312740017,13.022736312740017,13.022736312740017,0.2,0.0,0.0
entanglement_assisted_dynamic_graph,global_only_control,synchronization_bursty,module_3--module_4,module_2--module_3,6,13.050180577509309,13.050180577509309,13.050180577509309,0.3333333333333333,0.0,0.0
entanglement_assisted_dynamic_graph,global_only_control,synchronization_bursty,module_3--module_4,module_2--module_4,5,1.4713093473081245,1.4713093473081245,1.4713093473081245,0.2,0.0,0.0
entanglement_assisted_dynamic_graph,global_only_control,synchronization_bursty,module_3--module_4,module_3--module_4,6,17.511268484441946,17.511268484441946,17.511268484441946,0.5,0.0,0.0
