configuration_id,resource_name,acquisition_count,total_wait_ns,total_cross_tenant_wait_ns,mean_wait_ns,max_wait_ns
cfg_0000000,endpoint,2455,106205.69937915889,0.0,43.26097734385291,560.0000000000005
cfg_0000000,feedforward,2455,0.0,0.0,0.0,0.0
cfg_0000000,link,2455,0.0,0.0,0.0,0.0
cfg_0000000,readout,2455,0.0,0.0,0.0,0.0
cfg_0000000,reset,2455,0.0,0.0,0.0,0.0
cfg_0000000,switch_path,2455,0.0,0.0,0.0,0.0
cfg_0000001,endpoint,2455,153265.01710458397,0.0,62.42974220145987,529.3813849296707
cfg_0000001,feedforward,2455,0.0,0.0,0.0,0.0
cfg_0000001,link,2455,0.0,0.0,0.0,0.0
cfg_0000001,readout,2455,0.0,0.0,0.0,0.0
cfg_0000001,reset,2455,0.0,0.0,0.0,0.0
cfg_0000001,switch_path,2455,0.0,0.0,0.0,0.0
cfg_0000010,endpoint,2455,830661.7873718011,0.0,338.3551068724241,2047.124827968768
cfg_0000010,feedforward,2455,0.0,0.0,0.0,0.0
cfg_0000010,link,2455,0.0,0.0,0.0,0.0
cfg_0000010,readout,2455,0.0,0.0,0.0,0.0
cfg_0000010,reset,2455,53185.484689966,53185.484689966,21.664148549884317,114.85323981477995
cfg_0000010,switch_path,2455,0.0,0.0,0.0,0.0
cfg_0000011,endpoint,2455,439987.4630901856,0.0,179.22096256219373,1265.3282665131264
cfg_0000011,feedforward,2455,0.0,0.0,0.0,0.0
cfg_0000011,link,2455,0.0,0.0,0.0,0.0
cfg_0000011,readout,2455,0.0,0.0,0.0,0.0
cfg_0000011,reset,2455,36022.12722042784,36022.12722042784,14.672964244573459,119.34541931828062
cfg_0000011,switch_path,2455,0.0,0.0,0.0,0.0
cfg_0000100,endpoint,2455,107363.22007247238,0.0,43.732472534611965,614.85323981478
cfg_0000100,feedforward,2455,3789.1862130795653,3789.1862130795653,1.5434567059387232,39.96675557971321
cfg_0000100,link,2455,0.0,0.0,0.0,0.0
cfg_0000100,readout,2455,0.0,0.0,0.0,0.0
cfg_0000100,reset,2455,0.0,0.0,0.0,0.0
cfg_0000100,switch_path,2455,0.0,0.0,0.0,0.0
cfg_0000101,endpoint,2455,155166.06099838665,0.0,63.20409816634894,529.3813849296707
cfg_0000101,feedforward,2455,1978.7686050252562,1978.7686050252562,0.8060157250612041,39.236826737922456
cfg_0000101,link,2455,0.0,0.0,0.0,0.0
cfg_0000101,readout,2455,0.0,0.0,0.0,0.0
cfg_0000101,reset,2455,0.0,0.0,0.0,0.0
cfg_0000101,switch_path,2455,0.0,0.0,0.0,0.0
cfg_0000110,endpoint,2455,830661.7873718011,0.0,338.3551068724241,2047.124827968768
cfg_0000110,feedforward,2455,4108.656030958056,4108.656030958056,1.6735869779869883,34.853239814779954
cfg_0000110,link,2455,0.0,0.0,0.0,0.0
cfg_0000110,readout,2455,0.0,0.0,0.0,0.0
cfg_0000110,reset,2455,49076.828659007944,49076.828659007944,19.99056157189733,80.0
cfg_0000110,switch_path,2455,0.0,0.0,0.0,0.0
cfg_0000111,endpoint,2455,439987.4630901856,0.0,179.22096256219373,1265.3282665131264
cfg_0000111,feedforward,2455,4131.169643106732,4131.169643106732,1.682757492100502,39.34541931828062
cfg_0000111,link,2455,0.0,0.0,0.0,0.0
cfg_0000111,readout,2455,0.0,0.0,0.0,0.0
cfg_0000111,reset,2455,31890.957577321115,31890.957577321115,12.99020675247296,80.0
cfg_0000111,switch_path,2455,0.0,0.0,0.0,0.0
cfg_0001000,endpoint,2455,122668.55408697337,0.0,49.96682447534557,644.85323981478
cfg_0001000,feedforward,2455,0.0,0.0,0.0,0.0
cfg_0001000,link,2455,0.0,0.0,0.0,0.0
cfg_0001000,readout,2455,14386.398064565608,14386.398064565608,5.860039944833241,69.96675557971321
cfg_0001000,reset,2455,0.0,0.0,0.0,0.0
cfg_0001000,switch_path,2455,0.0,0.0,0.0,0.0
cfg_0001001,endpoint,2455,157053.2740425175,0.0,63.972820383917515,529.3813849296707
cfg_0001001,feedforward,2455,0.0,0.0,0.0,0.0
cfg_0001001,link,2455,0.0,0.0,0.0,0.0
cfg_0001001,readout,2455,5217.311284780375,5217.311284780375,2.125177712741497,69.23682673792246
cfg_0001001,reset,2455,0.0,0.0,0.0,0.0
cfg_0001001,switch_path,2455,0.0,0.0,0.0,0.0
cfg_0001010,endpoint,2455,830661.7873718011,0.0,338.3551068724241,2047.124827968768
cfg_0001010,feedforward,2455,0.0,0.0,0.0,0.0
cfg_0001010,link,2455,0.0,0.0,0.0,0.0
cfg_0001010,readout,2455,18544.378817931673,18544.378817931673,7.553718459442637,64.85323981477995
cfg_0001010,reset,2455,34641.10587203433,34641.10587203433,14.110430090441682,50.0
cfg_0001010,switch_path,2455,0.0,0.0,0.0,0.0
cfg_0001011,endpoint,2455,439987.4630901856,0.0,179.22096256219373,1265.3282665131264
cfg_0001011,feedforward,2455,0.0,0.0,0.0,0.0
cfg_0001011,link,2455,0.0,0.0,0.0,0.0
cfg_0001011,readout,2455,14583.900398172244,14583.900398172244,5.940488960558959,69.34541931828062
cfg_0001011,reset,2455,21438.2268222556,21438.2268222556,8.732475284014502,50.0
cfg_0001011,switch_path,2455,0.0,0.0,0.0,0.0
cfg_0001100,endpoint,2455,122668.55408697337,0.0,49.96682447534557,644.85323981478
cfg_0001100,feedforward,2455,0.0,0.0,0.0,0.0
cfg_0001100,link,2455,0.0,0.0,0.0,0.0
cfg_0001100,readout,2455,14386.398064565608,14386.398064565608,5.860039944833241,69.96675557971321
cfg_0001100,reset,2455,0.0,0.0,0.0,0.0
cfg_0001100,switch_path,2455,0.0,0.0,0.0,0.0
cfg_0001101,endpoint,2455,157053.2740425175,0.0,63.972820383917515,529.3813849296707
cfg_0001101,feedforward,2455,0.0,0.0,0.0,0.0
cfg_0001101,link,2455,0.0,0.0,0.0,0.0
cfg_0001101,readout,2455,5217.311284780375,5217.311284780375,2.125177712741497,69.23682673792246
cfg_0001101,reset,2455,0.0,0.0,0.0,0.0
cfg_0001101,switch_path,2455,0.0,0.0,0.0,0.0
cfg_0001110,endpoint,2455,830661.7873718011,0.0,338.3551068724241,2047.124827968768
cfg_0001110,feedforward,2455,0.0,0.0,0.0,0.0
cfg_0001110,link,2455,0.0,0.0,0.0,0.0
cfg_0001110,readout,2455,18544.378817931673,18544.378817931673,7.553718459442637,64.85323981477995
cfg_0001110,reset,2455,34641.10587203433,34641.10587203433,14.110430090441682,50.0
cfg_0001110,switch_path,2455,0.0,0.0,0.0,0.0
cfg_0001111,endpoint,2455,439987.4630901856,0.0,179.22096256219373,1265.3282665131264
cfg_0001111,feedforward,2455,0.0,0.0,0.0,0.0
cfg_0001111,link,2455,0.0,0.0,0.0,0.0
cfg_0001111,readout,2455,14583.900398172244,14583.900398172244,5.940488960558959,69.34541931828062
cfg_0001111,reset,2455,21438.2268222556,21438.2268222556,8.732475284014502,50.0
cfg_0001111,switch_path,2455,0.0,0.0,0.0,0.0
cfg_0010000,endpoint,2455,562951.3165137762,0.0,229.30807189970517,2007.124827968768
cfg_0010000,feedforward,2455,0.0,0.0,0.0,0.0
cfg_0010000,link,2455,34017.50142887619,34017.50142887619,13.856416060642031,78.92247402337307
cfg_0010000,readout,2455,0.0,0.0,0.0,0.0
cfg_0010000,reset,2455,0.0,0.0,0.0,0.0
cfg_0010000,switch_path,2455,0.0,0.0,0.0,0.0
cfg_0010001,endpoint,2455,158551.56618137646,0.0,64.58312268080508,529.3813849296707
cfg_0010001,feedforward,2455,0.0,0.0,0.0,0.0
cfg_0010001,link,2455,6761.8456737117285,6761.8456737117285,2.7543159567053883,80.0
cfg_0010001,readout,2455,0.0,0.0,0.0,0.0
cfg_0010001,reset,2455,0.0,0.0,0.0,0.0
cfg_0010001,switch_path,2455,0.0,0.0,0.0,0.0
cfg_0010010,endpoint,2455,830661.7873718011,0.0,338.3551068724241,2047.124827968768
cfg_0010010,feedforward,2455,0.0,0.0,0.0,0.0
cfg_0010010,link,2455,24901.477031815277,24901.477031815277,10.14316783373331,74.85323981477995
cfg_0010010,readout,2455,0.0,0.0,0.0,0.0
cfg_0010010,reset,2455,28284.007658150727,28284.007658150727,11.520980716151008,40.0
cfg_0010010,switch_path,2455,0.0,0.0,0.0,0.0
cfg_0010011,endpoint,2455,439987.4630901856,0.0,179.22096256219373,1265.3282665131264
cfg_0010011,feedforward,2455,0.0,0.0,0.0,0.0
cfg_0010011,link,2455,18314.332656899627,18314.332656899627,7.460013302199441,79.34541931828062
cfg_0010011,readout,2455,0.0,0.0,0.0,0.0
cfg_0010011,reset,2455,17707.794563528216,17707.794563528216,7.212950942374019,40.0
cfg_0010011,switch_path,2455,0.0,0.0,0.0,0.0
cfg_0010100,endpoint,2455,562951.3165137762,0.0,229.30807189970517,2007.124827968768
cfg_0010100,feedforward,2455,0.0,0.0,0.0,0.0
cfg_0010100,link,2455,34017.50142887619,34017.50142887619,13.856416060642031,78.92247402337307
cfg_0010100,readout,2455,0.0,0.0,0.0,0.0
cfg_0010100,reset,2455,0.0,0.0,0.0,0.0
cfg_0010100,switch_path,2455,0.0,0.0,0.0,0.0
cfg_0010101,endpoint,2455,158551.56618137646,0.0,64.58312268080508,529.3813849296707
cfg_0010101,feedforward,2455,0.0,0.0,0.0,0.0
cfg_0010101,link,2455,6761.8456737117285,6761.8456737117285,2.7543159567053883,80.0
cfg_0010101,readout,2455,0.0,0.0,0.0,0.0
cfg_0010101,reset,2455,0.0,0.0,0.0,0.0
cfg_0010101,switch_path,2455,0.0,0.0,0.0,0.0
cfg_0010110,endpoint,2455,830661.7873718011,0.0,338.3551068724241,2047.124827968768
cfg_0010110,feedforward,2455,0.0,0.0,0.0,0.0
cfg_0010110,link,2455,24901.477031815277,24901.477031815277,10.14316783373331,74.85323981477995
cfg_0010110,readout,2455,0.0,0.0,0.0,0.0
cfg_0010110,reset,2455,28284.007658150727,28284.007658150727,11.520980716151008,40.0
cfg_0010110,switch_path,2455,0.0,0.0,0.0,0.0
cfg_0010111,endpoint,2455,439987.4630901856,0.0,179.22096256219373,1265.3282665131264
cfg_0010111,feedforward,2455,0.0,0.0,0.0,0.0
cfg_0010111,link,2455,18314.332656899627,18314.332656899627,7.460013302199441,79.34541931828062
cfg_0010111,readout,2455,0.0,0.0,0.0,0.0
cfg_0010111,reset,2455,17707.794563528216,17707.794563528216,7.212950942374019,40.0
cfg_0010111,switch_path,2455,0.0,0.0,0.0,0.0
cfg_0011000,endpoint,2455,562951.3165137762,0.0,229.30807189970517,2007.124827968768
cfg_0011000,feedforward,2455,0.0,0.0,0.0,0.0
cfg_0011000,link,2455,34017.50142887619,34017.50142887619,13.856416060642031,78.92247402337307
cfg_0011000,readout,2455,0.0,0.0,0.0,0.0
cfg_0011000,reset,2455,0.0,0.0,0.0,0.0
cfg_0011000,switch_path,2455,0.0,0.0,0.0,0.0
cfg_0011001,endpoint,2455,158551.56618137646,0.0,64.58312268080508,529.3813849296707
cfg_0011001,feedforward,2455,0.0,0.0,0.0,0.0
cfg_0011001,link,2455,6761.8456737117285,6761.8456737117285,2.7543159567053883,80.0
cfg_0011001,readout,2455,0.0,0.0,0.0,0.0
cfg_0011001,reset,2455,0.0,0.0,0.0,0.0
cfg_0011001,switch_path,2455,0.0,0.0,0.0,0.0
cfg_0011010,endpoint,2455,830661.7873718011,0.0,338.3551068724241,2047.124827968768
cfg_0011010,feedforward,2455,0.0,0.0,0.0,0.0
cfg_0011010,link,2455,24901.477031815277,24901.477031815277,10.14316783373331,74.85323981477995
cfg_0011010,readout,2455,0.0,0.0,0.0,0.0
cfg_0011010,reset,2455,28284.007658150727,28284.007658150727,11.520980716151008,40.0
cfg_0011010,switch_path,2455,0.0,0.0,0.0,0.0
cfg_0011011,endpoint,2455,439987.4630901856,0.0,179.22096256219373,1265.3282665131264
cfg_0011011,feedforward,2455,0.0,0.0,0.0,0.0
cfg_0011011,link,2455,18314.332656899627,18314.332656899627,7.460013302199441,79.34541931828062
cfg_0011011,readout,2455,0.0,0.0,0.0,0.0
cfg_0011011,reset,2455,17707.794563528216,17707.794563528216,7.212950942374019,40.0
cfg_0011011,switch_path,2455,0.0,0.0,0.0,0.0
cfg_0011100,endpoint,2455,562951.3165137762,0.0,229.30807189970517,2007.124827968768
cfg_0011100,feedforward,2455,0.0,0.0,0.0,0.0
cfg_0011100,link,2455,34017.50142887619,34017.50142887619,13.856416060642031,78.92247402337307
cfg_0011100,readout,2455,0.0,0.0,0.0,0.0
cfg_0011100,reset,2455,0.0,0.0,0.0,0.0
cfg_0011100,switch_path,2455,0.0,0.0,0.0,0.0
cfg_0011101,endpoint,2455,158551.56618137646,0.0,64.58312268080508,529.3813849296707
cfg_0011101,feedforward,2455,0.0,0.0,0.0,0.0
cfg_0011101,link,2455,6761.8456737117285,6761.8456737117285,2.7543159567053883,80.0
cfg_0011101,readout,2455,0.0,0.0,0.0,0.0
cfg_0011101,reset,2455,0.0,0.0,0.0,0.0
cfg_0011101,switch_path,2455,0.0,0.0,0.0,0.0
cfg_0011110,endpoint,2455,830661.7873718011,0.0,338.3551068724241,2047.124827968768
cfg_0011110,feedforward,2455,0.0,0.0,0.0,0.0
cfg_0011110,link,2455,24901.477031815277,24901.477031815277,10.14316783373331,74.85323981477995
cfg_0011110,readout,2455,0.0,0.0,0.0,0.0
cfg_0011110,reset,2455,28284.007658150727,28284.007658150727,11.520980716151008,40.0
cfg_0011110,switch_path,2455,0.0,0.0,0.0,0.0
cfg_0011111,endpoint,2455,439987.4630901856,0.0,179.22096256219373,1265.3282665131264
cfg_0011111,feedforward,2455,0.0,0.0,0.0,0.0
cfg_0011111,link,2455,18314.332656899627,18314.332656899627,7.460013302199441,79.34541931828062
cfg_0011111,readout,2455,0.0,0.0,0.0,0.0
cfg_0011111,reset,2455,17707.794563528216,17707.794563528216,7.212950942374019,40.0
cfg_0011111,switch_path,2455,0.0,0.0,0.0,0.0
cfg_0100000,endpoint,2455,106281.1571655842,0.0,43.29171371306892,574.8340369363686
cfg_0100000,feedforward,2455,0.0,0.0,0.0,0.0
cfg_0100000,link,2455,0.0,0.0,0.0,0.0
cfg_0100000,readout,2455,0.0,0.0,0.0,0.0
cfg_0100000,reset,2455,0.0,0.0,0.0,0.0
cfg_0100000,switch_path,2455,587.7211754852824,587.7211754852824,0.2393976274889134,14.966755579713208
cfg_0100001,endpoint,2455,153440.67900618116,0.0,62.50129491086809,529.3813849296707
cfg_0100001,feedforward,2455,0.0,0.0,0.0,0.0
cfg_0100001,link,2455,0.0,0.0,0.0,0.0
cfg_0100001,readout,2455,0.0,0.0,0.0,0.0
cfg_0100001,reset,2455,0.0,0.0,0.0,0.0
cfg_0100001,switch_path,2455,220.6905432155886,220.6905432155886,0.08989431495543324,14.34541931828062
cfg_0100010,endpoint,2455,830661.7873718011,0.0,338.3551068724241,2047.124827968768
cfg_0100010,feedforward,2455,0.0,0.0,0.0,0.0
cfg_0100010,link,2455,0.0,0.0,0.0,0.0
cfg_0100010,readout,2455,0.0,0.0,0.0,0.0
cfg_0100010,reset,2455,53140.30307715497,53140.30307715497,21.64574463427901,105.0
cfg_0100010,switch_path,2455,45.18161281102857,45.18161281102857,0.018403915605306954,9.853239814779954
cfg_0100011,endpoint,2455,439987.4630901856,0.0,179.22096256219373,1265.3282665131264
cfg_0100011,feedforward,2455,0.0,0.0,0.0,0.0
cfg_0100011,link,2455,0.0,0.0,0.0,0.0
cfg_0100011,readout,2455,0.0,0.0,0.0,0.0
cfg_0100011,reset,2455,35964.933817215824,35964.933817215824,14.649667542654104,105.0
cfg_0100011,switch_path,2455,57.19340321201844,57.19340321201844,0.02329670191935578,14.34541931828062
cfg_0100100,endpoint,2455,107363.22007247238,0.0,43.732472534611965,614.85323981478
cfg_0100100,feedforward,2455,3402.220740543238,3402.220740543238,1.3858332955369606,25.0
cfg_0100100,link,2455,0.0,0.0,0.0,0.0
cfg_0100100,readout,2455,0.0,0.0,0.0,0.0
cfg_0100100,reset,2455,0.0,0.0,0.0,0.0
cfg_0100100,switch_path,2455,386.96547253632707,386.96547253632707,0.15762341040176256,14.966755579713208
cfg_0100101,endpoint,2455,155166.06099838665,0.0,63.20409816634894,529.3813849296707
cfg_0100101,feedforward,2455,1705.7442850190553,1705.7442850190553,0.6948041894171304,25.0
cfg_0100101,link,2455,0.0,0.0,0.0,0.0
cfg_0100101,readout,2455,0.0,0.0,0.0,0.0
cfg_0100101,reset,2455,0.0,0.0,0.0,0.0
cfg_0100101,switch_path,2455,273.0243200062009,273.0243200062009,0.1112115356440737,14.236826737922456
cfg_0100110,endpoint,2455,830661.7873718011,0.0,338.3551068724241,2047.124827968768
cfg_0100110,feedforward,2455,4063.474418147028,4063.474418147028,1.6551830623816814,25.0
cfg_0100110,link,2455,0.0,0.0,0.0,0.0
cfg_0100110,readout,2455,0.0,0.0,0.0,0.0
cfg_0100110,reset,2455,49076.828659007944,49076.828659007944,19.99056157189733,80.0
cfg_0100110,switch_path,2455,45.18161281102857,45.18161281102857,0.018403915605306954,9.853239814779954
cfg_0100111,endpoint,2455,439987.4630901856,0.0,179.22096256219373,1265.3282665131264
cfg_0100111,feedforward,2455,4073.976239894713,4073.976239894713,1.659460790181146,25.0
cfg_0100111,link,2455,0.0,0.0,0.0,0.0
cfg_0100111,readout,2455,0.0,0.0,0.0,0.0
cfg_0100111,reset,2455,31890.957577321115,31890.957577321115,12.99020675247296,80.0
cfg_0100111,switch_path,2455,57.19340321201844,57.19340321201844,0.02329670191935578,14.34541931828062
cfg_0101000,endpoint,2455,122668.55408697337,0.0,49.96682447534557,644.85323981478
cfg_0101000,feedforward,2455,0.0,0.0,0.0,0.0
cfg_0101000,link,2455,0.0,0.0,0.0,0.0
cfg_0101000,readout,2455,12802.875038367729,12802.875038367729,5.215020382227181,55.0
cfg_0101000,reset,2455,0.0,0.0,0.0,0.0
cfg_0101000,switch_path,2455,1583.5230261978786,1583.5230261978786,0.6450195626060605,14.966755579713208
cfg_0101001,endpoint,2455,157053.2740425175,0.0,63.972820383917515,529.3813849296707
cfg_0101001,feedforward,2455,0.0,0.0,0.0,0.0
cfg_0101001,link,2455,0.0,0.0,0.0,0.0
cfg_0101001,readout,2455,5013.697926403733,5013.697926403733,2.0422394812235165,55.0
cfg_0101001,reset,2455,0.0,0.0,0.0,0.0
cfg_0101001,switch_path,2455,203.61335837664274,203.61335837664274,0.08293823151798074,14.236826737922456
cfg_0101010,endpoint,2455,830661.7873718011,0.0,338.3551068724241,2047.124827968768
cfg_0101010,feedforward,2455,0.0,0.0,0.0,0.0
cfg_0101010,link,2455,0.0,0.0,0.0,0.0
cfg_0101010,readout,2455,18499.197205120643,18499.197205120643,7.5353145438373295,55.0
cfg_0101010,reset,2455,34641.10587203433,34641.10587203433,14.110430090441682,50.0
cfg_0101010,switch_path,2455,45.18161281102857,45.18161281102857,0.018403915605306954,9.853239814779954
cfg_0101011,endpoint,2455,439987.4630901856,0.0,179.22096256219373,1265.3282665131264
cfg_0101011,feedforward,2455,0.0,0.0,0.0,0.0
cfg_0101011,link,2455,0.0,0.0,0.0,0.0
cfg_0101011,readout,2455,14526.706994960226,14526.706994960226,5.917192258639603,55.0
cfg_0101011,reset,2455,21438.2268222556,21438.2268222556,8.732475284014502,50.0
cfg_0101011,switch_path,2455,57.19340321201844,57.19340321201844,0.02329670191935578,14.34541931828062
cfg_0101100,endpoint,2455,122668.55408697337,0.0,49.96682447534557,644.85323981478
cfg_0101100,feedforward,2455,0.0,0.0,0.0,0.0
cfg_0101100,link,2455,0.0,0.0,0.0,0.0
cfg_0101100,readout,2455,12802.875038367729,12802.875038367729,5.215020382227181,55.0
cfg_0101100,reset,2455,0.0,0.0,0.0,0.0
cfg_0101100,switch_path,2455,1583.5230261978786,1583.5230261978786,0.6450195626060605,14.966755579713208
cfg_0101101,endpoint,2455,157053.2740425175,0.0,63.972820383917515,529.3813849296707
cfg_0101101,feedforward,2455,0.0,0.0,0.0,0.0
cfg_0101101,link,2455,0.0,0.0,0.0,0.0
cfg_0101101,readout,2455,5013.697926403733,5013.697926403733,2.0422394812235165,55.0
cfg_0101101,reset,2455,0.0,0.0,0.0,0.0
cfg_0101101,switch_path,2455,203.61335837664274,203.61335837664274,0.08293823151798074,14.236826737922456
cfg_0101110,endpoint,2455,830661.7873718011,0.0,338.3551068724241,2047.124827968768
cfg_0101110,feedforward,2455,0.0,0.0,0.0,0.0
cfg_0101110,link,2455,0.0,0.0,0.0,0.0
cfg_0101110,readout,2455,18499.197205120643,18499.197205120643,7.5353145438373295,55.0
cfg_0101110,reset,2455,34641.10587203433,34641.10587203433,14.110430090441682,50.0
cfg_0101110,switch_path,2455,45.18161281102857,45.18161281102857,0.018403915605306954,9.853239814779954
cfg_0101111,endpoint,2455,439987.4630901856,0.0,179.22096256219373,1265.3282665131264
cfg_0101111,feedforward,2455,0.0,0.0,0.0,0.0
cfg_0101111,link,2455,0.0,0.0,0.0,0.0
cfg_0101111,readout,2455,14526.706994960226,14526.706994960226,5.917192258639603,55.0
cfg_0101111,reset,2455,21438.2268222556,21438.2268222556,8.732475284014502,50.0
cfg_0101111,switch_path,2455,57.19340321201844,57.19340321201844,0.02329670191935578,14.34541931828062
cfg_0110000,endpoint,2455,562951.3165137762,0.0,229.30807189970517,2007.124827968768
cfg_0110000,feedforward,2455,0.0,0.0,0.0,0.0
cfg_0110000,link,2455,31932.876245349787,31932.876245349787,13.007281566333926,65.00000000000045
cfg_0110000,readout,2455,0.0,0.0,0.0,0.0
cfg_0110000,reset,2455,0.0,0.0,0.0,0.0
cfg_0110000,switch_path,2455,2084.6251835264047,2084.6251835264047,0.8491344943081078,13.92247402337307
cfg_0110001,endpoint,2455,158551.56618137646,0.0,64.58312268080508,529.3813849296707
cfg_0110001,feedforward,2455,0.0,0.0,0.0,0.0
cfg_0110001,link,2455,6484.593487729209,6484.593487729209,2.641382276060778,65.0
cfg_0110001,readout,2455,0.0,0.0,0.0,0.0
cfg_0110001,reset,2455,0.0,0.0,0.0,0.0
cfg_0110001,switch_path,2455,277.2521859825197,277.2521859825197,0.11293368064461087,15.0
cfg_0110010,endpoint,2455,830661.7873718011,0.0,338.3551068724241,2047.124827968768
cfg_0110010,feedforward,2455,0.0,0.0,0.0,0.0
cfg_0110010,link,2455,24856.295419004247,24856.295419004247,10.124763918128004,65.0
cfg_0110010,readout,2455,0.0,0.0,0.0,0.0
cfg_0110010,reset,2455,28284.007658150727,28284.007658150727,11.520980716151008,40.0
cfg_0110010,switch_path,2455,45.18161281102857,45.18161281102857,0.018403915605306954,9.853239814779954
cfg_0110011,endpoint,2455,439987.4630901856,0.0,179.22096256219373,1265.3282665131264
cfg_0110011,feedforward,2455,0.0,0.0,0.0,0.0
cfg_0110011,link,2455,18257.13925368761,18257.13925368761,7.436716600280085,65.0
cfg_0110011,readout,2455,0.0,0.0,0.0,0.0
cfg_0110011,reset,2455,17707.794563528216,17707.794563528216,7.212950942374019,40.0
cfg_0110011,switch_path,2455,57.19340321201844,57.19340321201844,0.02329670191935578,14.34541931828062
cfg_0110100,endpoint,2455,562951.3165137762,0.0,229.30807189970517,2007.124827968768
cfg_0110100,feedforward,2455,0.0,0.0,0.0,0.0
cfg_0110100,link,2455,31932.876245349787,31932.876245349787,13.007281566333926,65.00000000000045
cfg_0110100,readout,2455,0.0,0.0,0.0,0.0
cfg_0110100,reset,2455,0.0,0.0,0.0,0.0
cfg_0110100,switch_path,2455,2084.6251835264047,2084.6251835264047,0.8491344943081078,13.92247402337307
cfg_0110101,endpoint,2455,158551.56618137646,0.0,64.58312268080508,529.3813849296707
cfg_0110101,feedforward,2455,0.0,0.0,0.0,0.0
cfg_0110101,link,2455,6484.593487729209,6484.593487729209,2.641382276060778,65.0
cfg_0110101,readout,2455,0.0,0.0,0.0,0.0
cfg_0110101,reset,2455,0.0,0.0,0.0,0.0
cfg_0110101,switch_path,2455,277.2521859825197,277.2521859825197,0.11293368064461087,15.0
cfg_0110110,endpoint,2455,830661.7873718011,0.0,338.3551068724241,2047.124827968768
cfg_0110110,feedforward,2455,0.0,0.0,0.0,0.0
cfg_0110110,link,2455,24856.295419004247,24856.295419004247,10.124763918128004,65.0
cfg_0110110,readout,2455,0.0,0.0,0.0,0.0
cfg_0110110,reset,2455,28284.007658150727,28284.007658150727,11.520980716151008,40.0
cfg_0110110,switch_path,2455,45.18161281102857,45.18161281102857,0.018403915605306954,9.853239814779954
cfg_0110111,endpoint,2455,439987.4630901856,0.0,179.22096256219373,1265.3282665131264
cfg_0110111,feedforward,2455,0.0,0.0,0.0,0.0
cfg_0110111,link,2455,18257.13925368761,18257.13925368761,7.436716600280085,65.0
cfg_0110111,readout,2455,0.0,0.0,0.0,0.0
cfg_0110111,reset,2455,17707.794563528216,17707.794563528216,7.212950942374019,40.0
cfg_0110111,switch_path,2455,57.19340321201844,57.19340321201844,0.02329670191935578,14.34541931828062
cfg_0111000,endpoint,2455,562951.3165137762,0.0,229.30807189970517,2007.124827968768
cfg_0111000,feedforward,2455,0.0,0.0,0.0,0.0
cfg_0111000,link,2455,31932.876245349787,31932.876245349787,13.007281566333926,65.00000000000045
cfg_0111000,readout,2455,0.0,0.0,0.0,0.0
cfg_0111000,reset,2455,0.0,0.0,0.0,0.0
cfg_0111000,switch_path,2455,2084.6251835264047,2084.6251835264047,0.8491344943081078,13.92247402337307
cfg_0111001,endpoint,2455,158551.56618137646,0.0,64.58312268080508,529.3813849296707
cfg_0111001,feedforward,2455,0.0,0.0,0.0,0.0
cfg_0111001,link,2455,6484.593487729209,6484.593487729209,2.641382276060778,65.0
cfg_0111001,readout,2455,0.0,0.0,0.0,0.0
cfg_0111001,reset,2455,0.0,0.0,0.0,0.0
cfg_0111001,switch_path,2455,277.2521859825197,277.2521859825197,0.11293368064461087,15.0
cfg_0111010,endpoint,2455,830661.7873718011,0.0,338.3551068724241,2047.124827968768
cfg_0111010,feedforward,2455,0.0,0.0,0.0,0.0
cfg_0111010,link,2455,24856.295419004247,24856.295419004247,10.124763918128004,65.0
cfg_0111010,readout,2455,0.0,0.0,0.0,0.0
cfg_0111010,reset,2455,28284.007658150727,28284.007658150727,11.520980716151008,40.0
cfg_0111010,switch_path,2455,45.18161281102857,45.18161281102857,0.018403915605306954,9.853239814779954
cfg_0111011,endpoint,2455,439987.4630901856,0.0,179.22096256219373,1265.3282665131264
cfg_0111011,feedforward,2455,0.0,0.0,0.0,0.0
cfg_0111011,link,2455,18257.13925368761,18257.13925368761,7.436716600280085,65.0
cfg_0111011,readout,2455,0.0,0.0,0.0,0.0
cfg_0111011,reset,2455,17707.794563528216,17707.794563528216,7.212950942374019,40.0
cfg_0111011,switch_path,2455,57.19340321201844,57.19340321201844,0.02329670191935578,14.34541931828062
cfg_0111100,endpoint,2455,562951.3165137762,0.0,229.30807189970517,2007.124827968768
cfg_0111100,feedforward,2455,0.0,0.0,0.0,0.0
cfg_0111100,link,2455,31932.876245349787,31932.876245349787,13.007281566333926,65.00000000000045
cfg_0111100,readout,2455,0.0,0.0,0.0,0.0
cfg_0111100,reset,2455,0.0,0.0,0.0,0.0
cfg_0111100,switch_path,2455,2084.6251835264047,2084.6251835264047,0.8491344943081078,13.92247402337307
cfg_0111101,endpoint,2455,158551.56618137646,0.0,64.58312268080508,529.3813849296707
cfg_0111101,feedforward,2455,0.0,0.0,0.0,0.0
cfg_0111101,link,2455,6484.593487729209,6484.593487729209,2.641382276060778,65.0
cfg_0111101,readout,2455,0.0,0.0,0.0,0.0
cfg_0111101,reset,2455,0.0,0.0,0.0,0.0
cfg_0111101,switch_path,2455,277.2521859825197,277.2521859825197,0.11293368064461087,15.0
cfg_0111110,endpoint,2455,830661.7873718011,0.0,338.3551068724241,2047.124827968768
cfg_0111110,feedforward,2455,0.0,0.0,0.0,0.0
cfg_0111110,link,2455,24856.295419004247,24856.295419004247,10.124763918128004,65.0
cfg_0111110,readout,2455,0.0,0.0,0.0,0.0
cfg_0111110,reset,2455,28284.007658150727,28284.007658150727,11.520980716151008,40.0
cfg_0111110,switch_path,2455,45.18161281102857,45.18161281102857,0.018403915605306954,9.853239814779954
cfg_0111111,endpoint,2455,439987.4630901856,0.0,179.22096256219373,1265.3282665131264
cfg_0111111,feedforward,2455,0.0,0.0,0.0,0.0
cfg_0111111,link,2455,18257.13925368761,18257.13925368761,7.436716600280085,65.0
cfg_0111111,readout,2455,0.0,0.0,0.0,0.0
cfg_0111111,reset,2455,17707.794563528216,17707.794563528216,7.212950942374019,40.0
cfg_0111111,switch_path,2455,57.19340321201844,57.19340321201844,0.02329670191935578,14.34541931828062
cfg_1000000,endpoint,2455,15974119.415206516,7961225.5529227005,6506.769619228723,16123.191134661305
cfg_1000000,feedforward,2455,0.0,0.0,0.0,0.0
cfg_1000000,link,2455,0.0,0.0,0.0,0.0
cfg_1000000,readout,2455,0.0,0.0,0.0,0.0
cfg_1000000,reset,2455,0.0,0.0,0.0,0.0
cfg_1000000,switch_path,2455,0.0,0.0,0.0,0.0
cfg_1000001,endpoint,2455,15309127.068233104,7631352.631971119,6235.896972803708,14640.0
cfg_1000001,feedforward,2455,0.0,0.0,0.0,0.0
cfg_1000001,link,2455,0.0,0.0,0.0,0.0
cfg_1000001,readout,2455,0.0,0.0,0.0,0.0
cfg_1000001,reset,2455,0.0,0.0,0.0,0.0
cfg_1000001,switch_path,2455,0.0,0.0,0.0,0.0
cfg_1000010,endpoint,2455,15974119.415206516,7961225.5529227005,6506.769619228723,16123.191134661305
cfg_1000010,feedforward,2455,0.0,0.0,0.0,0.0
cfg_1000010,link,2455,0.0,0.0,0.0,0.0
cfg_1000010,readout,2455,0.0,0.0,0.0,0.0
cfg_1000010,reset,2455,0.0,0.0,0.0,0.0
cfg_1000010,switch_path,2455,0.0,0.0,0.0,0.0
cfg_1000011,endpoint,2455,15309127.068233104,7631352.631971119,6235.896972803708,14640.0
cfg_1000011,feedforward,2455,0.0,0.0,0.0,0.0
cfg_1000011,link,2455,0.0,0.0,0.0,0.0
cfg_1000011,readout,2455,0.0,0.0,0.0,0.0
cfg_1000011,reset,2455,0.0,0.0,0.0,0.0
cfg_1000011,switch_path,2455,0.0,0.0,0.0,0.0
cfg_1000100,endpoint,2455,15974119.415206516,7961225.5529227005,6506.769619228723,16123.191134661305
cfg_1000100,feedforward,2455,0.0,0.0,0.0,0.0
cfg_1000100,link,2455,0.0,0.0,0.0,0.0
cfg_1000100,readout,2455,0.0,0.0,0.0,0.0
cfg_1000100,reset,2455,0.0,0.0,0.0,0.0
cfg_1000100,switch_path,2455,0.0,0.0,0.0,0.0
cfg_1000101,endpoint,2455,15309127.068233104,7631352.631971119,6235.896972803708,14640.0
cfg_1000101,feedforward,2455,0.0,0.0,0.0,0.0
cfg_1000101,link,2455,0.0,0.0,0.0,0.0
cfg_1000101,readout,2455,0.0,0.0,0.0,0.0
cfg_1000101,reset,2455,0.0,0.0,0.0,0.0
cfg_1000101,switch_path,2455,0.0,0.0,0.0,0.0
cfg_1000110,endpoint,2455,15974119.415206516,7961225.5529227005,6506.769619228723,16123.191134661305
cfg_1000110,feedforward,2455,0.0,0.0,0.0,0.0
cfg_1000110,link,2455,0.0,0.0,0.0,0.0
cfg_1000110,readout,2455,0.0,0.0,0.0,0.0
cfg_1000110,reset,2455,0.0,0.0,0.0,0.0
cfg_1000110,switch_path,2455,0.0,0.0,0.0,0.0
cfg_1000111,endpoint,2455,15309127.068233104,7631352.631971119,6235.896972803708,14640.0
cfg_1000111,feedforward,2455,0.0,0.0,0.0,0.0
cfg_1000111,link,2455,0.0,0.0,0.0,0.0
cfg_1000111,readout,2455,0.0,0.0,0.0,0.0
cfg_1000111,reset,2455,0.0,0.0,0.0,0.0
cfg_1000111,switch_path,2455,0.0,0.0,0.0,0.0
cfg_1001000,endpoint,2455,15974119.415206516,7961225.5529227005,6506.769619228723,16123.191134661305
cfg_1001000,feedforward,2455,0.0,0.0,0.0,0.0
cfg_1001000,link,2455,0.0,0.0,0.0,0.0
cfg_1001000,readout,2455,0.0,0.0,0.0,0.0
cfg_1001000,reset,2455,0.0,0.0,0.0,0.0
cfg_1001000,switch_path,2455,0.0,0.0,0.0,0.0
cfg_1001001,endpoint,2455,15309127.068233104,7631352.631971119,6235.896972803708,14640.0
cfg_1001001,feedforward,2455,0.0,0.0,0.0,0.0
cfg_1001001,link,2455,0.0,0.0,0.0,0.0
cfg_1001001,readout,2455,0.0,0.0,0.0,0.0
cfg_1001001,reset,2455,0.0,0.0,0.0,0.0
cfg_1001001,switch_path,2455,0.0,0.0,0.0,0.0
cfg_1001010,endpoint,2455,15974119.415206516,7961225.5529227005,6506.769619228723,16123.191134661305
cfg_1001010,feedforward,2455,0.0,0.0,0.0,0.0
cfg_1001010,link,2455,0.0,0.0,0.0,0.0
cfg_1001010,readout,2455,0.0,0.0,0.0,0.0
cfg_1001010,reset,2455,0.0,0.0,0.0,0.0
cfg_1001010,switch_path,2455,0.0,0.0,0.0,0.0
cfg_1001011,endpoint,2455,15309127.068233104,7631352.631971119,6235.896972803708,14640.0
cfg_1001011,feedforward,2455,0.0,0.0,0.0,0.0
cfg_1001011,link,2455,0.0,0.0,0.0,0.0
cfg_1001011,readout,2455,0.0,0.0,0.0,0.0
cfg_1001011,reset,2455,0.0,0.0,0.0,0.0
cfg_1001011,switch_path,2455,0.0,0.0,0.0,0.0
cfg_1001100,endpoint,2455,15974119.415206516,7961225.5529227005,6506.769619228723,16123.191134661305
cfg_1001100,feedforward,2455,0.0,0.0,0.0,0.0
cfg_1001100,link,2455,0.0,0.0,0.0,0.0
cfg_1001100,readout,2455,0.0,0.0,0.0,0.0
cfg_1001100,reset,2455,0.0,0.0,0.0,0.0
cfg_1001100,switch_path,2455,0.0,0.0,0.0,0.0
cfg_1001101,endpoint,2455,15309127.068233104,7631352.631971119,6235.896972803708,14640.0
cfg_1001101,feedforward,2455,0.0,0.0,0.0,0.0
cfg_1001101,link,2455,0.0,0.0,0.0,0.0
cfg_1001101,readout,2455,0.0,0.0,0.0,0.0
cfg_1001101,reset,2455,0.0,0.0,0.0,0.0
cfg_1001101,switch_path,2455,0.0,0.0,0.0,0.0
cfg_1001110,endpoint,2455,15974119.415206516,7961225.5529227005,6506.769619228723,16123.191134661305
cfg_1001110,feedforward,2455,0.0,0.0,0.0,0.0
cfg_1001110,link,2455,0.0,0.0,0.0,0.0
cfg_1001110,readout,2455,0.0,0.0,0.0,0.0
cfg_1001110,reset,2455,0.0,0.0,0.0,0.0
cfg_1001110,switch_path,2455,0.0,0.0,0.0,0.0
cfg_1001111,endpoint,2455,15309127.068233104,7631352.631971119,6235.896972803708,14640.0
cfg_1001111,feedforward,2455,0.0,0.0,0.0,0.0
cfg_1001111,link,2455,0.0,0.0,0.0,0.0
cfg_1001111,readout,2455,0.0,0.0,0.0,0.0
cfg_1001111,reset,2455,0.0,0.0,0.0,0.0
cfg_1001111,switch_path,2455,0.0,0.0,0.0,0.0
cfg_1010000,endpoint,2455,15974119.415206516,7961225.5529227005,6506.769619228723,16123.191134661305
cfg_1010000,feedforward,2455,0.0,0.0,0.0,0.0
cfg_1010000,link,2455,0.0,0.0,0.0,0.0
cfg_1010000,readout,2455,0.0,0.0,0.0,0.0
cfg_1010000,reset,2455,0.0,0.0,0.0,0.0
cfg_1010000,switch_path,2455,0.0,0.0,0.0,0.0
cfg_1010001,endpoint,2455,15309127.068233104,7631352.631971119,6235.896972803708,14640.0
cfg_1010001,feedforward,2455,0.0,0.0,0.0,0.0
cfg_1010001,link,2455,0.0,0.0,0.0,0.0
cfg_1010001,readout,2455,0.0,0.0,0.0,0.0
cfg_1010001,reset,2455,0.0,0.0,0.0,0.0
cfg_1010001,switch_path,2455,0.0,0.0,0.0,0.0
cfg_1010010,endpoint,2455,15974119.415206516,7961225.5529227005,6506.769619228723,16123.191134661305
cfg_1010010,feedforward,2455,0.0,0.0,0.0,0.0
cfg_1010010,link,2455,0.0,0.0,0.0,0.0
cfg_1010010,readout,2455,0.0,0.0,0.0,0.0
cfg_1010010,reset,2455,0.0,0.0,0.0,0.0
cfg_1010010,switch_path,2455,0.0,0.0,0.0,0.0
cfg_1010011,endpoint,2455,15309127.068233104,7631352.631971119,6235.896972803708,14640.0
cfg_1010011,feedforward,2455,0.0,0.0,0.0,0.0
cfg_1010011,link,2455,0.0,0.0,0.0,0.0
cfg_1010011,readout,2455,0.0,0.0,0.0,0.0
cfg_1010011,reset,2455,0.0,0.0,0.0,0.0
cfg_1010011,switch_path,2455,0.0,0.0,0.0,0.0
cfg_1010100,endpoint,2455,15974119.415206516,7961225.5529227005,6506.769619228723,16123.191134661305
cfg_1010100,feedforward,2455,0.0,0.0,0.0,0.0
cfg_1010100,link,2455,0.0,0.0,0.0,0.0
cfg_1010100,readout,2455,0.0,0.0,0.0,0.0
cfg_1010100,reset,2455,0.0,0.0,0.0,0.0
cfg_1010100,switch_path,2455,0.0,0.0,0.0,0.0
cfg_1010101,endpoint,2455,15309127.068233104,7631352.631971119,6235.896972803708,14640.0
cfg_1010101,feedforward,2455,0.0,0.0,0.0,0.0
cfg_1010101,link,2455,0.0,0.0,0.0,0.0
cfg_1010101,readout,2455,0.0,0.0,0.0,0.0
cfg_1010101,reset,2455,0.0,0.0,0.0,0.0
cfg_1010101,switch_path,2455,0.0,0.0,0.0,0.0
cfg_1010110,endpoint,2455,15974119.415206516,7961225.5529227005,6506.769619228723,16123.191134661305
cfg_1010110,feedforward,2455,0.0,0.0,0.0,0.0
cfg_1010110,link,2455,0.0,0.0,0.0,0.0
cfg_1010110,readout,2455,0.0,0.0,0.0,0.0
cfg_1010110,reset,2455,0.0,0.0,0.0,0.0
cfg_1010110,switch_path,2455,0.0,0.0,0.0,0.0
cfg_1010111,endpoint,2455,15309127.068233104,7631352.631971119,6235.896972803708,14640.0
cfg_1010111,feedforward,2455,0.0,0.0,0.0,0.0
cfg_1010111,link,2455,0.0,0.0,0.0,0.0
cfg_1010111,readout,2455,0.0,0.0,0.0,0.0
cfg_1010111,reset,2455,0.0,0.0,0.0,0.0
cfg_1010111,switch_path,2455,0.0,0.0,0.0,0.0
cfg_1011000,endpoint,2455,15974119.415206516,7961225.5529227005,6506.769619228723,16123.191134661305
cfg_1011000,feedforward,2455,0.0,0.0,0.0,0.0
cfg_1011000,link,2455,0.0,0.0,0.0,0.0
cfg_1011000,readout,2455,0.0,0.0,0.0,0.0
cfg_1011000,reset,2455,0.0,0.0,0.0,0.0
cfg_1011000,switch_path,2455,0.0,0.0,0.0,0.0
cfg_1011001,endpoint,2455,15309127.068233104,7631352.631971119,6235.896972803708,14640.0
cfg_1011001,feedforward,2455,0.0,0.0,0.0,0.0
cfg_1011001,link,2455,0.0,0.0,0.0,0.0
cfg_1011001,readout,2455,0.0,0.0,0.0,0.0
cfg_1011001,reset,2455,0.0,0.0,0.0,0.0
cfg_1011001,switch_path,2455,0.0,0.0,0.0,0.0
cfg_1011010,endpoint,2455,15974119.415206516,7961225.5529227005,6506.769619228723,16123.191134661305
cfg_1011010,feedforward,2455,0.0,0.0,0.0,0.0
cfg_1011010,link,2455,0.0,0.0,0.0,0.0
cfg_1011010,readout,2455,0.0,0.0,0.0,0.0
cfg_1011010,reset,2455,0.0,0.0,0.0,0.0
cfg_1011010,switch_path,2455,0.0,0.0,0.0,0.0
cfg_1011011,endpoint,2455,15309127.068233104,7631352.631971119,6235.896972803708,14640.0
cfg_1011011,feedforward,2455,0.0,0.0,0.0,0.0
cfg_1011011,link,2455,0.0,0.0,0.0,0.0
cfg_1011011,readout,2455,0.0,0.0,0.0,0.0
cfg_1011011,reset,2455,0.0,0.0,0.0,0.0
cfg_1011011,switch_path,2455,0.0,0.0,0.0,0.0
cfg_1011100,endpoint,2455,15974119.415206516,7961225.5529227005,6506.769619228723,16123.191134661305
cfg_1011100,feedforward,2455,0.0,0.0,0.0,0.0
cfg_1011100,link,2455,0.0,0.0,0.0,0.0
cfg_1011100,readout,2455,0.0,0.0,0.0,0.0
cfg_1011100,reset,2455,0.0,0.0,0.0,0.0
cfg_1011100,switch_path,2455,0.0,0.0,0.0,0.0
cfg_1011101,endpoint,2455,15309127.068233104,7631352.631971119,6235.896972803708,14640.0
cfg_1011101,feedforward,2455,0.0,0.0,0.0,0.0
cfg_1011101,link,2455,0.0,0.0,0.0,0.0
cfg_1011101,readout,2455,0.0,0.0,0.0,0.0
cfg_1011101,reset,2455,0.0,0.0,0.0,0.0
cfg_1011101,switch_path,2455,0.0,0.0,0.0,0.0
cfg_1011110,endpoint,2455,15974119.415206516,7961225.5529227005,6506.769619228723,16123.191134661305
cfg_1011110,feedforward,2455,0.0,0.0,0.0,0.0
cfg_1011110,link,2455,0.0,0.0,0.0,0.0
cfg_1011110,readout,2455,0.0,0.0,0.0,0.0
cfg_1011110,reset,2455,0.0,0.0,0.0,0.0
cfg_1011110,switch_path,2455,0.0,0.0,0.0,0.0
cfg_1011111,endpoint,2455,15309127.068233104,7631352.631971119,6235.896972803708,14640.0
cfg_1011111,feedforward,2455,0.0,0.0,0.0,0.0
cfg_1011111,link,2455,0.0,0.0,0.0,0.0
cfg_1011111,readout,2455,0.0,0.0,0.0,0.0
cfg_1011111,reset,2455,0.0,0.0,0.0,0.0
cfg_1011111,switch_path,2455,0.0,0.0,0.0,0.0
cfg_1100000,endpoint,2455,15974119.415206516,7961225.5529227005,6506.769619228723,16123.191134661305
cfg_1100000,feedforward,2455,0.0,0.0,0.0,0.0
cfg_1100000,link,2455,0.0,0.0,0.0,0.0
cfg_1100000,readout,2455,0.0,0.0,0.0,0.0
cfg_1100000,reset,2455,0.0,0.0,0.0,0.0
cfg_1100000,switch_path,2455,0.0,0.0,0.0,0.0
cfg_1100001,endpoint,2455,15309127.068233104,7631352.631971119,6235.896972803708,14640.0
cfg_1100001,feedforward,2455,0.0,0.0,0.0,0.0
cfg_1100001,link,2455,0.0,0.0,0.0,0.0
cfg_1100001,readout,2455,0.0,0.0,0.0,0.0
cfg_1100001,reset,2455,0.0,0.0,0.0,0.0
cfg_1100001,switch_path,2455,0.0,0.0,0.0,0.0
cfg_1100010,endpoint,2455,15974119.415206516,7961225.5529227005,6506.769619228723,16123.191134661305
cfg_1100010,feedforward,2455,0.0,0.0,0.0,0.0
cfg_1100010,link,2455,0.0,0.0,0.0,0.0
cfg_1100010,readout,2455,0.0,0.0,0.0,0.0
cfg_1100010,reset,2455,0.0,0.0,0.0,0.0
cfg_1100010,switch_path,2455,0.0,0.0,0.0,0.0
cfg_1100011,endpoint,2455,15309127.068233104,7631352.631971119,6235.896972803708,14640.0
cfg_1100011,feedforward,2455,0.0,0.0,0.0,0.0
cfg_1100011,link,2455,0.0,0.0,0.0,0.0
cfg_1100011,readout,2455,0.0,0.0,0.0,0.0
cfg_1100011,reset,2455,0.0,0.0,0.0,0.0
cfg_1100011,switch_path,2455,0.0,0.0,0.0,0.0
cfg_1100100,endpoint,2455,15974119.415206516,7961225.5529227005,6506.769619228723,16123.191134661305
cfg_1100100,feedforward,2455,0.0,0.0,0.0,0.0
cfg_1100100,link,2455,0.0,0.0,0.0,0.0
cfg_1100100,readout,2455,0.0,0.0,0.0,0.0
cfg_1100100,reset,2455,0.0,0.0,0.0,0.0
cfg_1100100,switch_path,2455,0.0,0.0,0.0,0.0
cfg_1100101,endpoint,2455,15309127.068233104,7631352.631971119,6235.896972803708,14640.0
cfg_1100101,feedforward,2455,0.0,0.0,0.0,0.0
cfg_1100101,link,2455,0.0,0.0,0.0,0.0
cfg_1100101,readout,2455,0.0,0.0,0.0,0.0
cfg_1100101,reset,2455,0.0,0.0,0.0,0.0
cfg_1100101,switch_path,2455,0.0,0.0,0.0,0.0
cfg_1100110,endpoint,2455,15974119.415206516,7961225.5529227005,6506.769619228723,16123.191134661305
cfg_1100110,feedforward,2455,0.0,0.0,0.0,0.0
cfg_1100110,link,2455,0.0,0.0,0.0,0.0
cfg_1100110,readout,2455,0.0,0.0,0.0,0.0
cfg_1100110,reset,2455,0.0,0.0,0.0,0.0
cfg_1100110,switch_path,2455,0.0,0.0,0.0,0.0
cfg_1100111,endpoint,2455,15309127.068233104,7631352.631971119,6235.896972803708,14640.0
cfg_1100111,feedforward,2455,0.0,0.0,0.0,0.0
cfg_1100111,link,2455,0.0,0.0,0.0,0.0
cfg_1100111,readout,2455,0.0,0.0,0.0,0.0
cfg_1100111,reset,2455,0.0,0.0,0.0,0.0
cfg_1100111,switch_path,2455,0.0,0.0,0.0,0.0
cfg_1101000,endpoint,2455,15974119.415206516,7961225.5529227005,6506.769619228723,16123.191134661305
cfg_1101000,feedforward,2455,0.0,0.0,0.0,0.0
cfg_1101000,link,2455,0.0,0.0,0.0,0.0
cfg_1101000,readout,2455,0.0,0.0,0.0,0.0
cfg_1101000,reset,2455,0.0,0.0,0.0,0.0
cfg_1101000,switch_path,2455,0.0,0.0,0.0,0.0
cfg_1101001,endpoint,2455,15309127.068233104,7631352.631971119,6235.896972803708,14640.0
cfg_1101001,feedforward,2455,0.0,0.0,0.0,0.0
cfg_1101001,link,2455,0.0,0.0,0.0,0.0
cfg_1101001,readout,2455,0.0,0.0,0.0,0.0
cfg_1101001,reset,2455,0.0,0.0,0.0,0.0
cfg_1101001,switch_path,2455,0.0,0.0,0.0,0.0
cfg_1101010,endpoint,2455,15974119.415206516,7961225.5529227005,6506.769619228723,16123.191134661305
cfg_1101010,feedforward,2455,0.0,0.0,0.0,0.0
cfg_1101010,link,2455,0.0,0.0,0.0,0.0
cfg_1101010,readout,2455,0.0,0.0,0.0,0.0
cfg_1101010,reset,2455,0.0,0.0,0.0,0.0
cfg_1101010,switch_path,2455,0.0,0.0,0.0,0.0
cfg_1101011,endpoint,2455,15309127.068233104,7631352.631971119,6235.896972803708,14640.0
cfg_1101011,feedforward,2455,0.0,0.0,0.0,0.0
cfg_1101011,link,2455,0.0,0.0,0.0,0.0
cfg_1101011,readout,2455,0.0,0.0,0.0,0.0
cfg_1101011,reset,2455,0.0,0.0,0.0,0.0
cfg_1101011,switch_path,2455,0.0,0.0,0.0,0.0
cfg_1101100,endpoint,2455,15974119.415206516,7961225.5529227005,6506.769619228723,16123.191134661305
cfg_1101100,feedforward,2455,0.0,0.0,0.0,0.0
cfg_1101100,link,2455,0.0,0.0,0.0,0.0
cfg_1101100,readout,2455,0.0,0.0,0.0,0.0
cfg_1101100,reset,2455,0.0,0.0,0.0,0.0
cfg_1101100,switch_path,2455,0.0,0.0,0.0,0.0
cfg_1101101,endpoint,2455,15309127.068233104,7631352.631971119,6235.896972803708,14640.0
cfg_1101101,feedforward,2455,0.0,0.0,0.0,0.0
cfg_1101101,link,2455,0.0,0.0,0.0,0.0
cfg_1101101,readout,2455,0.0,0.0,0.0,0.0
cfg_1101101,reset,2455,0.0,0.0,0.0,0.0
cfg_1101101,switch_path,2455,0.0,0.0,0.0,0.0
cfg_1101110,endpoint,2455,15974119.415206516,7961225.5529227005,6506.769619228723,16123.191134661305
cfg_1101110,feedforward,2455,0.0,0.0,0.0,0.0
cfg_1101110,link,2455,0.0,0.0,0.0,0.0
cfg_1101110,readout,2455,0.0,0.0,0.0,0.0
cfg_1101110,reset,2455,0.0,0.0,0.0,0.0
cfg_1101110,switch_path,2455,0.0,0.0,0.0,0.0
cfg_1101111,endpoint,2455,15309127.068233104,7631352.631971119,6235.896972803708,14640.0
cfg_1101111,feedforward,2455,0.0,0.0,0.0,0.0
cfg_1101111,link,2455,0.0,0.0,0.0,0.0
cfg_1101111,readout,2455,0.0,0.0,0.0,0.0
cfg_1101111,reset,2455,0.0,0.0,0.0,0.0
cfg_1101111,switch_path,2455,0.0,0.0,0.0,0.0
cfg_1110000,endpoint,2455,15974119.415206516,7961225.5529227005,6506.769619228723,16123.191134661305
cfg_1110000,feedforward,2455,0.0,0.0,0.0,0.0
cfg_1110000,link,2455,0.0,0.0,0.0,0.0
cfg_1110000,readout,2455,0.0,0.0,0.0,0.0
cfg_1110000,reset,2455,0.0,0.0,0.0,0.0
cfg_1110000,switch_path,2455,0.0,0.0,0.0,0.0
cfg_1110001,endpoint,2455,15309127.068233104,7631352.631971119,6235.896972803708,14640.0
cfg_1110001,feedforward,2455,0.0,0.0,0.0,0.0
cfg_1110001,link,2455,0.0,0.0,0.0,0.0
cfg_1110001,readout,2455,0.0,0.0,0.0,0.0
cfg_1110001,reset,2455,0.0,0.0,0.0,0.0
cfg_1110001,switch_path,2455,0.0,0.0,0.0,0.0
cfg_1110010,endpoint,2455,15974119.415206516,7961225.5529227005,6506.769619228723,16123.191134661305
cfg_1110010,feedforward,2455,0.0,0.0,0.0,0.0
cfg_1110010,link,2455,0.0,0.0,0.0,0.0
cfg_1110010,readout,2455,0.0,0.0,0.0,0.0
cfg_1110010,reset,2455,0.0,0.0,0.0,0.0
cfg_1110010,switch_path,2455,0.0,0.0,0.0,0.0
cfg_1110011,endpoint,2455,15309127.068233104,7631352.631971119,6235.896972803708,14640.0
cfg_1110011,feedforward,2455,0.0,0.0,0.0,0.0
cfg_1110011,link,2455,0.0,0.0,0.0,0.0
cfg_1110011,readout,2455,0.0,0.0,0.0,0.0
cfg_1110011,reset,2455,0.0,0.0,0.0,0.0
cfg_1110011,switch_path,2455,0.0,0.0,0.0,0.0
cfg_1110100,endpoint,2455,15974119.415206516,7961225.5529227005,6506.769619228723,16123.191134661305
cfg_1110100,feedforward,2455,0.0,0.0,0.0,0.0
cfg_1110100,link,2455,0.0,0.0,0.0,0.0
cfg_1110100,readout,2455,0.0,0.0,0.0,0.0
cfg_1110100,reset,2455,0.0,0.0,0.0,0.0
cfg_1110100,switch_path,2455,0.0,0.0,0.0,0.0
cfg_1110101,endpoint,2455,15309127.068233104,7631352.631971119,6235.896972803708,14640.0
cfg_1110101,feedforward,2455,0.0,0.0,0.0,0.0
cfg_1110101,link,2455,0.0,0.0,0.0,0.0
cfg_1110101,readout,2455,0.0,0.0,0.0,0.0
cfg_1110101,reset,2455,0.0,0.0,0.0,0.0
cfg_1110101,switch_path,2455,0.0,0.0,0.0,0.0
cfg_1110110,endpoint,2455,15974119.415206516,7961225.5529227005,6506.769619228723,16123.191134661305
cfg_1110110,feedforward,2455,0.0,0.0,0.0,0.0
cfg_1110110,link,2455,0.0,0.0,0.0,0.0
cfg_1110110,readout,2455,0.0,0.0,0.0,0.0
cfg_1110110,reset,2455,0.0,0.0,0.0,0.0
cfg_1110110,switch_path,2455,0.0,0.0,0.0,0.0
cfg_1110111,endpoint,2455,15309127.068233104,7631352.631971119,6235.896972803708,14640.0
cfg_1110111,feedforward,2455,0.0,0.0,0.0,0.0
cfg_1110111,link,2455,0.0,0.0,0.0,0.0
cfg_1110111,readout,2455,0.0,0.0,0.0,0.0
cfg_1110111,reset,2455,0.0,0.0,0.0,0.0
cfg_1110111,switch_path,2455,0.0,0.0,0.0,0.0
cfg_1111000,endpoint,2455,15974119.415206516,7961225.5529227005,6506.769619228723,16123.191134661305
cfg_1111000,feedforward,2455,0.0,0.0,0.0,0.0
cfg_1111000,link,2455,0.0,0.0,0.0,0.0
cfg_1111000,readout,2455,0.0,0.0,0.0,0.0
cfg_1111000,reset,2455,0.0,0.0,0.0,0.0
cfg_1111000,switch_path,2455,0.0,0.0,0.0,0.0
cfg_1111001,endpoint,2455,15309127.068233104,7631352.631971119,6235.896972803708,14640.0
cfg_1111001,feedforward,2455,0.0,0.0,0.0,0.0
cfg_1111001,link,2455,0.0,0.0,0.0,0.0
cfg_1111001,readout,2455,0.0,0.0,0.0,0.0
cfg_1111001,reset,2455,0.0,0.0,0.0,0.0
cfg_1111001,switch_path,2455,0.0,0.0,0.0,0.0
cfg_1111010,endpoint,2455,15974119.415206516,7961225.5529227005,6506.769619228723,16123.191134661305
cfg_1111010,feedforward,2455,0.0,0.0,0.0,0.0
cfg_1111010,link,2455,0.0,0.0,0.0,0.0
cfg_1111010,readout,2455,0.0,0.0,0.0,0.0
cfg_1111010,reset,2455,0.0,0.0,0.0,0.0
cfg_1111010,switch_path,2455,0.0,0.0,0.0,0.0
cfg_1111011,endpoint,2455,15309127.068233104,7631352.631971119,6235.896972803708,14640.0
cfg_1111011,feedforward,2455,0.0,0.0,0.0,0.0
cfg_1111011,link,2455,0.0,0.0,0.0,0.0
cfg_1111011,readout,2455,0.0,0.0,0.0,0.0
cfg_1111011,reset,2455,0.0,0.0,0.0,0.0
cfg_1111011,switch_path,2455,0.0,0.0,0.0,0.0
cfg_1111100,endpoint,2455,15974119.415206516,7961225.5529227005,6506.769619228723,16123.191134661305
cfg_1111100,feedforward,2455,0.0,0.0,0.0,0.0
cfg_1111100,link,2455,0.0,0.0,0.0,0.0
cfg_1111100,readout,2455,0.0,0.0,0.0,0.0
cfg_1111100,reset,2455,0.0,0.0,0.0,0.0
cfg_1111100,switch_path,2455,0.0,0.0,0.0,0.0
cfg_1111101,endpoint,2455,15309127.068233104,7631352.631971119,6235.896972803708,14640.0
cfg_1111101,feedforward,2455,0.0,0.0,0.0,0.0
cfg_1111101,link,2455,0.0,0.0,0.0,0.0
cfg_1111101,readout,2455,0.0,0.0,0.0,0.0
cfg_1111101,reset,2455,0.0,0.0,0.0,0.0
cfg_1111101,switch_path,2455,0.0,0.0,0.0,0.0
cfg_1111110,endpoint,2455,15974119.415206516,7961225.5529227005,6506.769619228723,16123.191134661305
cfg_1111110,feedforward,2455,0.0,0.0,0.0,0.0
cfg_1111110,link,2455,0.0,0.0,0.0,0.0
cfg_1111110,readout,2455,0.0,0.0,0.0,0.0
cfg_1111110,reset,2455,0.0,0.0,0.0,0.0
cfg_1111110,switch_path,2455,0.0,0.0,0.0,0.0
cfg_1111111,endpoint,2455,15309127.068233104,7631352.631971119,6235.896972803708,14640.0
cfg_1111111,feedforward,2455,0.0,0.0,0.0,0.0
cfg_1111111,link,2455,0.0,0.0,0.0,0.0
cfg_1111111,readout,2455,0.0,0.0,0.0,0.0
cfg_1111111,reset,2455,0.0,0.0,0.0,0.0
cfg_1111111,switch_path,2455,0.0,0.0,0.0,0.0
