scenario_name,same_module,shared_components,shared_component_count,expected_mechanism,workload_name,trial_id,victim_phase_ns,probe_count,affected_probe_count,affected_probe_fraction,mean_excess_turnaround_ns,median_excess_turnaround_ns,p95_excess_turnaround_ns,max_excess_turnaround_ns,total_excess_turnaround_ns,attacker_baseline_mean_wait_ns,attacker_combined_mean_wait_ns,victim_request_count,victim_baseline_mean_latency_ns,victim_combined_mean_latency_ns,victim_mean_latency_slowdown,victim_baseline_makespan_ns,victim_combined_makespan_ns,victim_makespan_slowdown,max_causal_accounting_error_ns
separate_modules_control,False,none,0,no_cross_tenant_endpoint_contention,periodic_sparse,0,297.15041869018194,48,0,0.0,0.0,0.0,0.0,0.0,0.0,0.0,0.0,22,205.0,205.0,1.0,19105.000000000004,19105.000000000004,1.0,0.0
shared_module_fully_independent,True,none,0,module_colocation_without_pipeline_sharing,periodic_sparse,0,297.15041869018194,48,0,0.0,0.0,0.0,0.0,0.0,0.0,0.0,0.0,22,205.0,205.0,1.0,19105.000000000004,19105.000000000004,1.0,0.0
shared_local_route_only,True,local_route,1,local_route_wait,periodic_sparse,0,297.15041869018194,48,0,0.0,0.0,0.0,0.0,0.0,0.0,0.0,0.0,22,205.0,205.38857926952042,1.0018955086318069,19105.000000000004,19105.000000000004,1.0,0.0
shared_communication_qubit_only,True,communication_qubit,1,communication_qubit_reuse_wait,periodic_sparse,0,297.15041869018194,48,10,0.20833333333333334,20.031337227121448,0.0,141.1504186901826,162.15041869018387,961.5041869018295,0.0,20.031337227121448,22,205.0,249.12028326310676,1.2152208939663744,19105.000000000004,19105.000000000004,1.0,0.0
shared_interconnect_port_only,True,interconnect_port,1,interconnect_port_wait,periodic_sparse,0,297.15041869018194,48,6,0.125,5.268802336272851,0.0,51.150418690182605,72.15041869018387,252.90251214109685,0.0,5.268802336272851,22,205.0,218.04988581176815,1.0636579795696006,19105.000000000004,19105.000000000004,1.0,0.0
shared_reset_engine_only,True,reset_engine,1,late_reset_recovery_wait,periodic_sparse,0,297.15041869018194,48,3,0.0625,0.44690116813641606,0.0,4.647772148618323,7.150418690183869,21.45125607054797,0.0,0.44690116813641606,22,205.0,206.7522156331568,1.0085473933324722,19105.000000000004,19105.000000000004,1.0,0.0
shared_endpoint_without_reset,True,local_route;communication_qubit;interconnect_port,3,active_endpoint_contention,periodic_sparse,0,297.15041869018194,48,10,0.20833333333333334,20.031337227121448,0.0,141.1504186901826,162.15041869018387,961.5041869018295,0.0,20.031337227121448,22,205.0,249.12028326310676,1.2152208939663744,19105.000000000004,19105.000000000004,1.0,0.0
shared_full_endpoint_pipeline,True,local_route;communication_qubit;interconnect_port;reset_engine,4,full_endpoint_pipeline_contention,periodic_sparse,0,297.15041869018194,48,10,0.20833333333333334,20.031337227121448,0.0,141.1504186901826,162.15041869018387,961.5041869018295,0.0,20.031337227121448,22,205.0,249.12028326310676,1.2152208939663744,19105.000000000004,19105.000000000004,1.0,0.0
separate_modules_control,False,none,0,no_cross_tenant_endpoint_contention,periodic_sparse,1,311.6978592802601,48,0,0.0,0.0,0.0,0.0,0.0,0.0,0.0,0.0,22,205.0,205.0,1.0,19105.000000000004,19105.000000000004,1.0,0.0
shared_module_fully_independent,True,none,0,module_colocation_without_pipeline_sharing,periodic_sparse,1,311.6978592802601,48,0,0.0,0.0,0.0,0.0,0.0,0.0,0.0,0.0,22,205.0,205.0,1.0,19105.000000000004,19105.000000000004,1.0,0.0
shared_local_route_only,True,local_route,1,local_route_wait,periodic_sparse,1,311.6978592802601,48,3,0.0625,0.7311162050163205,0.0,7.603608532169125,11.697859280262492,35.09357784078338,0.0,0.7311162050163205,22,205.0,205.0,1.0,19105.000000000004,19105.000000000004,1.0,0.0
shared_communication_qubit_only,True,communication_qubit,1,communication_qubit_reuse_wait,periodic_sparse,1,311.6978592802601,48,10,0.20833333333333334,23.062054016721095,0.0,155.69785928026093,176.6978592802625,1106.9785928026126,0.0,23.062054016721095,22,205.0,243.1690575671656,1.186190524717881,19105.000000000004,19105.000000000004,1.0,0.0
shared_interconnect_port_only,True,interconnect_port,1,interconnect_port_wait,periodic_sparse,1,311.6978592802601,48,6,0.125,7.087232410032641,0.0,65.69785928026093,86.69785928026249,340.18715568156676,0.0,7.087232410032641,22,205.0,214.08240201447404,1.044304400070605,19105.000000000004,19105.000000000004,1.0,0.0
shared_reset_engine_only,True,reset_engine,1,late_reset_recovery_wait,periodic_sparse,1,311.6978592802601,48,3,0.0625,1.3561162050163205,0.0,14.103608532169112,21.69785928026249,65.09357784078338,0.0,1.3561162050163205,22,205.0,205.0,1.0,19105.000000000004,19105.000000000004,1.0,0.0
shared_endpoint_without_reset,True,local_route;communication_qubit;interconnect_port,3,active_endpoint_contention,periodic_sparse,1,311.6978592802601,48,10,0.20833333333333334,23.062054016721095,0.0,155.69785928026093,176.6978592802625,1106.9785928026126,0.0,23.062054016721095,22,205.0,243.1690575671656,1.186190524717881,19105.000000000004,19105.000000000004,1.0,0.0
shared_full_endpoint_pipeline,True,local_route;communication_qubit;interconnect_port;reset_engine,4,full_endpoint_pipeline_contention,periodic_sparse,1,311.6978592802601,48,10,0.20833333333333334,23.062054016721095,0.0,155.69785928026093,176.6978592802625,1106.9785928026126,0.0,23.062054016721095,22,205.0,243.1690575671656,1.186190524717881,19105.000000000004,19105.000000000004,1.0,0.0
separate_modules_control,False,none,0,no_cross_tenant_endpoint_contention,periodic_sparse,2,116.40546722325146,48,0,0.0,0.0,0.0,0.0,0.0,0.0,0.0,0.0,23,205.0,205.0,1.0,20005.0,20005.0,1.0,0.0
shared_module_fully_independent,True,none,0,module_colocation_without_pipeline_sharing,periodic_sparse,2,116.40546722325146,48,0,0.0,0.0,0.0,0.0,0.0,0.0,0.0,0.0,23,205.0,205.0,1.0,20005.0,20005.0,1.0,0.0
shared_local_route_only,True,local_route,1,local_route_wait,periodic_sparse,2,116.40546722325146,48,0,0.0,0.0,0.0,0.0,0.0,0.0,0.0,0.0,23,205.0,205.46885210131495,1.0022870834210484,20005.0,20005.0,1.0,0.0
shared_communication_qubit_only,True,communication_qubit,1,communication_qubit_reuse_wait,periodic_sparse,2,116.40546722325146,48,9,0.1875,19.013525104359758,0.0,140.40546722325166,161.40546722325234,912.6492050092684,0.0,19.013525104359758,23,205.0,254.32782002366213,1.240623512310547,20005.0,20053.594532776748,1.0024291193589976,0.0
shared_interconnect_port_only,True,interconnect_port,1,interconnect_port_wait,periodic_sparse,2,116.40546722325146,48,6,0.125,5.175683402906505,0.0,50.40546722325167,71.40546722325234,248.43280333951225,0.0,5.175683402906505,23,205.0,218.48529258422766,1.065781915045013,20005.0,20005.0,1.0,0.0
shared_reset_engine_only,True,reset_engine,1,late_reset_recovery_wait,periodic_sparse,2,116.40546722325146,48,3,0.0625,0.4003417014532526,0.0,4.163553695113423,6.405467223252344,19.216401669756124,0.0,0.4003417014532526,23,205.0,206.77319992740192,1.008649755743424,20005.0,20005.0,1.0,0.0
shared_endpoint_without_reset,True,local_route;communication_qubit;interconnect_port,3,active_endpoint_contention,periodic_sparse,2,116.40546722325146,48,9,0.1875,19.013525104359758,0.0,140.40546722325166,161.40546722325234,912.6492050092684,0.0,19.013525104359758,23,205.0,254.32782002366213,1.240623512310547,20005.0,20053.594532776748,1.0024291193589976,0.0
shared_full_endpoint_pipeline,True,local_route;communication_qubit;interconnect_port;reset_engine,4,full_endpoint_pipeline_contention,periodic_sparse,2,116.40546722325146,48,9,0.1875,19.013525104359758,0.0,140.40546722325166,161.40546722325234,912.6492050092684,0.0,19.013525104359758,23,205.0,254.32782002366213,1.240623512310547,20005.0,20053.594532776748,1.0024291193589976,0.0
separate_modules_control,False,none,0,no_cross_tenant_endpoint_contention,periodic_sparse,3,78.81132350676583,48,0,0.0,0.0,0.0,0.0,0.0,0.0,0.0,0.0,23,204.9999999999999,204.9999999999999,1.0,20005.0,20005.0,1.0,0.0
shared_module_fully_independent,True,none,0,module_colocation_without_pipeline_sharing,periodic_sparse,3,78.81132350676583,48,0,0.0,0.0,0.0,0.0,0.0,0.0,0.0,0.0,23,204.9999999999999,204.9999999999999,1.0,20005.0,20005.0,1.0,0.0
shared_local_route_only,True,local_route,1,local_route_wait,periodic_sparse,3,78.81132350676583,48,3,0.0625,1.1757077191728627,0.0,12.227360279397153,18.811323506766712,56.43397052029741,0.0,1.1757077191728627,23,204.9999999999999,204.9999999999999,1.0,20005.0,20005.0,1.0,0.0
shared_communication_qubit_only,True,communication_qubit,1,communication_qubit_reuse_wait,periodic_sparse,3,78.81132350676583,48,12,0.25,23.45283087669149,0.0,162.81132350676543,183.8113235067667,1125.7358820811914,0.0,23.45283087669149,23,204.9999999999999,248.8293670185032,1.2138017903341627,20005.0,20091.188676493235,1.0043083567354778,0.0
shared_interconnect_port_only,True,interconnect_port,1,interconnect_port_wait,periodic_sparse,3,78.81132350676583,48,6,0.125,7.976415438345725,0.0,72.81132350676545,93.81132350676671,382.8679410405948,0.0,7.976415438345725,23,204.9999999999999,214.77194373795365,1.0476680182339209,20005.0,20005.0,1.0,0.0
shared_reset_engine_only,True,reset_engine,1,late_reset_recovery_wait,periodic_sparse,3,78.81132350676583,48,3,0.0625,1.8007077191728627,0.0,18.72736027939714,28.811323506766712,86.43397052029741,0.0,1.8007077191728627,23,204.9999999999999,204.9999999999999,1.0,20005.0,20005.0,1.0,0.0
shared_endpoint_without_reset,True,local_route;communication_qubit;interconnect_port,3,active_endpoint_contention,periodic_sparse,3,78.81132350676583,48,12,0.25,23.45283087669149,0.0,162.81132350676543,183.8113235067667,1125.7358820811914,0.0,23.45283087669149,23,204.9999999999999,248.8293670185032,1.2138017903341627,20005.0,20091.188676493235,1.0043083567354778,0.0
shared_full_endpoint_pipeline,True,local_route;communication_qubit;interconnect_port;reset_engine,4,full_endpoint_pipeline_contention,periodic_sparse,3,78.81132350676583,48,12,0.25,23.45283087669149,0.0,162.81132350676543,183.8113235067667,1125.7358820811914,0.0,23.45283087669149,23,204.9999999999999,248.8293670185032,1.2138017903341627,20005.0,20091.188676493235,1.0043083567354778,0.0
separate_modules_control,False,none,0,no_cross_tenant_endpoint_contention,periodic_sparse,4,231.77549011981213,48,0,0.0,0.0,0.0,0.0,0.0,0.0,0.0,0.0,22,205.0,205.0,1.0,19104.999999999996,19104.999999999996,1.0,0.0
shared_module_fully_independent,True,none,0,module_colocation_without_pipeline_sharing,periodic_sparse,4,231.77549011981213,48,0,0.0,0.0,0.0,0.0,0.0,0.0,0.0,0.0,22,205.0,205.0,1.0,19104.999999999996,19104.999999999996,1.0,0.0
shared_local_route_only,True,local_route,1,local_route_wait,periodic_sparse,4,231.77549011981213,48,0,0.0,0.0,0.0,0.0,0.0,0.0,0.0,0.0,22,205.0,206.12152407457134,1.0054708491442503,19104.999999999996,19104.999999999996,1.0,0.0
shared_communication_qubit_only,True,communication_qubit,1,communication_qubit_reuse_wait,periodic_sparse,4,231.77549011981213,48,9,0.1875,18.145404397464514,0.0,135.77549011981026,156.77549011981182,870.9794110782966,0.0,18.145404397464514,22,205.0,251.3191176782595,1.2259469155037048,19104.999999999996,19104.999999999996,1.0,0.0
shared_interconnect_port_only,True,interconnect_port,1,interconnect_port_wait,periodic_sparse,4,231.77549011981213,48,6,0.125,4.596936264976326,0.0,45.77549011981026,66.77549011981182,220.65294071886365,0.0,4.596936264976326,22,205.0,219.51577542186996,1.0708086605944875,19104.999999999996,19104.999999999996,1.0,0.0
shared_reset_engine_only,True,reset_engine,1,late_reset_recovery_wait,periodic_sparse,4,231.77549011981213,48,3,0.0625,0.11096813248814404,0.0,1.154068577876203,1.7754901198118205,5.326470359430914,0.0,0.11096813248814404,22,205.0,207.4851604382077,1.0121227338449157,19104.999999999996,19104.999999999996,1.0,0.0
shared_endpoint_without_reset,True,local_route;communication_qubit;interconnect_port,3,active_endpoint_contention,periodic_sparse,4,231.77549011981213,48,9,0.1875,18.145404397464514,0.0,135.77549011981026,156.77549011981182,870.9794110782966,0.0,18.145404397464514,22,205.0,251.3191176782595,1.2259469155037048,19104.999999999996,19104.999999999996,1.0,0.0
shared_full_endpoint_pipeline,True,local_route;communication_qubit;interconnect_port;reset_engine,4,full_endpoint_pipeline_contention,periodic_sparse,4,231.77549011981213,48,9,0.1875,18.145404397464514,0.0,135.77549011981026,156.77549011981182,870.9794110782966,0.0,18.145404397464514,22,205.0,251.3191176782595,1.2259469155037048,19104.999999999996,19104.999999999996,1.0,0.0
separate_modules_control,False,none,0,no_cross_tenant_endpoint_contention,periodic_sparse,5,369.4024739605104,48,0,0.0,0.0,0.0,0.0,0.0,0.0,0.0,0.0,22,205.0,205.0,1.0,19105.0,19105.0,1.0,0.0
shared_module_fully_independent,True,none,0,module_colocation_without_pipeline_sharing,periodic_sparse,5,369.4024739605104,48,0,0.0,0.0,0.0,0.0,0.0,0.0,0.0,0.0,22,205.0,205.0,1.0,19105.0,19105.0,1.0,0.0
shared_local_route_only,True,local_route,1,local_route_wait,periodic_sparse,5,369.4024739605104,48,3,0.0625,0.5876546225318909,0.0,6.111608074331603,9.402473960510406,28.207421881530763,0.0,0.5876546225318909,22,205.0,205.0,1.0,19105.0,19105.0,1.0,0.0
shared_communication_qubit_only,True,communication_qubit,1,communication_qubit_reuse_wait,periodic_sparse,5,369.4024739605104,48,10,0.20833333333333334,23.83384874177304,0.0,153.40247396051072,174.4024739605104,1144.0247396051059,0.0,23.83384874177304,22,205.0,244.10807883433665,1.190771116265057,19105.0,19105.0,1.0,0.0
shared_interconnect_port_only,True,interconnect_port,1,interconnect_port_wait,periodic_sparse,5,369.4024739605104,48,7,0.14583333333333334,7.308694119241115,0.0,63.40247396051073,84.4024739605104,350.8173177235735,0.0,7.308694119241115,22,205.0,214.70841619258815,1.0473581277687227,19105.0,19105.0,1.0,0.0
shared_reset_engine_only,True,reset_engine,1,late_reset_recovery_wait,periodic_sparse,5,369.4024739605104,48,3,0.0625,1.2126546225318908,0.0,12.611608074331588,19.402473960510406,58.20742188153076,0.0,1.2126546225318908,22,205.0,205.0814808235668,1.0003974674320333,19105.0,19105.0,1.0,0.0
shared_endpoint_without_reset,True,local_route;communication_qubit;interconnect_port,3,active_endpoint_contention,periodic_sparse,5,369.4024739605104,48,10,0.20833333333333334,23.83384874177304,0.0,153.40247396051072,174.4024739605104,1144.0247396051059,0.0,23.83384874177304,22,205.0,244.10807883433665,1.190771116265057,19105.0,19105.0,1.0,0.0
shared_full_endpoint_pipeline,True,local_route;communication_qubit;interconnect_port;reset_engine,4,full_endpoint_pipeline_contention,periodic_sparse,5,369.4024739605104,48,10,0.20833333333333334,23.83384874177304,0.0,153.40247396051072,174.4024739605104,1144.0247396051059,0.0,23.83384874177304,22,205.0,244.10807883433665,1.190771116265057,19105.0,19105.0,1.0,0.0
separate_modules_control,False,none,0,no_cross_tenant_endpoint_contention,periodic_sparse,6,80.63443941845408,48,0,0.0,0.0,0.0,0.0,0.0,0.0,0.0,0.0,23,205.00000000000009,205.00000000000009,1.0,20005.0,20005.0,1.0,0.0
shared_module_fully_independent,True,none,0,module_colocation_without_pipeline_sharing,periodic_sparse,6,80.63443941845408,48,0,0.0,0.0,0.0,0.0,0.0,0.0,0.0,0.0,23,205.00000000000009,205.00000000000009,1.0,20005.0,20005.0,1.0,0.0
shared_local_route_only,True,local_route,1,local_route_wait,periodic_sparse,6,80.63443941845408,48,3,0.0625,1.2896524636533588,0.0,13.412385621994115,20.63443941845435,61.90331825536123,0.0,1.2896524636533588,23,205.00000000000009,205.00000000000009,1.0,20005.0,20005.0,1.0,0.0
shared_communication_qubit_only,True,communication_qubit,1,communication_qubit_reuse_wait,periodic_sparse,6,80.63443941845408,48,12,0.25,23.90860985461353,0.0,164.63443941845307,185.63443941845435,1147.6132730214495,0.0,23.90860985461353,23,205.00000000000009,247.95744201726123,1.2095484976451762,20005.0,20089.365560581547,1.0042172237231466,0.0
shared_interconnect_port_only,True,interconnect_port,1,interconnect_port_wait,periodic_sparse,6,80.63443941845408,48,6,0.125,8.204304927306717,0.0,74.63443941845308,95.63443941845435,393.80663651072246,0.0,8.204304927306717,23,205.00000000000009,214.45488010113854,1.0461213663470168,20005.0,20005.0,1.0,0.0
shared_reset_engine_only,True,reset_engine,1,late_reset_recovery_wait,periodic_sparse,6,80.63443941845408,48,3,0.0625,1.9146524636533588,0.0,19.9123856219941,30.63443941845435,91.90331825536123,0.0,1.9146524636533588,23,205.00000000000009,205.00000000000009,1.0,20005.0,20005.0,1.0,0.0
shared_endpoint_without_reset,True,local_route;communication_qubit;interconnect_port,3,active_endpoint_contention,periodic_sparse,6,80.63443941845408,48,12,0.25,23.90860985461353,0.0,164.63443941845307,185.63443941845435,1147.6132730214495,0.0,23.90860985461353,23,205.00000000000009,247.95744201726123,1.2095484976451762,20005.0,20089.365560581547,1.0042172237231466,0.0
shared_full_endpoint_pipeline,True,local_route;communication_qubit;interconnect_port;reset_engine,4,full_endpoint_pipeline_contention,periodic_sparse,6,80.63443941845408,48,12,0.25,23.90860985461353,0.0,164.63443941845307,185.63443941845435,1147.6132730214495,0.0,23.90860985461353,23,205.00000000000009,247.95744201726123,1.2095484976451762,20005.0,20089.365560581547,1.0042172237231466,0.0
separate_modules_control,False,none,0,no_cross_tenant_endpoint_contention,periodic_sparse,7,60.10050032288584,48,0,0.0,0.0,0.0,0.0,0.0,0.0,0.0,0.0,23,205.0,205.0,1.0,20005.0,20005.0,1.0,0.0
shared_module_fully_independent,True,none,0,module_colocation_without_pipeline_sharing,periodic_sparse,7,60.10050032288584,48,0,0.0,0.0,0.0,0.0,0.0,0.0,0.0,0.0,23,205.0,205.0,1.0,20005.0,20005.0,1.0,0.0
shared_local_route_only,True,local_route,1,local_route_wait,periodic_sparse,7,60.10050032288584,48,3,0.0625,0.006281270180352294,0.0,0.06532520987566372,0.1005003228856367,0.3015009686569101,0.0,0.006281270180352294,23,205.0,205.0,1.0,20005.0,20005.0,1.0,0.0
shared_communication_qubit_only,True,communication_qubit,1,communication_qubit_reuse_wait,periodic_sparse,7,60.10050032288584,48,9,0.1875,19.706343810541057,0.0,144.10050032288555,165.10050032288564,945.9045029059707,0.0,19.706343810541057,23,205.0,257.77802158470683,1.2574537638278382,20005.0,20109.899499677114,1.0052436640678388,0.0
shared_interconnect_port_only,True,interconnect_port,1,interconnect_port_wait,periodic_sparse,7,60.10050032288584,48,6,0.125,5.637562540360705,0.0,54.10050032288555,75.10050032288564,270.6030019373138,0.0,5.637562540360705,23,205.0,220.61721727899626,1.0761815477024208,20005.0,20019.899499677114,1.000744788786659,0.0
shared_reset_engine_only,True,reset_engine,1,late_reset_recovery_wait,periodic_sparse,7,60.10050032288584,48,3,0.0625,0.6312812701803523,0.0,6.565325209875649,10.100500322885637,30.30150096865691,0.0,0.6312812701803523,23,205.0,206.72165211775902,1.0083983030134587,20005.0,20005.0,1.0,0.0
shared_endpoint_without_reset,True,local_route;communication_qubit;interconnect_port,3,active_endpoint_contention,periodic_sparse,7,60.10050032288584,48,9,0.1875,19.706343810541057,0.0,144.10050032288555,165.10050032288564,945.9045029059707,0.0,19.706343810541057,23,205.0,257.77802158470683,1.2574537638278382,20005.0,20109.899499677114,1.0052436640678388,0.0
shared_full_endpoint_pipeline,True,local_route;communication_qubit;interconnect_port;reset_engine,4,full_endpoint_pipeline_contention,periodic_sparse,7,60.10050032288584,48,9,0.1875,19.706343810541057,0.0,144.10050032288555,165.10050032288564,945.9045029059707,0.0,19.706343810541057,23,205.0,257.77802158470683,1.2574537638278382,20005.0,20109.899499677114,1.0052436640678388,0.0
separate_modules_control,False,none,0,no_cross_tenant_endpoint_contention,periodic_sparse,8,143.17293144115501,48,0,0.0,0.0,0.0,0.0,0.0,0.0,0.0,0.0,23,205.00000000000009,205.00000000000009,1.0,20005.0,20005.0,1.0,0.0
shared_module_fully_independent,True,none,0,module_colocation_without_pipeline_sharing,periodic_sparse,8,143.17293144115501,48,0,0.0,0.0,0.0,0.0,0.0,0.0,0.0,0.0,23,205.00000000000009,205.00000000000009,1.0,20005.0,20005.0,1.0,0.0
shared_local_route_only,True,local_route,1,local_route_wait,periodic_sparse,8,143.17293144115501,48,3,0.0625,1.4483082150722264,0.0,15.062405436750726,23.172931441156834,69.51879432346686,0.0,1.4483082150722264,23,205.00000000000009,205.00000000000009,1.0,20005.0,20005.0,1.0,0.0
shared_communication_qubit_only,True,communication_qubit,1,communication_qubit_reuse_wait,periodic_sparse,8,143.17293144115501,48,12,0.25,24.54323286028883,0.0,167.17293144115555,188.17293144115683,1178.0751772938638,0.0,24.54323286028883,23,205.00000000000009,241.52598931075178,1.1781755576134227,20005.0,20026.827068558843,1.0010910806577777,0.0
shared_interconnect_port_only,True,interconnect_port,1,interconnect_port_wait,periodic_sparse,8,143.17293144115501,48,6,0.125,8.521616430144453,0.0,77.17293144115557,98.17293144115683,409.0375886469337,0.0,8.521616430144453,23,205.00000000000009,211.76005242071892,1.0329758654669212,20005.0,20005.0,1.0,0.0
shared_reset_engine_only,True,reset_engine,1,late_reset_recovery_wait,periodic_sparse,8,143.17293144115501,48,3,0.0625,2.073308215072226,0.0,21.562405436750712,33.172931441156834,99.51879432346686,0.0,2.073308215072226,23,205.00000000000009,205.00000000000009,1.0,20005.0,20005.0,1.0,0.0
shared_endpoint_without_reset,True,local_route;communication_qubit;interconnect_port,3,active_endpoint_contention,periodic_sparse,8,143.17293144115501,48,12,0.25,24.54323286028883,0.0,167.17293144115555,188.17293144115683,1178.0751772938638,0.0,24.54323286028883,23,205.00000000000009,241.52598931075178,1.1781755576134227,20005.0,20026.827068558843,1.0010910806577777,0.0
shared_full_endpoint_pipeline,True,local_route;communication_qubit;interconnect_port;reset_engine,4,full_endpoint_pipeline_contention,periodic_sparse,8,143.17293144115501,48,12,0.25,24.54323286028883,0.0,167.17293144115555,188.17293144115683,1178.0751772938638,0.0,24.54323286028883,23,205.00000000000009,241.52598931075178,1.1781755576134227,20005.0,20026.827068558843,1.0010910806577777,0.0
separate_modules_control,False,none,0,no_cross_tenant_endpoint_contention,periodic_sparse,9,277.09234986561523,48,0,0.0,0.0,0.0,0.0,0.0,0.0,0.0,0.0,22,205.0,205.0,1.0,19105.0,19105.0,1.0,0.0
shared_module_fully_independent,True,none,0,module_colocation_without_pipeline_sharing,periodic_sparse,9,277.09234986561523,48,0,0.0,0.0,0.0,0.0,0.0,0.0,0.0,0.0,22,205.0,205.0,1.0,19105.0,19105.0,1.0,0.0
shared_local_route_only,True,local_route,1,local_route_wait,periodic_sparse,9,277.09234986561523,48,0,0.0,0.0,0.0,0.0,0.0,0.0,0.0,0.0,22,205.0,208.12377047287058,1.01523790474571,19105.0,19105.0,1.0,0.0
shared_communication_qubit_only,True,communication_qubit,1,communication_qubit_reuse_wait,periodic_sparse,9,277.09234986561523,48,10,0.20833333333333334,15.852572888669906,0.0,121.0923498656153,142.0923498656157,760.9234986561555,0.0,15.852572888669906,22,205.0,258.4041728005733,1.2605081600027965,19105.0,19105.0,1.0,0.0
shared_interconnect_port_only,True,interconnect_port,1,interconnect_port_wait,periodic_sparse,9,277.09234986561523,48,3,0.0625,3.255771866600971,0.0,33.86002741264983,52.09234986561569,156.2770495968466,0.0,3.255771866600971,22,205.0,223.5202682184685,1.0903427717974072,19105.0,19105.0,1.0,0.0
shared_reset_engine_only,True,reset_engine,1,late_reset_recovery_wait,periodic_sparse,9,277.09234986561523,48,0,0.0,0.0,0.0,0.0,0.0,0.0,0.0,0.0,22,205.0,209.48740683650695,1.0218897894463754,19105.0,19105.0,1.0,0.0
shared_endpoint_without_reset,True,local_route;communication_qubit;interconnect_port,3,active_endpoint_contention,periodic_sparse,9,277.09234986561523,48,10,0.20833333333333334,15.852572888669906,0.0,121.0923498656153,142.0923498656157,760.9234986561555,0.0,15.852572888669906,22,205.0,258.4041728005733,1.2605081600027965,19105.0,19105.0,1.0,0.0
shared_full_endpoint_pipeline,True,local_route;communication_qubit;interconnect_port;reset_engine,4,full_endpoint_pipeline_contention,periodic_sparse,9,277.09234986561523,48,10,0.20833333333333334,15.852572888669906,0.0,121.0923498656153,142.0923498656157,760.9234986561555,0.0,15.852572888669906,22,205.0,258.4041728005733,1.2605081600027965,19105.0,19105.0,1.0,0.0
separate_modules_control,False,none,0,no_cross_tenant_endpoint_contention,periodic_sparse,10,219.0784890680216,48,0,0.0,0.0,0.0,0.0,0.0,0.0,0.0,0.0,22,205.0,205.0,1.0,19105.0,19105.0,1.0,0.0
shared_module_fully_independent,True,none,0,module_colocation_without_pipeline_sharing,periodic_sparse,10,219.0784890680216,48,0,0.0,0.0,0.0,0.0,0.0,0.0,0.0,0.0,22,205.0,205.0,1.0,19105.0,19105.0,1.0,0.0
shared_local_route_only,True,local_route,1,local_route_wait,periodic_sparse,10,219.0784890680216,48,0,0.0,0.0,0.0,0.0,0.0,0.0,0.0,0.0,22,205.0,207.85293330890607,1.0139167478483224,19105.0,19105.0,1.0,0.0
shared_communication_qubit_only,True,communication_qubit,1,communication_qubit_reuse_wait,periodic_sparse,10,219.0784890680216,48,9,0.1875,15.764716700254136,0.0,123.07848906802178,144.07848906802246,756.7064016121985,0.0,15.764716700254136,22,205.0,257.5899837325324,1.2565365060123532,19105.0,19110.921510931978,1.0003099456127704,0.0
shared_interconnect_port_only,True,interconnect_port,1,interconnect_port_wait,periodic_sparse,10,219.0784890680216,48,3,0.0625,3.379905566751385,0.0,35.151017894213936,54.07848906802246,162.23546720406648,0.0,3.379905566751385,22,205.0,222.9785938905394,1.0877004580026313,19105.0,19105.0,1.0,0.0
shared_reset_engine_only,True,reset_engine,1,late_reset_recovery_wait,periodic_sparse,10,219.0784890680216,48,0,0.0,0.0,0.0,0.0,0.0,0.0,0.0,0.0,22,205.0,209.21656967254242,1.0205686325489873,19105.0,19105.0,1.0,0.0
shared_endpoint_without_reset,True,local_route;communication_qubit;interconnect_port,3,active_endpoint_contention,periodic_sparse,10,219.0784890680216,48,9,0.1875,15.764716700254136,0.0,123.07848906802178,144.07848906802246,756.7064016121985,0.0,15.764716700254136,22,205.0,257.5899837325324,1.2565365060123532,19105.0,19110.921510931978,1.0003099456127704,0.0
shared_full_endpoint_pipeline,True,local_route;communication_qubit;interconnect_port;reset_engine,4,full_endpoint_pipeline_contention,periodic_sparse,10,219.0784890680216,48,9,0.1875,15.764716700254136,0.0,123.07848906802178,144.07848906802246,756.7064016121985,0.0,15.764716700254136,22,205.0,257.5899837325324,1.2565365060123532,19105.0,19110.921510931978,1.0003099456127704,0.0
separate_modules_control,False,none,0,no_cross_tenant_endpoint_contention,periodic_sparse,11,95.82957127920285,48,0,0.0,0.0,0.0,0.0,0.0,0.0,0.0,0.0,23,205.0,205.0,1.0,20005.0,20005.0,1.0,0.0
shared_module_fully_independent,True,none,0,module_colocation_without_pipeline_sharing,periodic_sparse,11,95.82957127920285,48,0,0.0,0.0,0.0,0.0,0.0,0.0,0.0,0.0,23,205.0,205.0,1.0,20005.0,20005.0,1.0,0.0
shared_local_route_only,True,local_route,1,local_route_wait,periodic_sparse,11,95.82957127920285,48,0,0.0,0.0,0.0,0.0,0.0,0.0,0.0,0.0,23,205.0,208.15266461575618,1.0153788517841764,20005.0,20005.0,1.0,0.0
shared_communication_qubit_only,True,communication_qubit,1,communication_qubit_reuse_wait,periodic_sparse,11,95.82957127920285,48,9,0.1875,15.155544614850479,0.0,119.82957127920243,140.82957127920326,727.466141512823,0.0,15.155544614850479,23,205.0,265.3646087865723,1.2944615062759626,20005.0,20074.170428720798,1.0034576570217844,0.0
shared_interconnect_port_only,True,interconnect_port,1,interconnect_port_wait,periodic_sparse,11,95.82957127920285,48,3,0.0625,3.1768482049501663,0.0,33.03922133148146,50.829571279203265,152.48871383760797,0.0,3.1768482049501663,23,205.0,224.7475217845905,1.0963293745589782,20005.0,20005.0,1.0,0.0
shared_reset_engine_only,True,reset_engine,1,late_reset_recovery_wait,periodic_sparse,11,95.82957127920285,48,0,0.0,0.0,0.0,0.0,0.0,0.0,0.0,0.0,23,205.0,209.45701244184312,1.0217415241065517,20005.0,20005.0,1.0,0.0
shared_endpoint_without_reset,True,local_route;communication_qubit;interconnect_port,3,active_endpoint_contention,periodic_sparse,11,95.82957127920285,48,9,0.1875,15.155544614850479,0.0,119.82957127920243,140.82957127920326,727.466141512823,0.0,15.155544614850479,23,205.0,265.3646087865723,1.2944615062759626,20005.0,20074.170428720798,1.0034576570217844,0.0
shared_full_endpoint_pipeline,True,local_route;communication_qubit;interconnect_port;reset_engine,4,full_endpoint_pipeline_contention,periodic_sparse,11,95.82957127920285,48,9,0.1875,15.155544614850479,0.0,119.82957127920243,140.82957127920326,727.466141512823,0.0,15.155544614850479,23,205.0,265.3646087865723,1.2944615062759626,20005.0,20074.170428720798,1.0034576570217844,0.0
separate_modules_control,False,none,0,no_cross_tenant_endpoint_contention,periodic_dense,0,392.9751058157677,48,0,0.0,0.0,0.0,0.0,0.0,0.0,0.0,0.0,43,205.0,205.0,1.0,19524.999999999996,19524.999999999996,1.0,0.0
shared_module_fully_independent,True,none,0,module_colocation_without_pipeline_sharing,periodic_dense,0,392.9751058157677,48,0,0.0,0.0,0.0,0.0,0.0,0.0,0.0,0.0,43,205.0,205.0,1.0,19524.999999999996,19524.999999999996,1.0,0.0
shared_local_route_only,True,local_route,1,local_route_wait,periodic_dense,0,392.9751058157677,48,2,0.041666666666666664,0.5406294089902701,0.0,0.0,12.97510581576762,25.950211631532966,0.0,0.5406294089902701,43,205.0,206.58371108690545,1.007725419936124,19524.999999999996,19524.999999999996,1.0,0.0
shared_communication_qubit_only,True,communication_qubit,1,communication_qubit_reuse_wait,periodic_dense,0,392.9751058157677,48,19,0.3958333333333333,39.615146052073875,0.0,157.97510581576654,177.97510581576762,1901.5270104995461,0.0,39.615146052073875,43,205.0,252.45343915545754,1.231480191002232,19524.999999999996,19524.999999999996,1.0,0.0
shared_interconnect_port_only,True,interconnect_port,1,interconnect_port_wait,periodic_dense,0,392.9751058157677,48,11,0.22916666666666666,10.994295082779653,0.0,67.97510581576653,87.97510581576762,527.7261639734234,0.0,10.994295082779653,43,205.0,219.5185751211814,1.0708223176642995,19524.999999999996,19524.999999999996,1.0,0.0
shared_reset_engine_only,True,reset_engine,1,late_reset_recovery_wait,periodic_dense,0,392.9751058157677,48,4,0.08333333333333333,1.0812588179805307,0.0,2.975105815766528,22.97510581576762,51.90042326306548,0.0,1.0812588179805307,43,205.0,207.513943645045,1.0122631397319268,19524.999999999996,19524.999999999996,1.0,0.0
shared_endpoint_without_reset,True,local_route;communication_qubit;interconnect_port,3,active_endpoint_contention,periodic_dense,0,392.9751058157677,48,19,0.3958333333333333,39.615146052073875,0.0,157.97510581576654,177.97510581576762,1901.5270104995461,0.0,39.615146052073875,43,205.0,252.45343915545754,1.231480191002232,19524.999999999996,19524.999999999996,1.0,0.0
shared_full_endpoint_pipeline,True,local_route;communication_qubit;interconnect_port;reset_engine,4,full_endpoint_pipeline_contention,periodic_dense,0,392.9751058157677,48,19,0.3958333333333333,39.615146052073875,0.0,157.97510581576654,177.97510581576762,1901.5270104995461,0.0,39.615146052073875,43,205.0,252.45343915545754,1.231480191002232,19524.999999999996,19524.999999999996,1.0,0.0
separate_modules_control,False,none,0,no_cross_tenant_endpoint_contention,periodic_dense,1,44.07546082003108,48,0,0.0,0.0,0.0,0.0,0.0,0.0,0.0,0.0,44,205.0,205.0,1.0,19985.0,19985.0,1.0,0.0
shared_module_fully_independent,True,none,0,module_colocation_without_pipeline_sharing,periodic_dense,1,44.07546082003108,48,0,0.0,0.0,0.0,0.0,0.0,0.0,0.0,0.0,44,205.0,205.0,1.0,19985.0,19985.0,1.0,0.0
shared_local_route_only,True,local_route,1,local_route_wait,periodic_dense,1,44.07546082003108,48,4,0.08333333333333333,1.1729550683359093,0.0,4.07546082003073,24.075460820031367,56.30184328012365,0.0,1.1729550683359093,44,205.0,206.0857640349979,1.0052964099268191,19985.0,19985.0,1.0,0.0
shared_communication_qubit_only,True,communication_qubit,1,communication_qubit_reuse_wait,periodic_dense,1,44.07546082003108,48,20,0.4166666666666667,41.2814420083462,0.0,169.07546082003074,189.07546082003137,1981.5092164006173,0.0,41.28144200834618,44,205.0,253.64408777180267,1.2372882330331838,19985.0,20125.92453917997,1.0070515155956954,4.547473508864641e-13
shared_interconnect_port_only,True,interconnect_port,1,interconnect_port_wait,periodic_dense,1,44.07546082003108,48,10,0.20833333333333334,12.307387670839782,0.0,79.07546082003073,99.07546082003137,590.7546082003096,0.0,12.307387670839782,44,205.0,219.79760159453699,1.0721834224123756,19985.0,20035.92453917997,1.0025481380625454,0.0
shared_reset_engine_only,True,reset_engine,1,late_reset_recovery_wait,periodic_dense,1,44.07546082003108,48,4,0.08333333333333333,2.006288401669243,0.0,14.075460820030731,34.07546082003137,96.30184328012365,0.0,2.006288401669243,44,205.0,207.0368794522692,1.0099359973281425,19985.0,19985.0,1.0,0.0
shared_endpoint_without_reset,True,local_route;communication_qubit;interconnect_port,3,active_endpoint_contention,periodic_dense,1,44.07546082003108,48,20,0.4166666666666667,41.2814420083462,0.0,169.07546082003074,189.07546082003137,1981.5092164006173,0.0,41.28144200834618,44,205.0,253.64408777180267,1.2372882330331838,19985.0,20125.92453917997,1.0070515155956954,4.547473508864641e-13
shared_full_endpoint_pipeline,True,local_route;communication_qubit;interconnect_port;reset_engine,4,full_endpoint_pipeline_contention,periodic_dense,1,44.07546082003108,48,20,0.4166666666666667,41.2814420083462,0.0,169.07546082003074,189.07546082003137,1981.5092164006173,0.0,41.28144200834618,44,205.0,253.64408777180267,1.2372882330331838,19985.0,20125.92453917997,1.0070515155956954,4.547473508864641e-13
separate_modules_control,False,none,0,no_cross_tenant_endpoint_contention,periodic_dense,2,62.440431581072424,48,0,0.0,0.0,0.0,0.0,0.0,0.0,0.0,0.0,44,205.0,205.0,1.0,19985.0,19985.0,1.0,0.0
shared_module_fully_independent,True,none,0,module_colocation_without_pipeline_sharing,periodic_dense,2,62.440431581072424,48,0,0.0,0.0,0.0,0.0,0.0,0.0,0.0,0.0,44,205.0,205.0,1.0,19985.0,19985.0,1.0,0.0
shared_local_route_only,True,local_route,1,local_route_wait,periodic_dense,2,62.440431581072424,48,4,0.08333333333333333,1.0367026317559862,0.0,2.440431581072198,22.440431581071607,49.76172632428734,0.0,1.0367026317559862,44,205.0,205.7981622008604,1.0038934741505385,19985.0,19985.0,1.0,0.0
shared_communication_qubit_only,True,communication_qubit,1,communication_qubit_reuse_wait,periodic_dense,2,62.440431581072424,48,20,0.4166666666666667,40.60017982544662,0.0,167.4404315810722,187.4404315810716,1948.8086316214376,0.0,40.60017982544664,44,205.0,253.55251148219125,1.2368415194253233,19985.0,20107.55956841893,1.006132577854337,9.094947017729282e-13
shared_interconnect_port_only,True,interconnect_port,1,interconnect_port_wait,periodic_dense,2,62.440431581072424,48,10,0.20833333333333334,11.966756579389957,0.0,77.4404315810722,97.4404315810716,574.4043158107179,0.0,11.966756579389957,44,205.0,219.33442775061675,1.0699240378078867,19985.0,20017.55956841893,1.0016292003211873,0.0
shared_reset_engine_only,True,reset_engine,1,late_reset_recovery_wait,periodic_dense,2,62.440431581072424,48,4,0.08333333333333333,1.8700359650893195,0.0,12.440431581072199,32.44043158107161,89.76172632428734,0.0,1.8700359650893195,44,205.0,206.76813277487818,1.0086250379262351,19985.0,19985.0,1.0,0.0
shared_endpoint_without_reset,True,local_route;communication_qubit;interconnect_port,3,active_endpoint_contention,periodic_dense,2,62.440431581072424,48,20,0.4166666666666667,40.60017982544662,0.0,167.4404315810722,187.4404315810716,1948.8086316214376,0.0,40.60017982544664,44,205.0,253.55251148219125,1.2368415194253233,19985.0,20107.55956841893,1.006132577854337,9.094947017729282e-13
shared_full_endpoint_pipeline,True,local_route;communication_qubit;interconnect_port;reset_engine,4,full_endpoint_pipeline_contention,periodic_dense,2,62.440431581072424,48,20,0.4166666666666667,40.60017982544662,0.0,167.4404315810722,187.4404315810716,1948.8086316214376,0.0,40.60017982544664,44,205.0,253.55251148219125,1.2368415194253233,19985.0,20107.55956841893,1.006132577854337,9.094947017729282e-13
separate_modules_control,False,none,0,no_cross_tenant_endpoint_contention,periodic_dense,3,350.11760621377795,48,0,0.0,0.0,0.0,0.0,0.0,0.0,0.0,0.0,43,205.0,205.0,1.0,19524.999999999996,19524.999999999996,1.0,0.0
shared_module_fully_independent,True,none,0,module_colocation_without_pipeline_sharing,periodic_dense,3,350.11760621377795,48,0,0.0,0.0,0.0,0.0,0.0,0.0,0.0,0.0,43,205.0,205.0,1.0,19524.999999999996,19524.999999999996,1.0,0.0
shared_local_route_only,True,local_route,1,local_route_wait,periodic_dense,3,350.11760621377795,48,2,0.041666666666666664,0.42156692557405034,0.0,0.0,10.11760621377789,20.235212427554416,0.0,0.42156692557405034,43,205.0,206.84952500336962,1.0090220731871689,19524.999999999996,19524.999999999996,1.0,0.0
shared_communication_qubit_only,True,communication_qubit,1,communication_qubit_reuse_wait,periodic_dense,3,350.11760621377795,48,19,0.3958333333333333,37.65071912628659,0.0,155.11760621377712,175.1176062137779,1807.2345180617563,0.0,37.65071912628659,43,205.0,253.78250873777827,1.237963457257455,19524.999999999996,19524.999999999996,1.0,0.0
shared_interconnect_port_only,True,interconnect_port,1,interconnect_port_wait,periodic_dense,3,350.11760621377795,48,11,0.22916666666666666,9.506118090657205,0.0,65.11760621377712,85.11760621377789,456.2936683515459,0.0,9.506118090657207,43,205.0,220.31601687057395,1.0747122774174338,19524.999999999996,19524.999999999996,1.0,5.684341886080802e-14
shared_reset_engine_only,True,reset_engine,1,late_reset_recovery_wait,periodic_dense,3,350.11760621377795,48,4,0.08333333333333333,0.8431338511480911,0.0,0.11760621377711686,20.11760621377789,40.47042485510838,0.0,0.8431338511480911,43,205.0,207.77975756150917,1.0135597929829716,19524.999999999996,19524.999999999996,1.0,0.0
shared_endpoint_without_reset,True,local_route;communication_qubit;interconnect_port,3,active_endpoint_contention,periodic_dense,3,350.11760621377795,48,19,0.3958333333333333,37.65071912628659,0.0,155.11760621377712,175.1176062137779,1807.2345180617563,0.0,37.65071912628659,43,205.0,253.78250873777827,1.237963457257455,19524.999999999996,19524.999999999996,1.0,0.0
shared_full_endpoint_pipeline,True,local_route;communication_qubit;interconnect_port;reset_engine,4,full_endpoint_pipeline_contention,periodic_dense,3,350.11760621377795,48,19,0.3958333333333333,37.65071912628659,0.0,155.11760621377712,175.1176062137779,1807.2345180617563,0.0,37.65071912628659,43,205.0,253.78250873777827,1.237963457257455,19524.999999999996,19524.999999999996,1.0,0.0
separate_modules_control,False,none,0,no_cross_tenant_endpoint_contention,periodic_dense,4,408.01649811054034,48,0,0.0,0.0,0.0,0.0,0.0,0.0,0.0,0.0,43,205.0,205.0,1.0,19525.000000000004,19525.000000000004,1.0,0.0
shared_module_fully_independent,True,none,0,module_colocation_without_pipeline_sharing,periodic_dense,4,408.01649811054034,48,0,0.0,0.0,0.0,0.0,0.0,0.0,0.0,0.0,43,205.0,205.0,1.0,19525.000000000004,19525.000000000004,1.0,0.0
shared_local_route_only,True,local_route,1,local_route_wait,periodic_dense,4,408.01649811054034,48,4,0.08333333333333333,1.5013748425451372,0.0,8.016498110542035,28.01649811054267,72.06599244216659,0.0,1.5013748425451372,43,205.0,205.55737218090505,1.0027188886873417,19525.000000000004,19525.000000000004,1.0,0.0
shared_communication_qubit_only,True,communication_qubit,1,communication_qubit_reuse_wait,periodic_dense,4,408.01649811054034,48,21,0.4375,46.111384590028955,0.0,173.01649811054205,193.01649811054267,2213.3464603213897,0.0,46.111384590028955,43,205.0,245.59774497698248,1.1980377803755242,19525.000000000004,19525.000000000004,1.0,0.0
shared_interconnect_port_only,True,interconnect_port,1,interconnect_port_wait,periodic_dense,4,408.01649811054034,48,13,0.2708333333333333,14.56696823827184,0.0,83.01649811054203,103.01649811054267,699.2144754370483,0.0,14.56696823827184,43,205.0,215.92639578824614,1.0532994916499812,19525.000000000004,19525.000000000004,1.0,0.0
shared_reset_engine_only,True,reset_engine,1,late_reset_recovery_wait,periodic_dense,4,408.01649811054034,48,4,0.08333333333333333,2.3347081758784705,0.0,18.016498110542035,38.01649811054267,112.06599244216659,0.0,2.3347081758784705,43,205.0,206.11474436181007,1.0054377773746832,19525.000000000004,19525.000000000004,1.0,0.0
shared_endpoint_without_reset,True,local_route;communication_qubit;interconnect_port,3,active_endpoint_contention,periodic_dense,4,408.01649811054034,48,21,0.4375,46.111384590028955,0.0,173.01649811054205,193.01649811054267,2213.3464603213897,0.0,46.111384590028955,43,205.0,245.59774497698248,1.1980377803755242,19525.000000000004,19525.000000000004,1.0,0.0
shared_full_endpoint_pipeline,True,local_route;communication_qubit;interconnect_port;reset_engine,4,full_endpoint_pipeline_contention,periodic_dense,4,408.01649811054034,48,21,0.4375,46.111384590028955,0.0,173.01649811054205,193.01649811054267,2213.3464603213897,0.0,46.111384590028955,43,205.0,245.59774497698248,1.1980377803755242,19525.000000000004,19525.000000000004,1.0,0.0
separate_modules_control,False,none,0,no_cross_tenant_endpoint_contention,periodic_dense,5,259.9228481881991,48,0,0.0,0.0,0.0,0.0,0.0,0.0,0.0,0.0,43,205.00000000000003,205.00000000000003,1.0,19525.000000000004,19525.000000000004,1.0,0.0
shared_module_fully_independent,True,none,0,module_colocation_without_pipeline_sharing,periodic_dense,5,259.9228481881991,48,0,0.0,0.0,0.0,0.0,0.0,0.0,0.0,0.0,43,205.00000000000003,205.00000000000003,1.0,19525.000000000004,19525.000000000004,1.0,0.0
shared_local_route_only,True,local_route,1,local_route_wait,periodic_dense,5,259.9228481881991,48,2,0.041666666666666664,0.8301186745083745,0.0,0.0,19.922848188201897,39.845696376401975,0.0,0.8301186745083745,43,205.00000000000003,205.9374094708651,1.004572729126171,19525.000000000004,19525.000000000004,1.0,0.0
shared_communication_qubit_only,True,communication_qubit,1,communication_qubit_reuse_wait,periodic_dense,5,259.9228481881991,48,21,0.4375,39.653746082337555,0.0,164.92284818819977,184.9228481882019,1903.3798119522028,0.0,39.653746082337555,43,205.00000000000003,249.22193107525564,1.2157167369524664,19525.000000000004,19525.000000000004,1.0,5.684341886080802e-14
shared_interconnect_port_only,True,interconnect_port,1,interconnect_port_wait,periodic_dense,5,259.9228481881991,48,10,0.20833333333333334,11.442260039208392,0.0,74.92284818819977,94.9228481882019,549.2284818820028,0.0,11.442260039208392,43,205.00000000000003,217.80863995623255,1.0624811705182073,19525.000000000004,19525.000000000004,1.0,0.0
shared_reset_engine_only,True,reset_engine,1,late_reset_recovery_wait,periodic_dense,5,259.9228481881991,48,4,0.08333333333333333,1.6602373490166922,0.0,9.92284818819976,29.922848188201897,79.69139275280122,0.0,1.6602373490166922,43,205.00000000000003,206.86764202900466,1.0091104489219738,19525.000000000004,19525.000000000004,1.0,0.0
shared_endpoint_without_reset,True,local_route;communication_qubit;interconnect_port,3,active_endpoint_contention,periodic_dense,5,259.9228481881991,48,21,0.4375,39.653746082337555,0.0,164.92284818819977,184.9228481882019,1903.3798119522028,0.0,39.653746082337555,43,205.00000000000003,249.22193107525564,1.2157167369524664,19525.000000000004,19525.000000000004,1.0,5.684341886080802e-14
shared_full_endpoint_pipeline,True,local_route;communication_qubit;interconnect_port;reset_engine,4,full_endpoint_pipeline_contention,periodic_dense,5,259.9228481881991,48,21,0.4375,39.653746082337555,0.0,164.92284818819977,184.9228481882019,1903.3798119522028,0.0,39.653746082337555,43,205.00000000000003,249.22193107525564,1.2157167369524664,19525.000000000004,19525.000000000004,1.0,5.684341886080802e-14
separate_modules_control,False,none,0,no_cross_tenant_endpoint_contention,periodic_dense,6,280.2870675310452,48,0,0.0,0.0,0.0,0.0,0.0,0.0,0.0,0.0,43,205.0,205.0,1.0,19525.0,19525.0,1.0,0.0
shared_module_fully_independent,True,none,0,module_colocation_without_pipeline_sharing,periodic_dense,6,280.2870675310452,48,0,0.0,0.0,0.0,0.0,0.0,0.0,0.0,0.0,43,205.0,205.0,1.0,19525.0,19525.0,1.0,0.0
shared_local_route_only,True,local_route,1,local_route_wait,periodic_dense,6,280.2870675310452,48,4,0.08333333333333333,0.8572556275871648,0.0,0.2870675310468414,20.287067531045977,41.14827012418391,0.0,0.8572556275871648,43,205.0,205.91688057995142,1.004472588194885,19525.0,19525.0,1.0,0.0
shared_communication_qubit_only,True,communication_qubit,1,communication_qubit_reuse_wait,periodic_dense,6,280.2870675310452,48,21,0.4375,40.229758711499095,0.0,165.28706753104683,185.28706753104598,1931.0284181519564,0.0,40.229758711499095,43,205.0,249.0525267297465,1.2148903742914463,19525.0,19525.0,1.0,1.1368683772161603e-13
shared_interconnect_port_only,True,interconnect_port,1,interconnect_port_wait,periodic_dense,6,280.2870675310452,48,10,0.20833333333333334,11.518139068967855,0.0,75.28706753104684,95.28706753104598,552.870675310457,0.0,11.518139068967855,43,205.0,217.72393778347794,1.0620679891876972,19525.0,19525.0,1.0,0.0
shared_reset_engine_only,True,reset_engine,1,late_reset_recovery_wait,periodic_dense,6,280.2870675310452,48,4,0.08333333333333333,1.690588960920498,0.0,10.28706753104684,30.287067531045977,81.14827012418391,0.0,1.690588960920498,43,205.0,206.8337611599028,1.0089451763897697,19525.0,19525.0,1.0,0.0
shared_endpoint_without_reset,True,local_route;communication_qubit;interconnect_port,3,active_endpoint_contention,periodic_dense,6,280.2870675310452,48,21,0.4375,40.229758711499095,0.0,165.28706753104683,185.28706753104598,1931.0284181519564,0.0,40.229758711499095,43,205.0,249.0525267297465,1.2148903742914463,19525.0,19525.0,1.0,1.1368683772161603e-13
shared_full_endpoint_pipeline,True,local_route;communication_qubit;interconnect_port;reset_engine,4,full_endpoint_pipeline_contention,periodic_dense,6,280.2870675310452,48,21,0.4375,40.229758711499095,0.0,165.28706753104683,185.28706753104598,1931.0284181519564,0.0,40.229758711499095,43,205.0,249.0525267297465,1.2148903742914463,19525.0,19525.0,1.0,1.1368683772161603e-13
separate_modules_control,False,none,0,no_cross_tenant_endpoint_contention,periodic_dense,7,118.44904748575689,48,0,0.0,0.0,0.0,0.0,0.0,0.0,0.0,0.0,44,205.00000000000003,205.00000000000003,1.0,19985.0,19985.0,1.0,0.0
shared_module_fully_independent,True,none,0,module_colocation_without_pipeline_sharing,periodic_dense,7,118.44904748575689,48,0,0.0,0.0,0.0,0.0,0.0,0.0,0.0,0.0,44,205.00000000000003,205.00000000000003,1.0,19985.0,19985.0,1.0,0.0
shared_local_route_only,True,local_route,1,local_route_wait,periodic_dense,7,118.44904748575689,48,2,0.041666666666666664,0.7687103119065549,0.0,0.0,18.449047485757546,36.89809497151464,0.0,0.7687103119065549,44,205.00000000000003,206.05008659220394,1.0051223736205068,19985.0,19985.0,1.0,0.0
shared_communication_qubit_only,True,communication_qubit,1,communication_qubit_reuse_wait,periodic_dense,7,118.44904748575689,48,20,0.4166666666666667,38.93710311906539,0.0,163.44904748575692,183.44904748575755,1868.9809497151386,0.0,38.9371031190654,44,205.00000000000003,252.82093080257616,1.233272833183298,19985.0,20051.550952514244,1.003330045159582,9.094947017729282e-13
shared_interconnect_port_only,True,interconnect_port,1,interconnect_port_wait,periodic_dense,7,118.44904748575689,48,10,0.20833333333333334,11.135218226199356,0.0,73.4490474857569,93.44904748575755,534.4904748575691,0.0,11.135218226199365,44,205.00000000000003,218.2286472194699,1.0645299864364384,19985.0,19985.0,1.0,9.094947017729282e-13
shared_reset_engine_only,True,reset_engine,1,late_reset_recovery_wait,periodic_dense,7,118.44904748575689,48,4,0.08333333333333333,1.5374206238130814,0.0,8.44904748575691,28.449047485757546,73.79618994302791,0.0,1.5374206238130814,44,205.00000000000003,206.95917750129485,1.0095569634209502,19985.0,19985.0,1.0,0.0
shared_endpoint_without_reset,True,local_route;communication_qubit;interconnect_port,3,active_endpoint_contention,periodic_dense,7,118.44904748575689,48,20,0.4166666666666667,38.93710311906539,0.0,163.44904748575692,183.44904748575755,1868.9809497151386,0.0,38.9371031190654,44,205.00000000000003,252.82093080257616,1.233272833183298,19985.0,20051.550952514244,1.003330045159582,9.094947017729282e-13
shared_full_endpoint_pipeline,True,local_route;communication_qubit;interconnect_port;reset_engine,4,full_endpoint_pipeline_contention,periodic_dense,7,118.44904748575689,48,20,0.4166666666666667,38.93710311906539,0.0,163.44904748575692,183.44904748575755,1868.9809497151386,0.0,38.9371031190654,44,205.00000000000003,252.82093080257616,1.233272833183298,19985.0,20051.550952514244,1.003330045159582,9.094947017729282e-13
separate_modules_control,False,none,0,no_cross_tenant_endpoint_contention,periodic_dense,8,309.676183193845,48,0,0.0,0.0,0.0,0.0,0.0,0.0,0.0,0.0,43,205.0,205.0,1.0,19524.999999999996,19524.999999999996,1.0,0.0
shared_module_fully_independent,True,none,0,module_colocation_without_pipeline_sharing,periodic_dense,8,309.676183193845,48,0,0.0,0.0,0.0,0.0,0.0,0.0,0.0,0.0,43,205.0,205.0,1.0,19524.999999999996,19524.999999999996,1.0,0.0
shared_local_route_only,True,local_route,1,local_route_wait,periodic_dense,8,309.676183193845,48,4,0.08333333333333333,1.6396819328202998,0.0,9.676183193844418,29.676183193843826,78.7047327753744,0.0,1.6396819328202998,43,205.0,205.48017752586773,1.0023423293944766,19524.999999999996,19524.999999999996,1.0,0.0
shared_communication_qubit_only,True,communication_qubit,1,communication_qubit_reuse_wait,periodic_dense,8,309.676183193845,48,21,0.4375,44.75416348063999,0.0,174.67618319384442,194.67618319384383,2148.1998470707194,0.0,44.75416348063999,43,205.0,244.90299308164685,1.1946487467397409,19524.999999999996,19524.999999999996,1.0,0.0
shared_interconnect_port_only,True,interconnect_port,1,interconnect_port_wait,periodic_dense,8,309.676183193845,48,12,0.25,13.669045798460985,0.0,84.67618319384442,104.67618319384383,656.1141983261273,0.0,13.669045798460985,43,205.0,215.54042251305958,1.0514166951856565,19524.999999999996,19524.999999999996,1.0,0.0
shared_reset_engine_only,True,reset_engine,1,late_reset_recovery_wait,periodic_dense,8,309.676183193845,48,4,0.08333333333333333,2.473015266153633,0.0,19.676183193844416,39.676183193843826,118.7047327753744,0.0,2.473015266153633,43,205.0,205.96035505173546,1.0046846587889535,19524.999999999996,19524.999999999996,1.0,0.0
shared_endpoint_without_reset,True,local_route;communication_qubit;interconnect_port,3,active_endpoint_contention,periodic_dense,8,309.676183193845,48,21,0.4375,44.75416348063999,0.0,174.67618319384442,194.67618319384383,2148.1998470707194,0.0,44.75416348063999,43,205.0,244.90299308164685,1.1946487467397409,19524.999999999996,19524.999999999996,1.0,0.0
shared_full_endpoint_pipeline,True,local_route;communication_qubit;interconnect_port;reset_engine,4,full_endpoint_pipeline_contention,periodic_dense,8,309.676183193845,48,21,0.4375,44.75416348063999,0.0,174.67618319384442,194.67618319384383,2148.1998470707194,0.0,44.75416348063999,43,205.0,244.90299308164685,1.1946487467397409,19524.999999999996,19524.999999999996,1.0,0.0
separate_modules_control,False,none,0,no_cross_tenant_endpoint_contention,periodic_dense,9,267.28655230700645,48,0,0.0,0.0,0.0,0.0,0.0,0.0,0.0,0.0,43,205.0,205.0,1.0,19525.0,19525.0,1.0,0.0
shared_module_fully_independent,True,none,0,module_colocation_without_pipeline_sharing,periodic_dense,9,267.28655230700645,48,0,0.0,0.0,0.0,0.0,0.0,0.0,0.0,0.0,43,205.0,205.0,1.0,19525.0,19525.0,1.0,0.0
shared_local_route_only,True,local_route,1,local_route_wait,periodic_dense,9,267.28655230700645,48,4,0.08333333333333333,1.4405460255838893,0.0,7.286552307006628,27.286552307006787,69.14620922802669,0.0,1.4405460255838893,43,205.0,205.59132314851132,1.0028845031634699,19525.0,19525.0,1.0,0.0
shared_communication_qubit_only,True,communication_qubit,1,communication_qubit_reuse_wait,periodic_dense,9,267.28655230700645,48,21,0.4375,42.87536663431542,0.0,172.28655230700662,192.2865523070068,2058.0175984471402,0.0,42.875366634315434,43,205.0,245.90330368543906,1.1995283106606782,19525.0,19525.0,1.0,1.1368683772161603e-13
shared_interconnect_port_only,True,interconnect_port,1,interconnect_port_wait,periodic_dense,9,267.28655230700645,48,12,0.25,13.071638076751668,0.0,82.28655230700663,102.28655230700679,627.4386276840801,0.0,13.071638076751668,43,205.0,216.09615062627753,1.054127564030622,19525.0,19525.0,1.0,0.0
shared_reset_engine_only,True,reset_engine,1,late_reset_recovery_wait,periodic_dense,9,267.28655230700645,48,4,0.08333333333333333,2.2738793589172226,0.0,17.286552307006627,37.28655230700679,109.14620922802669,0.0,2.2738793589172226,43,205.0,206.18264629702261,1.0057690063269396,19525.0,19525.0,1.0,0.0
shared_endpoint_without_reset,True,local_route;communication_qubit;interconnect_port,3,active_endpoint_contention,periodic_dense,9,267.28655230700645,48,21,0.4375,42.87536663431542,0.0,172.28655230700662,192.2865523070068,2058.0175984471402,0.0,42.875366634315434,43,205.0,245.90330368543906,1.1995283106606782,19525.0,19525.0,1.0,1.1368683772161603e-13
shared_full_endpoint_pipeline,True,local_route;communication_qubit;interconnect_port;reset_engine,4,full_endpoint_pipeline_contention,periodic_dense,9,267.28655230700645,48,21,0.4375,42.87536663431542,0.0,172.28655230700662,192.2865523070068,2058.0175984471402,0.0,42.875366634315434,43,205.0,245.90330368543906,1.1995283106606782,19525.0,19525.0,1.0,1.1368683772161603e-13
separate_modules_control,False,none,0,no_cross_tenant_endpoint_contention,periodic_dense,10,199.81491834814062,48,0,0.0,0.0,0.0,0.0,0.0,0.0,0.0,0.0,44,205.0,205.0,1.0,19985.0,19985.0,1.0,0.0
shared_module_fully_independent,True,none,0,module_colocation_without_pipeline_sharing,periodic_dense,10,199.81491834814062,48,0,0.0,0.0,0.0,0.0,0.0,0.0,0.0,0.0,44,205.0,205.0,1.0,19985.0,19985.0,1.0,0.0
shared_local_route_only,True,local_route,1,local_route_wait,periodic_dense,10,199.81491834814062,48,2,0.041666666666666664,0.8256215978391784,0.0,0.0,19.81491834814051,39.62983669628056,0.0,0.8256215978391784,44,205.0,205.92591651380545,1.004516665921002,19985.0,19985.0,1.0,0.0
shared_communication_qubit_only,True,communication_qubit,1,communication_qubit_reuse_wait,periodic_dense,10,199.81491834814062,48,20,0.4166666666666667,39.50621597839183,0.0,164.81491834814065,184.8149183481405,1896.298366962808,0.0,39.50621597839183,44,205.0,248.83833442475125,1.2138455337792744,19985.0,19985.0,1.0,0.0
shared_interconnect_port_only,True,interconnect_port,1,interconnect_port_wait,periodic_dense,10,199.81491834814062,48,10,0.20833333333333334,11.419774655862577,0.0,74.81491834814065,94.81491834814051,548.1491834814037,0.0,11.419774655862577,44,205.0,217.54206401178632,1.0611808000574943,19985.0,19985.0,1.0,0.0
shared_reset_engine_only,True,reset_engine,1,late_reset_recovery_wait,periodic_dense,10,199.81491834814062,48,4,0.08333333333333333,1.6512431956783662,0.0,9.814918348140646,29.81491834814051,79.25967339256158,0.0,1.6512431956783662,44,205.0,206.83500742289635,1.0089512557214457,19985.0,19985.0,1.0,0.0
shared_endpoint_without_reset,True,local_route;communication_qubit;interconnect_port,3,active_endpoint_contention,periodic_dense,10,199.81491834814062,48,20,0.4166666666666667,39.50621597839183,0.0,164.81491834814065,184.8149183481405,1896.298366962808,0.0,39.50621597839183,44,205.0,248.83833442475125,1.2138455337792744,19985.0,19985.0,1.0,0.0
shared_full_endpoint_pipeline,True,local_route;communication_qubit;interconnect_port;reset_engine,4,full_endpoint_pipeline_contention,periodic_dense,10,199.81491834814062,48,20,0.4166666666666667,39.50621597839183,0.0,164.81491834814065,184.8149183481405,1896.298366962808,0.0,39.50621597839183,44,205.0,248.83833442475125,1.2138455337792744,19985.0,19985.0,1.0,0.0
separate_modules_control,False,none,0,no_cross_tenant_endpoint_contention,periodic_dense,11,137.3550071449964,48,0,0.0,0.0,0.0,0.0,0.0,0.0,0.0,0.0,44,205.0,205.0,1.0,19985.0,19985.0,1.0,0.0
shared_module_fully_independent,True,none,0,module_colocation_without_pipeline_sharing,periodic_dense,11,137.3550071449964,48,0,0.0,0.0,0.0,0.0,0.0,0.0,0.0,0.0,44,205.0,205.0,1.0,19985.0,19985.0,1.0,0.0
shared_local_route_only,True,local_route,1,local_route_wait,periodic_dense,11,137.3550071449964,48,2,0.041666666666666664,0.7231252977082173,0.0,0.0,17.355007144997217,34.71001428999443,0.0,0.7231252977082173,44,205.0,206.14954480500026,1.0056075356341476,19985.0,19985.0,1.0,0.0
shared_communication_qubit_only,True,communication_qubit,1,communication_qubit_reuse_wait,periodic_dense,11,137.3550071449964,48,20,0.4166666666666667,38.48125297708202,0.0,162.3550071449969,182.35500714499722,1847.100142899937,0.0,38.481252977082,44,205.0,252.4588600638652,1.231506634457879,19985.0,20032.644992855003,1.0023840376710034,9.094947017729282e-13
shared_interconnect_port_only,True,interconnect_port,1,interconnect_port_wait,periodic_dense,11,137.3550071449964,48,10,0.20833333333333334,10.907293155207697,0.0,72.3550071449969,92.35500714499722,523.5500714499694,0.0,10.907293155207677,44,205.0,218.10113473977344,1.0639079743403583,19985.0,19985.0,1.0,9.094947017729282e-13
shared_reset_engine_only,True,reset_engine,1,late_reset_recovery_wait,periodic_dense,11,137.3550071449964,48,4,0.08333333333333333,1.4462505954164158,0.0,7.355007144996899,27.355007144997217,69.42002857998796,0.0,1.4462505954164158,44,205.0,207.05863571409117,1.010042125434591,19985.0,19985.0,1.0,0.0
shared_endpoint_without_reset,True,local_route;communication_qubit;interconnect_port,3,active_endpoint_contention,periodic_dense,11,137.3550071449964,48,20,0.4166666666666667,38.48125297708202,0.0,162.3550071449969,182.35500714499722,1847.100142899937,0.0,38.481252977082,44,205.0,252.4588600638652,1.231506634457879,19985.0,20032.644992855003,1.0023840376710034,9.094947017729282e-13
shared_full_endpoint_pipeline,True,local_route;communication_qubit;interconnect_port;reset_engine,4,full_endpoint_pipeline_contention,periodic_dense,11,137.3550071449964,48,20,0.4166666666666667,38.48125297708202,0.0,162.3550071449969,182.35500714499722,1847.100142899937,0.0,38.481252977082,44,205.0,252.4588600638652,1.231506634457879,19985.0,20032.644992855003,1.0023840376710034,9.094947017729282e-13
separate_modules_control,False,none,0,no_cross_tenant_endpoint_contention,layered_bursty,0,52.390669664884534,48,0,0.0,0.0,0.0,0.0,0.0,0.0,0.0,0.0,36,317.5,317.5,1.0,19990.0,19990.0,1.0,0.0
shared_module_fully_independent,True,none,0,module_colocation_without_pipeline_sharing,layered_bursty,0,52.390669664884534,48,0,0.0,0.0,0.0,0.0,0.0,0.0,0.0,0.0,36,317.5,317.5,1.0,19990.0,19990.0,1.0,0.0
shared_local_route_only,True,local_route,1,local_route_wait,layered_bursty,0,52.390669664884534,48,10,0.20833333333333334,23.73177827748077,0.0,152.1406696648846,225.0,1139.125357319077,0.0,23.73177827748077,36,317.5,319.1909622966923,1.005325865501393,19990.0,19990.0,1.0,0.0
shared_communication_qubit_only,True,communication_qubit,1,communication_qubit_reuse_wait,layered_bursty,0,52.390669664884534,48,28,0.5833333333333334,129.33855655496154,101.19533483244231,360.0,360.0,6208.250714638154,0.0,129.33855655496154,36,317.5,487.9652579267179,1.536898450162891,19990.0,20380.0,1.0195097548774388,0.0
shared_interconnect_port_only,True,interconnect_port,1,interconnect_port_wait,layered_bursty,0,52.390669664884534,48,8,0.16666666666666666,6.544278277480771,0.0,62.140669664884605,82.39066966488463,314.125357319077,0.0,6.544278277480771,36,317.5,356.92662821380446,1.1241783565789116,19990.0,20027.609330335115,1.001881407220366,0.0
shared_reset_engine_only,True,reset_engine,1,late_reset_recovery_wait,layered_bursty,0,52.390669664884534,48,2,0.041666666666666664,0.41211123603685945,0.0,0.0,17.390669664884626,19.781339329769253,0.0,0.41211123603685945,36,317.5,325.79729538017415,1.0261332137958241,19990.0,19990.0,1.0,0.0
shared_endpoint_without_reset,True,local_route;communication_qubit;interconnect_port,3,active_endpoint_contention,layered_bursty,0,52.390669664884534,48,28,0.5833333333333334,153.71355655496154,101.19533483244231,496.3906696648845,555.0,7378.250714638154,0.0,153.71355655496154,36,317.5,455.4652579267179,1.4345362454384816,19990.0,20185.0,1.0097548774387193,0.0
shared_full_endpoint_pipeline,True,local_route;communication_qubit;interconnect_port;reset_engine,4,full_endpoint_pipeline_contention,layered_bursty,0,52.390669664884534,48,28,0.5833333333333334,153.71355655496154,101.19533483244231,496.3906696648845,555.0,7378.250714638154,0.0,153.71355655496154,36,317.5,455.4652579267179,1.4345362454384816,19990.0,20185.0,1.0097548774387193,0.0
separate_modules_control,False,none,0,no_cross_tenant_endpoint_contention,layered_bursty,1,167.88304630670896,48,0,0.0,0.0,0.0,0.0,0.0,0.0,0.0,0.0,36,317.5,317.5,1.0,19990.0,19990.0,1.0,0.0
shared_module_fully_independent,True,none,0,module_colocation_without_pipeline_sharing,layered_bursty,1,167.88304630670896,48,0,0.0,0.0,0.0,0.0,0.0,0.0,0.0,0.0,36,317.5,317.5,1.0,19990.0,19990.0,1.0,0.0
shared_local_route_only,True,local_route,1,local_route_wait,layered_bursty,1,167.88304630670896,48,10,0.20833333333333334,23.9180077177849,0.0,147.6330463067097,225.0,1148.064370453675,0.0,23.9180077177849,36,317.5,320.19265637628683,1.008480807484368,19990.0,20002.11695369329,1.0006061507600446,0.0
shared_communication_qubit_only,True,communication_qubit,1,communication_qubit_reuse_wait,layered_bursty,1,167.88304630670896,48,27,0.5625,128.02838850612358,98.94152315335441,360.0,360.0,6145.362648293932,0.0,128.02838850612358,36,317.5,480.06497427405037,1.512015667004883,19990.0,20362.11695369329,1.0186151552622957,0.0
shared_interconnect_port_only,True,interconnect_port,1,interconnect_port_wait,layered_bursty,1,167.88304630670896,48,9,0.1875,6.165571182508001,0.0,57.63304630670971,77.88304630670882,295.94741676038404,0.0,6.165571182507985,36,317.5,357.88531275257355,1.1271978354411765,19990.0,20107.11695369329,1.005858777073201,9.094947017729282e-13
shared_reset_engine_only,True,reset_engine,1,late_reset_recovery_wait,layered_bursty,1,167.88304630670896,48,1,0.020833333333333332,0.26839679805643374,0.0,0.0,12.88304630670882,12.88304630670882,0.0,0.26839679805643374,36,317.5,327.17462473961655,1.0304712590224143,19990.0,20042.11695369329,1.0026071512602948,0.0
shared_endpoint_without_reset,True,local_route;communication_qubit;interconnect_port,3,active_endpoint_contention,layered_bursty,1,167.88304630670896,48,27,0.5625,148.34088850612358,98.94152315335441,491.88304630670933,555.0,7120.362648293932,0.0,148.34088850612358,36,317.5,452.981640940717,1.4267138297345416,19990.0,20167.11695369329,1.0088602778235762,0.0
shared_full_endpoint_pipeline,True,local_route;communication_qubit;interconnect_port;reset_engine,4,full_endpoint_pipeline_contention,layered_bursty,1,167.88304630670896,48,27,0.5625,148.34088850612358,98.94152315335441,491.88304630670933,555.0,7120.362648293932,0.0,148.34088850612358,36,317.5,452.981640940717,1.4267138297345416,19990.0,20167.11695369329,1.0088602778235762,0.0
separate_modules_control,False,none,0,no_cross_tenant_endpoint_contention,layered_bursty,2,304.2924638698157,48,0,0.0,0.0,0.0,0.0,0.0,0.0,0.0,0.0,36,317.5,317.5,1.0,19990.0,19990.0,1.0,0.0
shared_module_fully_independent,True,none,0,module_colocation_without_pipeline_sharing,layered_bursty,2,304.2924638698157,48,0,0.0,0.0,0.0,0.0,0.0,0.0,0.0,0.0,36,317.5,317.5,1.0,19990.0,19990.0,1.0,0.0
shared_local_route_only,True,local_route,1,local_route_wait,layered_bursty,2,304.2924638698157,48,13,0.2708333333333333,24.912542298075294,0.0,154.29246386981654,229.29246386981595,1195.8020303076141,0.0,24.912542298075277,36,317.5,317.5,1.0,19990.0,19990.0,1.0,9.094947017729282e-13
shared_communication_qubit_only,True,communication_qubit,1,communication_qubit_reuse_wait,layered_bursty,2,304.2924638698157,48,27,0.5625,129.64524762056004,105.0,360.0,360.0,6222.971885786882,0.0,129.64524762056004,36,317.5,463.92557161341495,1.4611829027194172,19990.0,20225.707536130183,1.0117912724427305,0.0
shared_interconnect_port_only,True,interconnect_port,1,interconnect_port_wait,layered_bursty,2,304.2924638698157,48,9,0.1875,8.929836975590604,0.0,74.04246386981683,94.29246386981686,428.632174828349,0.0,8.929836975590584,36,317.5,346.6640418284048,1.0918552498532434,19990.0,20005.0,1.0007503751875937,9.094947017729282e-13
shared_reset_engine_only,True,reset_engine,1,late_reset_recovery_wait,layered_bursty,2,304.2924638698157,48,2,0.041666666666666664,0.9080193279090357,0.0,0.0,29.292463869816856,43.58492773963371,0.0,0.9080193279090357,36,317.5,320.95125602169736,1.0108700977061333,19990.0,19990.0,1.0,0.0
shared_endpoint_without_reset,True,local_route;communication_qubit;interconnect_port,3,active_endpoint_contention,layered_bursty,2,304.2924638698157,48,27,0.5625,149.95774762056004,105.0,448.29246386981674,555.0,7197.971885786882,0.0,149.95774762056004,36,317.5,436.84223828008163,1.375881065449076,19990.0,20225.707536130183,1.0117912724427305,0.0
shared_full_endpoint_pipeline,True,local_route;communication_qubit;interconnect_port;reset_engine,4,full_endpoint_pipeline_contention,layered_bursty,2,304.2924638698157,48,27,0.5625,149.95774762056004,105.0,448.29246386981674,555.0,7197.971885786882,0.0,149.95774762056004,36,317.5,436.84223828008163,1.375881065449076,19990.0,20225.707536130183,1.0117912724427305,0.0
separate_modules_control,False,none,0,no_cross_tenant_endpoint_contention,layered_bursty,3,79.69199003772725,48,0,0.0,0.0,0.0,0.0,0.0,0.0,0.0,0.0,36,317.5,317.5,1.0,19989.999999999996,19989.999999999996,1.0,0.0
shared_module_fully_independent,True,none,0,module_colocation_without_pipeline_sharing,layered_bursty,3,79.69199003772725,48,0,0.0,0.0,0.0,0.0,0.0,0.0,0.0,0.0,36,317.5,317.5,1.0,19989.999999999996,19989.999999999996,1.0,0.0
shared_local_route_only,True,local_route,1,local_route_wait,layered_bursty,3,79.69199003772725,48,14,0.2916666666666667,30.43099709433695,0.0,179.44199003772698,244.69199003772724,1460.6878605281736,0.0,30.43099709433695,36,317.5,317.5,1.0,19989.999999999996,19989.999999999996,1.0,0.0
shared_communication_qubit_only,True,communication_qubit,1,communication_qubit_reuse_wait,layered_bursty,3,79.69199003772725,48,28,0.5833333333333334,134.3764966792423,105.0,360.0,360.0,6450.07184060363,0.0,134.3764966792423,36,317.5,481.2480044276771,1.5157417462289042,19989.999999999996,20379.999999999996,1.0195097548774388,0.0
shared_interconnect_port_only,True,interconnect_port,1,interconnect_port_wait,layered_bursty,3,79.69199003772725,48,8,0.16666666666666666,7.656998339621111,0.0,44.441990037727145,94.69199003772701,367.53592030181335,0.0,7.656998339621111,36,317.5,353.7480044276771,1.114166943079298,19989.999999999996,20019.999999999996,1.0015007503751876,0.0
shared_reset_engine_only,True,reset_engine,1,late_reset_recovery_wait,layered_bursty,3,79.69199003772725,48,1,0.020833333333333332,0.6185831257859794,0.0,0.0,29.69199003772701,29.69199003772701,0.0,0.6185831257859794,36,317.5,323.6795577693941,1.0194631740768318,19989.999999999996,19989.999999999996,1.0,0.0
shared_endpoint_without_reset,True,local_route;communication_qubit;interconnect_port,3,active_endpoint_contention,layered_bursty,3,79.69199003772725,48,28,0.5833333333333334,162.8139966792423,105.0,523.6919900377271,555.0,7815.07184060363,0.0,162.8139966792423,36,317.5,443.33133776101045,1.3963191740504266,19989.999999999996,20184.999999999996,1.0097548774387193,0.0
shared_full_endpoint_pipeline,True,local_route;communication_qubit;interconnect_port;reset_engine,4,full_endpoint_pipeline_contention,layered_bursty,3,79.69199003772725,48,28,0.5833333333333334,162.8139966792423,105.0,523.6919900377271,555.0,7815.07184060363,0.0,162.8139966792423,36,317.5,443.33133776101045,1.3963191740504266,19989.999999999996,20184.999999999996,1.0097548774387193,0.0
separate_modules_control,False,none,0,no_cross_tenant_endpoint_contention,layered_bursty,4,159.4364282671265,48,0,0.0,0.0,0.0,0.0,0.0,0.0,0.0,0.0,36,317.5,317.5,1.0,19990.0,19990.0,1.0,0.0
shared_module_fully_independent,True,none,0,module_colocation_without_pipeline_sharing,layered_bursty,4,159.4364282671265,48,0,0.0,0.0,0.0,0.0,0.0,0.0,0.0,0.0,36,317.5,317.5,1.0,19990.0,19990.0,1.0,0.0
shared_local_route_only,True,local_route,1,local_route_wait,layered_bursty,4,159.4364282671265,48,9,0.1875,22.62614578895598,0.0,139.18642826712673,225.0,1086.054997869887,0.0,22.62614578895598,36,317.5,322.0696826073052,1.0143927011253706,19990.0,20010.563571732873,1.0010286929331103,0.0
shared_communication_qubit_only,True,communication_qubit,1,communication_qubit_reuse_wait,layered_bursty,4,159.4364282671265,48,26,0.5416666666666666,126.0284225556514,94.71821413356338,360.0,360.0,6049.364282671268,0.0,126.0284225556514,36,317.5,485.3757144885823,1.5287424078380545,19990.0,20370.563571732873,1.0190376974353614,0.0
shared_interconnect_port_only,True,interconnect_port,1,interconnect_port_wait,layered_bursty,4,159.4364282671265,48,6,0.125,4.92955353339084,0.0,49.186428267126736,69.43642826712676,236.61856960276032,0.0,4.92955353339084,36,317.5,361.94845253310336,1.1399951260885146,19990.0,20115.563571732873,1.0062813192462667,0.0
shared_reset_engine_only,True,reset_engine,1,late_reset_recovery_wait,layered_bursty,4,159.4364282671265,48,1,0.020833333333333332,0.09242558889847412,0.0,0.0,4.436428267126757,4.436428267126757,0.0,0.09242558889847412,36,317.5,329.7868453479821,1.0386987255054554,19990.0,20050.563571732873,1.0030296934333602,0.0
shared_endpoint_without_reset,True,local_route;communication_qubit;interconnect_port,3,active_endpoint_contention,layered_bursty,4,159.4364282671265,48,26,0.5416666666666666,146.34092255565142,94.71821413356338,483.43642826712664,555.0,7024.364282671268,0.0,146.34092255565142,36,317.5,458.29238115524885,1.443440570567713,19990.0,20175.563571732873,1.009282819996642,0.0
shared_full_endpoint_pipeline,True,local_route;communication_qubit;interconnect_port;reset_engine,4,full_endpoint_pipeline_contention,layered_bursty,4,159.4364282671265,48,26,0.5416666666666666,146.34092255565142,94.71821413356338,483.43642826712664,555.0,7024.364282671268,0.0,146.34092255565142,36,317.5,458.29238115524885,1.443440570567713,19990.0,20175.563571732873,1.009282819996642,0.0
separate_modules_control,False,none,0,no_cross_tenant_endpoint_contention,layered_bursty,5,235.18597134867764,48,0,0.0,0.0,0.0,0.0,0.0,0.0,0.0,0.0,36,317.5,317.5,1.0,19990.0,19990.0,1.0,0.0
shared_module_fully_independent,True,none,0,module_colocation_without_pipeline_sharing,layered_bursty,5,235.18597134867764,48,0,0.0,0.0,0.0,0.0,0.0,0.0,0.0,0.0,36,317.5,317.5,1.0,19990.0,19990.0,1.0,0.0
shared_local_route_only,True,local_route,1,local_route_wait,layered_bursty,5,235.18597134867764,48,10,0.20833333333333334,19.40986962787702,0.0,129.43597134867736,225.0,931.6737421380969,0.0,19.40986962787702,36,317.5,318.0348920723692,1.0016846994405328,19990.0,19990.0,1.0,0.0
shared_communication_qubit_only,True,communication_qubit,1,communication_qubit_reuse_wait,layered_bursty,5,235.18597134867764,48,27,0.5625,126.73253151932327,102.5929856743387,360.0,360.0,6083.161512927517,0.0,126.73253151932327,36,317.5,469.22290162281,1.4778674066860158,19990.0,20294.814028651323,1.0152483255953637,0.0
shared_interconnect_port_only,True,interconnect_port,1,interconnect_port_wait,layered_bursty,5,235.18597134867764,48,9,0.1875,10.034869627877024,0.0,70.18597134867755,85.18597134867764,481.67374213809717,0.0,10.034869627877024,36,317.5,347.97290162281,1.0959776429064882,19990.0,20039.814028651323,1.0024919474062692,0.0
shared_reset_engine_only,True,reset_engine,1,late_reset_recovery_wait,layered_bursty,5,235.18597134867764,48,3,0.0625,0.9491232092923431,0.0,3.3708813766403107,20.18597134867764,45.557914046032465,0.0,0.9491232092923431,36,317.5,321.6408373126837,1.0130420072840431,19990.0,19990.0,1.0,0.0
shared_endpoint_without_reset,True,local_route;communication_qubit;interconnect_port,3,active_endpoint_contention,layered_bursty,5,235.18597134867764,48,27,0.5625,142.98253151932326,102.5929856743387,439.1859713486773,555.0,6863.161512927517,0.0,142.98253151932326,36,317.5,447.5562349561434,1.409625936869743,19990.0,20294.814028651323,1.0152483255953637,0.0
shared_full_endpoint_pipeline,True,local_route;communication_qubit;interconnect_port;reset_engine,4,full_endpoint_pipeline_contention,layered_bursty,5,235.18597134867764,48,27,0.5625,142.98253151932326,102.5929856743387,439.1859713486773,555.0,6863.161512927517,0.0,142.98253151932326,36,317.5,447.5562349561434,1.409625936869743,19990.0,20294.814028651323,1.0152483255953637,0.0
separate_modules_control,False,none,0,no_cross_tenant_endpoint_contention,layered_bursty,6,68.84430762904083,48,0,0.0,0.0,0.0,0.0,0.0,0.0,0.0,0.0,36,317.5,317.5,1.0,19990.0,19990.0,1.0,0.0
shared_module_fully_independent,True,none,0,module_colocation_without_pipeline_sharing,layered_bursty,6,68.84430762904083,48,0,0.0,0.0,0.0,0.0,0.0,0.0,0.0,0.0,36,317.5,317.5,1.0,19990.0,19990.0,1.0,0.0
shared_local_route_only,True,local_route,1,local_route_wait,layered_bursty,6,68.84430762904083,48,13,0.2708333333333333,27.395333316198606,0.0,168.59430762904046,233.8443076290423,1314.9759991775331,0.0,27.395333316198602,36,317.5,317.5,1.0,19990.0,19990.0,1.0,1.1368683772161603e-13
shared_communication_qubit_only,True,communication_qubit,1,communication_qubit_reuse_wait,layered_bursty,6,68.84430762904083,48,28,0.5833333333333334,134.82310254301362,105.0,360.0,360.0,6471.508922064653,0.0,134.82310254301362,36,317.5,480.65252994264847,1.5138662360398376,19990.0,20380.0,1.0195097548774388,0.0
shared_interconnect_port_only,True,interconnect_port,1,interconnect_port_wait,layered_bursty,6,68.84430762904083,48,10,0.20833333333333334,9.65506408938353,0.0,78.59430762904046,98.84430762904049,463.4430762904094,0.0,9.65506408938353,36,317.5,349.6482051545662,1.1012541894632006,19990.0,20020.0,1.0015007503751876,0.0
shared_reset_engine_only,True,reset_engine,1,late_reset_recovery_wait,layered_bursty,6,68.84430762904083,48,3,0.0625,1.1777692268150304,0.0,2.498799958876311,33.844307629040486,56.53292288712146,0.0,1.1777692268150304,36,317.5,321.53892309273965,1.012721017614928,19990.0,19990.0,1.0,0.0
shared_endpoint_without_reset,True,local_route;communication_qubit;interconnect_port,3,active_endpoint_contention,layered_bursty,6,68.84430762904083,48,28,0.5833333333333334,159.19810254301362,105.0,512.844307629041,555.0,7641.508922064653,0.0,159.19810254301362,36,317.5,448.1525299426484,1.4115040313154281,19990.0,20185.0,1.0097548774387193,0.0
shared_full_endpoint_pipeline,True,local_route;communication_qubit;interconnect_port;reset_engine,4,full_endpoint_pipeline_contention,layered_bursty,6,68.84430762904083,48,28,0.5833333333333334,159.19810254301362,105.0,512.844307629041,555.0,7641.508922064653,0.0,159.19810254301362,36,317.5,448.1525299426484,1.4115040313154281,19990.0,20185.0,1.0097548774387193,0.0
separate_modules_control,False,none,0,no_cross_tenant_endpoint_contention,layered_bursty,7,55.69011515937024,48,0,0.0,0.0,0.0,0.0,0.0,0.0,0.0,0.0,36,317.5,317.5,1.0,19990.0,19990.0,1.0,0.0
shared_module_fully_independent,True,none,0,module_colocation_without_pipeline_sharing,layered_bursty,7,55.69011515937024,48,0,0.0,0.0,0.0,0.0,0.0,0.0,0.0,0.0,36,317.5,317.5,1.0,19990.0,19990.0,1.0,0.0
shared_local_route_only,True,local_route,1,local_route_wait,layered_bursty,7,55.69011515937024,48,10,0.20833333333333334,24.28168585989503,0.0,155.44011515937015,225.0,1165.5209212749614,0.0,24.28168585989503,36,317.5,318.4577521868066,1.0030165423206507,19990.0,19990.0,1.0,0.0
shared_communication_qubit_only,True,communication_qubit,1,communication_qubit_reuse_wait,layered_bursty,7,55.69011515937024,48,28,0.5833333333333334,130.43837171979007,102.84505757968509,360.0,360.0,6261.041842549923,0.0,130.43837171979007,36,317.5,486.4988377069466,1.5322798038014065,19990.0,20380.0,1.0195097548774388,0.0
shared_interconnect_port_only,True,interconnect_port,1,interconnect_port_wait,layered_bursty,7,55.69011515937024,48,8,0.16666666666666666,7.09418585989503,0.0,65.44011515937015,85.69011515937018,340.52092127496144,0.0,7.09418585989503,36,317.5,355.3685567302974,1.1192710448198344,19990.0,20024.30988484063,1.0017163524182406,0.0
shared_reset_engine_only,True,reset_engine,1,late_reset_recovery_wait,layered_bursty,7,55.69011515937024,48,2,0.041666666666666664,0.5495881316404242,0.0,0.0,20.69011515937018,26.38023031874036,0.0,0.5495881316404242,36,317.5,324.82747121015746,1.0230786494808108,19990.0,19990.0,1.0,0.0
shared_endpoint_without_reset,True,local_route;communication_qubit;interconnect_port,3,active_endpoint_contention,layered_bursty,7,55.69011515937024,48,28,0.5833333333333334,154.81337171979007,102.84505757968509,499.69011515937007,555.0,7431.041842549923,0.0,154.81337171979007,36,317.5,453.9988377069466,1.429917599076997,19990.0,20185.0,1.0097548774387193,0.0
shared_full_endpoint_pipeline,True,local_route;communication_qubit;interconnect_port;reset_engine,4,full_endpoint_pipeline_contention,layered_bursty,7,55.69011515937024,48,28,0.5833333333333334,154.81337171979007,102.84505757968509,499.69011515937007,555.0,7431.041842549923,0.0,154.81337171979007,36,317.5,453.9988377069466,1.429917599076997,19990.0,20185.0,1.0097548774387193,0.0
separate_modules_control,False,none,0,no_cross_tenant_endpoint_contention,layered_bursty,8,371.19296891943094,48,0,0.0,0.0,0.0,0.0,0.0,0.0,0.0,0.0,36,317.5,317.5,1.0,19990.0,19990.0,1.0,0.0
shared_module_fully_independent,True,none,0,module_colocation_without_pipeline_sharing,layered_bursty,8,371.19296891943094,48,0,0.0,0.0,0.0,0.0,0.0,0.0,0.0,0.0,36,317.5,317.5,1.0,19990.0,19990.0,1.0,0.0
shared_local_route_only,True,local_route,1,local_route_wait,layered_bursty,8,371.19296891943094,48,12,0.25,23.423242229857717,0.0,145.44296891943108,236.19296891943122,1124.3156270331704,0.0,23.423242229857717,36,317.5,317.5,1.0,19990.0,19990.0,1.0,0.0
shared_communication_qubit_only,True,communication_qubit,1,communication_qubit_reuse_wait,layered_bursty,8,371.19296891943094,48,28,0.5833333333333334,128.80555019727464,105.0,358.66753912180076,360.0,6182.666409469182,0.0,128.8055501972746,36,317.5,467.93567702685624,1.4738131559900984,19990.0,20185.0,1.0097548774387193,4.547473508864641e-13
shared_interconnect_port_only,True,interconnect_port,1,interconnect_port_wait,layered_bursty,8,371.19296891943094,48,11,0.22916666666666666,12.252555377369513,0.0,86.19296891943107,101.19296891943077,588.1226581137366,0.0,12.252555377369513,36,317.5,340.74659283017377,1.0732176152131456,19990.0,20005.0,1.0007503751875937,5.684341886080802e-14
shared_reset_engine_only,True,reset_engine,1,late_reset_recovery_wait,layered_bursty,8,371.19296891943094,48,4,0.08333333333333333,2.0785807432858783,0.0,15.942968919431042,36.19296891943077,99.77187567772216,0.0,2.0785807432858783,36,317.5,319.48391925671405,1.0062485645880757,19990.0,19990.0,1.0,0.0
shared_endpoint_without_reset,True,local_route;communication_qubit;interconnect_port,3,active_endpoint_contention,layered_bursty,8,371.19296891943094,48,28,0.5833333333333334,149.11805019727464,105.0,476.1929689194304,555.0,7157.666409469182,0.0,149.1180501972746,36,317.5,440.8523436935229,1.3885113187197573,19990.0,20185.0,1.0097548774387193,4.547473508864641e-13
shared_full_endpoint_pipeline,True,local_route;communication_qubit;interconnect_port;reset_engine,4,full_endpoint_pipeline_contention,layered_bursty,8,371.19296891943094,48,28,0.5833333333333334,149.11805019727464,105.0,476.1929689194304,555.0,7157.666409469182,0.0,149.1180501972746,36,317.5,440.8523436935229,1.3885113187197573,19990.0,20185.0,1.0097548774387193,4.547473508864641e-13
separate_modules_control,False,none,0,no_cross_tenant_endpoint_contention,layered_bursty,9,309.32367840560056,48,0,0.0,0.0,0.0,0.0,0.0,0.0,0.0,0.0,36,317.5,317.5,1.0,19990.0,19990.0,1.0,0.0
shared_module_fully_independent,True,none,0,module_colocation_without_pipeline_sharing,layered_bursty,9,309.32367840560056,48,0,0.0,0.0,0.0,0.0,0.0,0.0,0.0,0.0,36,317.5,317.5,1.0,19990.0,19990.0,1.0,0.0
shared_local_route_only,True,local_route,1,local_route_wait,layered_bursty,9,309.32367840560056,48,13,0.2708333333333333,26.27516290151674,0.0,159.3236784056001,234.32367840560073,1261.2078192728036,0.0,26.27516290151674,36,317.5,317.5,1.0,19990.0,19990.0,1.0,0.0
shared_communication_qubit_only,True,communication_qubit,1,communication_qubit_reuse_wait,layered_bursty,9,309.32367840560056,48,27,0.5625,131.42713610198345,105.0,360.0,360.0,6308.502532895206,0.0,131.42713610198345,36,317.5,461.68947626417764,1.4541400827218194,19990.0,20220.6763215944,1.0115395858726564,0.0
shared_interconnect_port_only,True,interconnect_port,1,interconnect_port_wait,layered_bursty,9,309.32367840560056,48,9,0.1875,9.8731897010501,0.0,79.0736784056007,99.32367840560073,473.91310565040476,0.0,9.8731897010501,36,317.5,344.7074583978221,1.0856927823553453,19990.0,20005.0,1.0007503751875937,0.0
shared_reset_engine_only,True,reset_engine,1,late_reset_recovery_wait,layered_bursty,9,309.32367840560056,48,3,0.0625,1.2077299003500457,0.0,2.8103909636404687,34.32367840560073,57.97103521680219,0.0,1.2077299003500457,36,317.5,320.1127202657333,1.008229040207034,19990.0,19990.0,1.0,0.0
shared_endpoint_without_reset,True,local_route;communication_qubit;interconnect_port,3,active_endpoint_contention,layered_bursty,9,309.32367840560056,48,27,0.5625,151.73963610198345,105.0,453.32367840560056,555.0,7283.502532895206,0.0,151.73963610198345,36,317.5,434.6061429308443,1.3688382454514783,19990.0,20220.6763215944,1.0115395858726564,0.0
shared_full_endpoint_pipeline,True,local_route;communication_qubit;interconnect_port;reset_engine,4,full_endpoint_pipeline_contention,layered_bursty,9,309.32367840560056,48,27,0.5625,151.73963610198345,105.0,453.32367840560056,555.0,7283.502532895206,0.0,151.73963610198345,36,317.5,434.6061429308443,1.3688382454514783,19990.0,20220.6763215944,1.0115395858726564,0.0
separate_modules_control,False,none,0,no_cross_tenant_endpoint_contention,layered_bursty,10,355.46298770773143,48,0,0.0,0.0,0.0,0.0,0.0,0.0,0.0,0.0,36,317.5,317.5,1.0,19990.0,19990.0,1.0,0.0
shared_module_fully_independent,True,none,0,module_colocation_without_pipeline_sharing,layered_bursty,10,355.46298770773143,48,0,0.0,0.0,0.0,0.0,0.0,0.0,0.0,0.0,36,317.5,317.5,1.0,19990.0,19990.0,1.0,0.0
shared_local_route_only,True,local_route,1,local_route_wait,layered_bursty,10,355.46298770773143,48,10,0.20833333333333334,19.774310195199632,0.0,129.71298770773132,225.0,949.1668893695823,0.0,19.774310195199632,36,317.5,318.00411247691875,1.001587755832815,19990.0,19990.0,1.0,0.0
shared_communication_qubit_only,True,communication_qubit,1,communication_qubit_reuse_wait,layered_bursty,10,355.46298770773143,48,28,0.5833333333333334,122.579099300977,100.46298770773137,353.16204569770593,360.0,5883.796766446896,0.0,122.579099300977,36,317.5,473.1790040974229,1.490327571960387,19990.0,20185.0,1.0097548774387193,0.0
shared_interconnect_port_only,True,interconnect_port,1,interconnect_port_wait,layered_bursty,10,355.46298770773143,48,9,0.1875,8.836810195199632,0.0,70.46298770773137,85.46298770773137,424.16688936958235,0.0,8.836810195199634,36,317.5,345.80503221665253,1.0891497077689845,19990.0,20005.0,1.0007503751875937,5.684341886080802e-14
shared_reset_engine_only,True,reset_engine,1,late_reset_recovery_wait,layered_bursty,10,355.46298770773143,48,3,0.0625,0.9664367317332108,0.0,3.550942010025384,20.462987707731372,46.38896312319412,0.0,0.9664367317332108,36,317.5,321.60236281837064,1.0129208277743957,19990.0,19990.0,1.0,0.0
shared_endpoint_without_reset,True,local_route;communication_qubit;interconnect_port,3,active_endpoint_contention,layered_bursty,10,355.46298770773143,48,28,0.5833333333333334,142.891599300977,100.46298770773137,460.4629877077314,555.0,6858.796766446896,0.0,142.891599300977,36,317.5,446.09567076408956,1.4050257346900459,19990.0,20185.0,1.0097548774387193,0.0
shared_full_endpoint_pipeline,True,local_route;communication_qubit;interconnect_port;reset_engine,4,full_endpoint_pipeline_contention,layered_bursty,10,355.46298770773143,48,28,0.5833333333333334,142.891599300977,100.46298770773137,460.4629877077314,555.0,6858.796766446896,0.0,142.891599300977,36,317.5,446.09567076408956,1.4050257346900459,19990.0,20185.0,1.0097548774387193,0.0
separate_modules_control,False,none,0,no_cross_tenant_endpoint_contention,layered_bursty,11,127.98876173475267,48,0,0.0,0.0,0.0,0.0,0.0,0.0,0.0,0.0,36,317.5,317.5,1.0,19990.0,19990.0,1.0,0.0
shared_module_fully_independent,True,none,0,module_colocation_without_pipeline_sharing,layered_bursty,11,127.98876173475267,48,0,0.0,0.0,0.0,0.0,0.0,0.0,0.0,0.0,36,317.5,317.5,1.0,19990.0,19990.0,1.0,0.0
shared_local_route_only,True,local_route,1,local_route_wait,layered_bursty,11,127.98876173475267,48,13,0.2708333333333333,25.601122969828747,0.0,167.73876173475216,232.9887617347522,1228.8539025517798,0.0,25.601122969828747,36,317.5,317.5,1.0,19990.0,19990.0,1.0,0.0
shared_communication_qubit_only,True,communication_qubit,1,communication_qubit_reuse_wait,layered_bursty,11,127.98876173475267,48,28,0.5833333333333334,137.03792057825078,105.0,360.0,360.0,6577.820187756037,0.0,137.03792057825078,36,317.5,474.36610589566567,1.494066475261939,19990.0,20380.0,1.0195097548774388,4.547473508864641e-13
shared_interconnect_port_only,True,interconnect_port,1,interconnect_port_wait,layered_bursty,11,127.98876173475267,48,10,0.20833333333333334,11.976825361406725,0.0,82.98876173475219,97.98876173475219,574.8876173475228,0.0,11.976825361406725,36,317.5,343.3380159438532,1.0813795777759154,19990.0,20020.0,1.0015007503751876,0.0
shared_reset_engine_only,True,reset_engine,1,late_reset_recovery_wait,layered_bursty,11,127.98876173475267,48,4,0.08333333333333333,1.4990634778960252,0.0,12.738761734752167,32.98876173475219,71.95504693900921,0.0,1.4990634778960252,36,317.5,319.8626719812844,1.0074414865552264,19990.0,19990.0,1.0,0.0
shared_endpoint_without_reset,True,local_route;communication_qubit;interconnect_port,3,active_endpoint_contention,layered_bursty,11,127.98876173475267,48,28,0.5833333333333334,157.35042057825078,105.0,511.9887617347521,555.0,7552.820187756037,0.0,157.35042057825078,36,317.5,447.2827725623323,1.4087646379915977,19990.0,20185.0,1.0097548774387193,4.547473508864641e-13
shared_full_endpoint_pipeline,True,local_route;communication_qubit;interconnect_port;reset_engine,4,full_endpoint_pipeline_contention,layered_bursty,11,127.98876173475267,48,28,0.5833333333333334,157.35042057825078,105.0,511.9887617347521,555.0,7552.820187756037,0.0,157.35042057825078,36,317.5,447.2827725623323,1.4087646379915977,19990.0,20185.0,1.0097548774387193,4.547473508864641e-13
