scheduler_policy,queue_depth,trial_count,mean_remote_latency_ns,p95_remote_latency_ns,p99_remote_latency_ns,mean_queue_delay_ns,p95_queue_delay_ns,mean_positive_delay_fraction,mean_negative_speedup_fraction,mean_failure_transition_fraction,mean_observable_change_fraction,mean_signed_attacker_change_ns,mean_absolute_attacker_change_ns,mean_victim_slowdown_ratio_successful_only,victim_success_probability,tenant_success_fairness,tenant_wait_fairness,hub_utilization,link_utilization,communication_qubit_utilization,scheduler_reordering_rate,deadline_miss_fraction,mean_phase_boundary_visibility,mean_preemption_count,mean_epr_expiration_fraction,mean_queue_occupancy,mean_maximum_queue_occupancy,request_rejection_fraction
coherence_deadline,8,60,224.93227755373258,675.8458333333328,960.333833333333,109.46968641267364,562.8324999999994,0.00798611111111111,0.004166666666666667,0.3423611111111111,0.35451388888888885,28.40277777777778,29.09722222222222,,0.0,0.7662927221937327,0.6145940932114676,0.21361577320076067,0.13244712950558254,0.08024149729800671,0.004999608151102891,0.38867681371179946,0.39841126063952154,0.0,0.0,0.37888700285700716,8.0,0.4369946091644205
coherence_deadline,32,615,838.6550296284368,2534.1988617886177,2854.589707317073,724.7384649159567,2420.8179674796743,0.08902439024390243,0.011280487804878048,0.28539972899729,0.3860433604336043,186.45325203252034,189.4008130081301,1.0057899139829822,0.4211382113821138,0.8869584777026059,0.5876498762435457,0.2918787027518983,0.1621720403538798,0.11763312101509396,0.02662454193681124,0.3793874572596176,0.5123978753197519,5.949593495934959,0.004046351724215535,3.487526681557224,24.913821138211382,0.22669954361603184
coherence_deadline,128,60,1158.3462573929864,3710.270833333333,4137.608,1044.2781627299014,3597.521666666666,0.13645833333333332,0.0003472222222222222,0.0,0.13680555555555557,60.75694444444444,60.854166666666664,1.0075026492016146,1.0,1.0,0.594021291898342,0.37651808938118947,0.21259039091479293,0.1416465490429256,0.041958110502028585,0.27965374109076674,0.34913220764284597,0.0,0.0,8.202901333532017,38.833333333333336,0.0
dependency_ready,8,60,225.19139990661105,683.466666666666,1006.9468333333331,109.72880876555213,568.3041666666661,0.007291666666666667,0.003125,0.3423611111111111,0.3527777777777778,16.34722222222222,16.75,,0.0,0.7662927221937327,0.6051547796248161,0.21361577320076067,0.13244712950558254,0.08024149729800671,0.006336486386319536,0.39337164012721415,0.3650779273061882,0.0,0.0,0.38011652524285733,8.0,0.4369946091644205
dependency_ready,32,615,836.901767868931,2897.6452845528447,3470.439284552846,722.9046613957033,2779.401869918698,0.05962059620596206,0.012771002710027101,0.27655826558265584,0.34894986449864496,117.0080623306233,119.2869918699187,1.06554782703877,0.42276422764227645,0.8883284501709678,0.5547867517904025,0.2931647412029492,0.16263318598847412,0.11817122514957752,0.04398012451146092,0.37099363310043104,0.45329862461275466,3.3089430894308944,0.0034239234100543674,3.5164930590784964,24.900813008130083,0.22406073583803776
dependency_ready,128,60,1168.9002681326685,4125.949999999999,4718.6425,1054.8321734695833,4012.549999999999,0.10868055555555554,0.005902777777777777,0.0,0.11458333333333333,12.131944444444445,12.8125,1.0236132968427702,1.0,1.0,0.5351164398974745,0.37651808938118947,0.21259039091479293,0.1416465490429256,0.054827042265779204,0.2777835698062216,0.31904351159670313,0.0,0.0,8.283243205006123,38.86666666666667,0.0
endpoint_aware,8,60,226.1935717699722,711.0633333333328,1046.9266666666665,110.70116197335932,596.371666666666,0.005555555555555555,0.003125,0.3423611111111111,0.35104166666666664,0.07638888888888888,0.5208333333333334,,0.0,0.7698225332106273,0.6405341255596013,0.21412261748933045,0.13292935896542754,0.08105676149370403,0.005749757273681514,0.3935704582419478,0.33567977915804004,0.0,0.0,0.38418172524776206,8.0,0.435759209344115
endpoint_aware,32,615,868.5299718100691,3148.3647154471537,3592.1559349593495,753.4205558512654,3030.521138211381,0.053624661246612464,0.018868563685636854,0.28143631436314365,0.35474254742547423,13.939126016260163,22.017174796747966,1.0516727953415839,0.42276422764227645,0.8851856145384213,0.6217411586006678,0.2919047875497602,0.16198651110265244,0.11769481691967133,0.048648349550880196,0.3699494941314395,0.4403613266837365,11.765853658536585,0.005872912659004276,3.622023796513642,25.01138211382114,0.2282352432245366
endpoint_aware,128,60,1327.1989822424573,4651.870833333333,5146.754166666667,1213.130887579372,4539.570833333333,0.08125,0.00486111111111111,0.0,0.08611111111111111,26.07638888888889,26.67361111111111,1.0463701301202597,1.0,1.0,0.6335530173846226,0.37621292775030263,0.21243515189698983,0.14140241973821607,0.06472795065492917,0.27673565675048123,0.23309111819750117,0.0,0.0,9.616309166837675,40.21666666666667,0.0
first_come_first_served,8,60,225.8999134528514,680.119166666666,945.307333333333,110.59551564425051,566.5191666666661,0.019791666666666666,0.00625,0.2934027777777778,0.3194444444444445,9.17361111111111,10.17361111111111,,0.0,0.7770010694462445,0.652135835753882,0.2188135113096111,0.13443346200445572,0.08182725319031452,0.003082555426768215,0.37823318643195303,0.5092049114331723,0.0,0.0,0.39467869404088013,8.0,0.42318059299191374
first_come_first_served,32,615,920.7272970241618,2551.4210569105685,2843.5658048780488,808.8447744861489,2437.777886178861,0.16209349593495934,0.009044715447154471,0.30284552845528456,0.4739837398373984,279.54862537441164,283.5533001711596,1.0173114137196992,0.408130081300813,0.8739799574341455,0.6861731416896389,0.2851466798255558,0.15819833061619062,0.11466174093941522,0.015016479858273157,0.41735987668102664,0.6581868775733172,0.01788617886178862,0.008214043351610691,3.7985767869868443,25.29430894308943,0.2491834836588584
first_come_first_served,128,60,1568.3165687506673,3786.958333333333,4161.521833333333,1454.248474087582,3674.2399999999993,0.38298611111111114,0.0,0.0,0.38298611111111114,1009.2847222222223,1009.2847222222223,1.0069611601462105,1.0,1.0,0.8167666761625871,0.3757251294852765,0.21218700365066992,0.14101218112619518,0.011570630377884649,0.38628645204416073,0.6665133218324707,0.0,0.0,11.430717600999825,41.833333333333336,0.0
link_aware,8,60,225.83889950958383,696.9891666666662,1010.1461666666663,110.34648971297094,583.2683333333329,0.0045138888888888885,0.003125,0.3423611111111111,0.35,0.04861111111111112,0.40972222222222227,,0.0,0.7698225332106273,0.6165158867279996,0.21412261748933045,0.13292935896542754,0.08105676149370403,0.005817700529307994,0.3908894811834802,0.3190131124913734,0.0,0.0,0.38384402961638725,8.0,0.435759209344115
link_aware,32,615,880.8940141405208,3281.635772357723,3720.644926829268,766.5386073384667,3160.9775609756093,0.0437330623306233,0.016395663956639567,0.2954607046070461,0.35558943089430894,2.763550135501355,8.75250677506775,1.0357115716893308,0.4195121951219512,0.8828734533529412,0.5402999653896753,0.2908544960892482,0.1616990915639935,0.11733498007444766,0.05221717562541801,0.3694337788890935,0.42287824892081693,6.147967479674797,0.006334321665322129,3.656456628657135,24.975609756097562,0.23193390002811845
link_aware,128,60,1343.931248367382,4812.831666666666,5327.270333333333,1229.863153704297,4695.664999999999,0.06909722222222221,0.005902777777777777,0.0,0.075,3.7777777777777777,4.375,1.0418533998380095,1.0,1.0,0.5087259427472212,0.37651808938118947,0.21259039091479293,0.1416465490429256,0.06784765723112138,0.2706454041293937,0.19918162152204705,0.0,0.0,9.818213257182835,40.083333333333336,0.0
longest_waiting_first,8,60,225.02799682134315,678.5791666666662,960.9648333333331,109.53558702473025,565.2958333333329,0.005208333333333333,0.003472222222222222,0.3423611111111111,0.35104166666666664,0.5069444444444444,1.034722222222222,,0.0,0.7698225332106273,0.6195523395943525,0.21412261748933045,0.13292935896542754,0.08105676149370403,0.0041442186229360654,0.38815312090134196,0.39841126063952154,0.0,0.0,0.380202688042783,8.0,0.435759209344115
longest_waiting_first,32,615,843.7622768190827,2543.3468292682924,2852.1828780487804,730.856196371171,2430.195040650406,0.08353658536585366,0.010399728997289973,0.291869918699187,0.38597560975609757,108.53468834688346,112.17669376693767,1.0067484143396457,0.4211382113821138,0.8841399628145827,0.5832185086708878,0.2906781616369008,0.16163955550596643,0.11713079027109558,0.02550500719352,0.38299956689676073,0.4935623830589165,4.946341463414634,0.004641968121018766,3.4922990344216176,24.908943089430895,0.22991153505072134
longest_waiting_first,128,60,1174.2715849433616,3745.6999999999994,4172.553666666667,1060.2034902802764,3632.954166666666,0.12916666666666668,0.0010416666666666667,0.0,0.13020833333333334,51.73611111111111,51.93055555555555,1.010890626797402,1.0,1.0,0.5770892430853496,0.37651808938118947,0.21259039091479293,0.1416465490429256,0.04186444047947887,0.28278609403194316,0.3147166232272615,0.0,0.0,8.341687577352872,39.233333333333334,0.0
priority_scheduling,8,60,225.02799682134315,678.5791666666662,960.9648333333331,109.53558702473025,565.2958333333329,0.005208333333333333,0.003472222222222222,0.3423611111111111,0.35104166666666664,0.5069444444444444,1.034722222222222,,0.0,0.7698225332106273,0.6195523395943525,0.21412261748933045,0.13292935896542754,0.08105676149370403,0.0041442186229360654,0.38815312090134196,0.39841126063952154,0.0,0.0,0.380202688042783,8.0,0.435759209344115
priority_scheduling,32,615,841.686500903021,2541.8569105691054,2867.1813333333334,728.6064459065168,2428.232276422764,0.08086043360433603,0.009959349593495936,0.28407859078590786,0.3749661246612466,108.26822493224931,111.4369918699187,1.0076073576253166,0.4211382113821138,0.8865370264173581,0.5803638893586626,0.29173666147173755,0.16210400335175784,0.11755419020503027,0.025543586099494312,0.38085681503884716,0.47903433984379495,4.341463414634147,0.004388848852626066,3.496011364029621,24.917073170731708,0.22712132026907186
priority_scheduling,128,60,1174.2715849433616,3745.6999999999994,4172.553666666667,1060.2034902802764,3632.954166666666,0.12916666666666668,0.0010416666666666667,0.0,0.13020833333333334,51.73611111111111,51.93055555555555,1.010890626797402,1.0,1.0,0.5770892430853496,0.37651808938118947,0.21259039091479293,0.1416465490429256,0.04186444047947887,0.28278609403194316,0.3147166232272615,0.0,0.0,8.341687577352872,39.233333333333334,0.0
randomized_arbitration,8,60,222.6571070398164,689.9699999999993,1022.1199999999995,107.26990323532465,575.5366666666661,0.008333333333333333,0.003125,0.3097222222222222,0.3211805555555555,6.354166666666667,6.715277777777778,,0.0,0.7778471943024884,0.6443212395795896,0.21792475230898506,0.13450317959156696,0.08199913162805103,0.006328820403808286,0.3858315674021319,0.36716126063952154,0.0,0.0,0.38036518601632324,8.0,0.4250898472596586
randomized_arbitration,32,615,866.3704998062706,3015.1934146341455,3501.2400325203253,750.1689362304846,2896.0649593495928,0.07364498644986449,0.0122289972899729,0.2738821138211382,0.3600948509485095,49.75491192411924,53.41277100271002,1.023275941453387,0.4211382113821138,0.8858450185881519,0.6137423656691574,0.2925138761667289,0.162299996342083,0.11792195735594332,0.04205026915066514,0.36973736947860203,0.46053933749837617,13.892682926829268,0.006207354053565473,3.6052075035063407,24.960975609756098,0.22614798953128717
randomized_arbitration,128,60,1281.9575954311342,4495.374999999999,5032.0841666666665,1167.8895007680492,4381.987499999999,0.09756944444444444,0.0045138888888888885,0.0,0.10208333333333333,16.583333333333332,17.01388888888889,1.0282282169100705,1.0,1.0,0.6213178837153538,0.37651808938118947,0.21259039091479293,0.1416465490429256,0.06041858442449861,0.27301262318221525,0.2815053932075209,0.0,0.0,9.287713790408457,39.75,0.0
round_robin_tenants,8,60,225.75209595638054,709.3883333333328,999.5886666666663,110.25968615976765,596.0341666666661,0.005555555555555555,0.004166666666666667,0.3423611111111111,0.35208333333333336,-0.5916666666666667,1.5777777777777777,,0.0,0.7698225332106273,0.6429622471284017,0.21412261748933045,0.13292935896542754,0.08105676149370403,0.005341178651037715,0.3897012834703774,0.35606021394064874,0.0,0.0,0.3829739370307818,8.0,0.435759209344115
round_robin_tenants,32,615,856.0465068528953,2936.18406504065,3336.704910569106,742.0611392209827,2821.861300813008,0.06253387533875339,0.020833333333333332,0.2873644986449864,0.3707994579945799,28.746443089430894,39.242445799458,1.0190648148341181,0.4195121951219512,0.8830301432569643,0.5919103318133221,0.2907024336955816,0.16143678768719122,0.1171615035807488,0.03731284605149579,0.37082486942507936,0.4666855724115476,5.263414634146342,0.006283483221696302,3.558603364926224,24.977235772357723,0.23056042220924447
round_robin_tenants,128,60,1287.6106304437708,4345.6866666666665,4862.245,1173.5425357806857,4233.4783333333335,0.08923611111111111,0.011805555555555554,0.0,0.10104166666666667,9.25,11.666666666666666,1.0375955668737762,1.0,1.0,0.6088731618617212,0.37651808938118947,0.21259039091479293,0.1416465490429256,0.05619951261060955,0.273134118358976,0.32184105907510163,0.0,0.0,9.330339051797791,39.833333333333336,0.0
shortest_operation_first,8,60,225.33419859426067,686.3058333333328,985.345333333333,109.84178879764778,572.3849999999995,0.0045138888888888885,0.003125,0.3423611111111111,0.35,0.28472222222222227,0.6458333333333334,,0.0,0.7698225332106273,0.6052652375502771,0.21412261748933045,0.13292935896542754,0.08105676149370403,0.005088912004358834,0.3896363460095671,0.3484112606395215,0.0,0.0,0.3814492902095805,8.0,0.435759209344115
shortest_operation_first,32,615,865.0985708005102,3052.2678861788613,3425.5553658536583,752.9375445817655,2935.955934959349,0.055284552845528454,0.014532520325203252,0.28895663956639567,0.3591463414634146,26.593258807588075,30.658976964769646,1.0269601982094876,0.4211382113821138,0.8841873517131836,0.5269104325106018,0.2915431254681696,0.16189415971964735,0.1175134617897149,0.04748075749900681,0.3678139092159047,0.4528170962455518,2.8227642276422764,0.005754091912476387,3.586472431129955,24.923577235772356,0.22943568446780438
shortest_operation_first,128,60,1238.8972462117788,4258.798333333333,4762.2945,1124.8291515486937,4141.606666666666,0.08576388888888889,0.005555555555555555,0.0,0.09131944444444444,10.729166666666666,11.381944444444445,1.024933648440067,1.0,1.0,0.4799475094813304,0.37651808938118947,0.21259039091479293,0.1416465490429256,0.059562752453333555,0.26977655023397434,0.22921617389702495,0.0,0.0,8.919035975800114,39.6,0.0
static_circuit_layer,8,60,709.3778675191757,1453.7624999999994,1761.0674999999999,595.8585551898046,1340.779166666666,0.005902777777777777,0.0038194444444444443,0.3753472222222222,0.3850694444444444,0.03472222222222224,0.6875,,0.0,0.6810147947869971,0.5618872450581064,0.1655766588864091,0.09604643633897643,0.061496627107828584,0.021029715902401637,0.5133653663567089,0.42962962962962964,0.0,0.0,0.5696774953693626,8.0,0.559748427672956
static_circuit_layer,32,615,1428.625386879142,4117.174796747967,4603.4648780487805,1316.0861395123138,4003.57162601626,0.08191056910569106,0.01717479674796748,0.3216124661246612,0.42073170731707316,80.25025897615436,89.65138577689605,1.0628908280754956,0.24552845528455283,0.8360303681382908,0.6056745097380384,0.2666497312628229,0.14645315465601375,0.10654521297318625,0.061336463883768046,0.45957227976359794,0.44913002974831,0.9626016260162602,0.016542226958445025,5.184972596181013,27.773983739837398,0.3029329699565246
static_circuit_layer,128,60,1857.8532417424447,6001.320833333332,6605.935833333333,1743.7851470793596,5890.379166666666,0.12048611111111111,0.0,0.0,0.12048611111111111,34.979166666666664,34.979166666666664,1.0470370815174401,1.0,1.0,0.6888741236156984,0.3759284271721349,0.21229042337987317,0.14117481927568193,0.08842457335047443,0.31872228502838085,0.2082435295201253,0.0,0.0,13.98169162648171,47.733333333333334,0.0
weighted_fair_queueing,8,60,225.33781374467873,691.8808333333327,1014.945833333333,109.84540394806582,577.7933333333327,0.00625,0.003125,0.3423611111111111,0.35173611111111114,0.3055555555555556,0.6666666666666666,,0.0,0.7698225332106273,0.6267857024026162,0.21412261748933045,0.13292935896542754,0.08105676149370403,0.005153702293625023,0.39266284490335723,0.3504945939728549,0.0,0.0,0.3817014463763209,8.0,0.435759209344115
weighted_fair_queueing,32,615,848.9514020341346,2878.4203252032517,3310.76443902439,736.6143278638151,2765.7178861788616,0.07002032520325203,0.013008130081300813,0.2842140921409214,0.3673441734417344,32.013245257452574,35.9734756097561,1.0302374860489945,0.42276422764227645,0.8863711769387971,0.589578979856385,0.29169065999365495,0.16205027648789574,0.11766353031055525,0.036697507273405844,0.3685292683518724,0.4612455675747749,2.6,0.004837176243834916,3.544679605470309,24.96260162601626,0.22737006034650575
weighted_fair_queueing,128,60,1213.5012808451827,4100.570833333333,4627.3983333333335,1099.4331861820974,3988.9291666666663,0.11180555555555555,0.00486111111111111,0.0,0.11666666666666667,15.875,16.375,1.0229738347029615,1.0,1.0,0.5970536795616014,0.37651808938118947,0.21259039091479293,0.1416465490429256,0.05229348372035346,0.27416783876307116,0.254203291437334,0.0,0.0,8.659007154685382,39.63333333333333,0.0
